Week,"""RTS,S""",Acetaldehydsyndrom,Achsensymptom,Adeno-assoziierte_Viren,Adenovirusimpfstoff,Adipsie,Adynamie,Aggravation,Agitation_(Medizin),Akantholyse,Akroosteolyse,Akrozyanose,Akute_Bronchitis,Akute_Mittelohrentzündung,Akute_eitrige_Thyreoiditis,Alkalose,Alkoholintoleranz,Allgemeininfektion,Alterssyndrom,Amnioninfektionssyndrom,Anorexie,Anthraximpfstoff,Anthroponose,Anti-NMDA-Rezeptor-Enzephalitis,Anämie,Aortitis,Arjenyattah-Epidemie,Arthritis,Asthenie,Attische_Seuche,Azidose,B-Symptomatik,Bacillus_Calmette-Guérin,Bagatellisierung,Bartholinitis,Bazex-Syndrom,Bendopnoe,Beule,Bilirubinurie,Biologische_Schutzstufe,Biologische_Sicherheitsstufe,Blepharitis,Blockierung_(Manuelle_Medizin),Blutvergiftung,Bradykardie,Bronchitis,Bürstenschädel,CAd3-ZEBOV,Cafeteria-roenbergensis-Virus,Cholangitis,Cholera-Aufstand_in_Königsberg,Choleraepidemie_in_Haiti_ab_2010,Choleraepidemie_von_1892,Choleraimpfstoff,Chorioretinitis,Chronische_Schleimhauteiterung,Chronisches_Schmerzsyndrom,Claudicatio_intermittens,Couperose,Cyprianische_Pest,Cytomegalievirusimpfstoff,DTP-Impfstoff,Dakryozystitis,Dehnungsstreifen,Demineralisation_(Medizin),Dengue-Virus-Impfstoff,Dinodnavirus,Diphtherieepidemie_in_Nome,Diphtherieimpfstoff,Diphtheroid,Dissimulation,Druckpuls,Dyschylie,Dyspnoe,Ebola-Impfstoff,Ebolafieber-Epidemie_2014,Ebolafieber-Epidemie_in_der_Demokratischen_Republik_Kongo_2014,Elektrolytstörung,Emerging_Infectious_Disease,Endokarditis,Endometritis,Englischer_Schweiß,Enzephalitis,Enzootie,Epidemie,Epididymitis,Epiglottitis,Epstein-Barr-Virus-Impfstoff,Erkältung,Erythema,Erythrodiapedese,Exanthem,Exsikkose,FSME-Impfstoff,Facies_leonina,Fatigue,Fieber,Fieber_unklarer_Genese,Fieberdelirium,Fischwirbel,Fleckfieberimpfstoff,Floppy_infant,Furunkel,Gastroenteritis,Gebrechlichkeit,Gelbfieberimpfstoff,Geonose,Gliederschmerz,Glucosurie,Gordon-Syndrom,Grey-Turner-Zeichen,Große_Pest_von_London,HBsAg,HIV-Impfstoff,HPV-Impfstoff,HUS-Epidemie_2011,Haar-Heterochromie,Haffkrankheit,Hakenwurmimpfstoff,Hamman-Zeichen,Harnwegsinfekt,Hepatitis-A-Impfstoff,Hepatitis-B-Impfstoff,Hepatosplenomegalie,Herdenzephalitis,Hexavalenter_Impfstoff,Hexenschuss,Hiatus_leucaemicus,Hordeolum,Horner-Syndrom,Hospitalfieber,Hypalbuminämie,Hyperhydratation,Hyperkaliämie,Hypernatriämie,Hyperorexie,Hypersalivation,Hyperviskositätssyndrom,Hypochromie,Hypokaliämie,Hypokalzämie,Hyponatriämie,Hyposalivation,Hypoxie_(Medizin),Hämatom,Hämatozele,Hämaturie,Hämoglobinurie,Hämolyse,Imbibition,Impfstoff,Induration,Infektion,Infektionskrankheit,Influenzaimpfstoff,Influenzavirus,Initialsymptom,Intelligenzminderung,Intercostalneuralgie,International_Society_of_Chemotherapy,Iridoviridae,Ischämie,Isomorpher_Reizeffekt,Isosthenurie,Italienisches_Fieber,Japanische-Enzephalitis-Impfstoff,Jarisch-Herxheimer-Reaktion,Juckreiz,Kachexie,Kahnbauch,Kalzinose,Kardiomegalie,Kehr-Zeichen,Keratolyse,Ketonurie,Klosneuvirus,Kolpitis,Kompensation_(Medizin),Konjugierter_Impfstoff,Konjunktivitis,Kontaktblutung,Konvergenzexzess,Koordinationsstörungen,Kopfschmerz,Koprophagie,Krampf,Krampfanfall,Krebsimpfstoff,Krepitation,Lackzunge,Lasègue-Zeichen,Lebendimpfstoff,Legionellose-Ausbruch_in_Jülich_2014,Legionellose-Ausbruch_in_Warstein_2013,Leitsymptom,Liebermeister-Regel,Lipomastie,Liste_von_Epidemien_und_Pandemien,Lokalinfektion,Lungenentzündung,Lymphadenitis,Lymphangitis,Lymphopenie,MMR-Impfstoff,Madonnenfinger,Malariaimpfstoff,Marfan-Zeichen,Markerimpfstoff,Marschhämoglobinurie,Masernimpfstoff,Maskengesicht,Mastitis,Megalokornea,Megavirus_chilensis,Meningitis,Metabolische_Alkalose,Metabolische_Azidose,Mikroalbuminurie,Milzbrand-Unfall_in_Swerdlowsk,Mimiviridae,Mimivirus,Mittelmeerkrankheit,Modified-Vaccinia-Ankara-Virus,Mollivirus_sibericum,Mumpsimpfstoff,Muskelhypotonie,Muskelkrampf-Muskelschmerz-und-Faszikulationen-Syndrom,Muskelschmerz,Myalgie,Myoglobinurie,Nachtschweiß,Nageldystrophie,Nagelhypoplasie,Nervosität,Neugeborenensepsis,Nikolski-Phänomen,Nonnensausen,Nykturie,Obdormition,Ohrspeicheldrüsenerkrankung,Organomegalie,Osler-Knötchen,Osmotische_Diurese,Osteomyelitis,Osteosklerose,Oststaaten-Polio-Epidemie_von_1916,Otitis_externa,Otitis_media,Otter-Valley-Polio-Epidemie,Ozaena,Palmarerythem,Panzytopenie,Paraneoplastisches_Syndrom,Parotitis,Pel-Ebstein-Fieber,Peptidimpfstoff,Perifokalödem,Periostitis,Peritonitis,Pertussisimpfstoff,Pestimpfstoff,Photosensibilität_(Dermatologie),Picardsches_Schweißfieber,Plazentitis,Plethora,Pleuraerguss,Pneumococcusimpfstoff,Pneumonie,Pockenepidemie_an_der_Pazifikküste_Nordamerikas_1862,Pockenepidemie_an_der_Pazifikküste_Nordamerikas_ab_1775,Pockenepidemie_in_Australien_1789,Pockenepidemie_in_Boston_1721,Pockenimpfstoff,Polioimpfstoff,Polydipsie,Polyphagie_(Medizin),Polyurie,Portosystemischer_Shunt,Postenzephalitisches_Syndrom,Potato-Spindle-Tuber-Viroid,Prion,Proteinurie,Protothekose,Pruritus_ani,Präödem,Pseudoparese,Pseudopolyp,Pulsdefizit,Pyogen,Pyämie,Rachitischer_Rosenkranz,Rekurrenz_(Medizin),Remune,Retinitis,Rhinitis,Rhinosinusitis,Rieder-Formen,Risus_sardonicus,Roseole,Rotavirusimpfstoff,Rötelnimpfstoff,Rückenschmerzen,Rückenschonhaltung,SARS-assoziiertes_Coronavirus,Saegesser-Zeichen,Satellit_(Biologie),Scheidenausfluss,Schistosomiasisimpfstoff,Schlafstörung,Schmerz,Schmetterlingserythem,Schonhaltung,Schwangerschaftsassoziierte_Osteoporose,Schüttelfrost,Seitenstiche,Sepsis,Septikämie,Sicca-Syndrom,Simulant,Sinusitis,Sipuleucel-T,Spanische_Flagge_(Medizin),Spermatitis,Sphärozytose,Sporotrichose,Stase_(Medizin),Stieda-Pellegrini-Köhler-Schatten,Symptom,Symptomatologie,Syndrom,Säbelscheidentibia,Tachykardie,Talimogen_laherparepvec,Tanganjika-Lachepidemie,Tecemotide,Tetanie,Tetanusimpfstoff,Tollwutimpfstoff,Totimpfstoff,Toxoidimpfstoff,Trachom,Tropenkrankheit,Trypanosomiasisimpfstoff,Tränendrüsenentzündung,Tumoranämie,Tumorkachexie,Typhusepidemie_in_Gelsenkirchen_1901,Typhusepidemie_von_Lebach,Typhusimpfstoff,Ulnardeviation,Untereinheitenimpfstoff,Untergewicht,Unwohlsein_und_Ermüdung,Urethritis,VSV-EBOV,Vaginalstein,Vaginitis,Varicellaimpfstoff,Vasovagale_Synkope,Vergessen,Verspannung,Viren,Viroid,Virophagen,Virusinfektion,Virusoid,Viszeromegalie,Vollmondgesicht,Vulvovaginitis,Wachstumsschmerzen,Wehau-Krankheit,Winterbottom-Zeichen,Zahnschmerzen,Zervizitis,Zikavirus-Epidemie_2015/2016,Zohlen-Zeichen,Zoonose,Zwerchfellhochstand,Zyanose,Ödem,Übelkeit
2009-01,0.0,0.0,0.0,143.0,0.0,286.0,148.0,,0.0,102.0,0.0,314.0,4920.0,3.0,207.0,344.0,96.0,161.0,85.0,135.0,1151.0,0.0,23.0,0.0,10.0,,0.0,,215.0,102.0,804.0,229.0,,16.0,,0.0,0.0,,0.0,272.0,122.0,,0.0,298.0,871.0,,0.0,,0.0,,0.0,0.0,102.0,0.0,,61.0,50.0,,295.0,1.0,0.0,404.0,71.0,510.0,0.0,0.0,,143.0,0.0,,128.0,48.0,1.0,,0.0,0.0,0.0,0.0,0.0,1018.0,,0.0,1726.0,189.0,,,,0.0,3.0,,0.0,,964.0,0.0,110.0,,,0.0,1.0,29.0,0.0,,2838.0,,1.0,0.0,67.0,82.0,54.0,66.0,175.0,0.0,,87.0,397.0,0.0,245.0,0.0,0.0,0.0,994.0,0.0,2.0,91.0,200.0,131.0,1392.0,0.0,1055.0,568.0,0.0,1.0,8.0,1.0,0.0,4.0,,0.0,76.0,4.0,2.0,3.0,,0.0,,0.0,1.0,0.0,5.0,,299.0,,1297.0,1361.0,0.0,,80.0,318.0,75.0,0.0,,11.0,230.0,287.0,0.0,0.0,199.0,1457.0,517.0,0.0,293.0,134.0,0.0,603.0,107.0,,648.0,0.0,0.0,1215.0,285.0,2.0,2.0,1348.0,648.0,,177.0,0.0,145.0,415.0,2.0,123.0,0.0,0.0,191.0,0.0,232.0,0.0,229.0,8.0,,,99.0,305.0,184.0,0.0,0.0,0.0,0.0,0.0,45.0,,0.0,,,312.0,396.0,188.0,0.0,,,3.0,0.0,,0.0,138.0,0.0,55.0,989.0,27.0,0.0,3.0,0.0,2.0,0.0,0.0,85.0,241.0,,3.0,0.0,0.0,66.0,,614.0,0.0,,,0.0,,194.0,157.0,352.0,,1.0,0.0,0.0,,,0.0,1.0,0.0,0.0,251.0,,775.0,0.0,911.0,1.0,1.0,0.0,0.0,0.0,71.0,401.0,0.0,786.0,126.0,0.0,0.0,,375.0,0.0,,0.0,64.0,,131.0,62.0,0.0,46.0,0.0,,,,,163.0,89.0,0.0,0.0,0.0,3.0,1.0,0.0,127.0,0.0,1.0,0.0,5.0,1637.0,2.0,89.0,0.0,3.0,505.0,,4.0,39.0,111.0,,,0.0,89.0,0.0,137.0,0.0,0.0,,138.0,,0.0,2023.0,0.0,0.0,,300.0,0.0,0.0,35.0,251.0,238.0,221.0,0.0,0.0,0.0,0.0,0.0,0.0,0.0,85.0,0.0,416.0,0.0,,,0.0,,0.0,391.0,593.0,346.0,,,0.0,1122.0,,227.0,374.0,,218.0,0.0,0.0,470.0,2.0,0.0,64.0,,319.0,919.0,0.0,0.0
2009-02,0.0,1.0,0.0,210.0,0.0,130.0,247.0,,0.0,159.0,0.0,434.0,10462.0,5.0,104.0,738.0,123.0,97.0,147.0,180.0,2615.0,0.0,40.0,0.0,23.0,,0.0,,406.0,124.0,2065.0,428.0,,51.0,,0.0,0.0,,0.0,262.0,132.0,,0.0,580.0,2264.0,,0.0,,0.0,,0.0,0.0,173.0,0.0,,186.0,121.0,,757.0,0.0,0.0,240.0,138.0,948.0,0.0,0.0,,172.0,0.0,,170.0,133.0,0.0,,0.0,0.0,0.0,3.0,0.0,2372.0,,0.0,2161.0,344.0,,,,0.0,12.0,,0.0,,2286.0,0.0,232.0,,,0.0,1.0,40.0,0.0,,5410.0,,0.0,0.0,39.0,170.0,120.0,47.0,139.0,0.0,,136.0,977.0,0.0,85.0,0.0,0.0,0.0,1936.0,0.0,0.0,253.0,138.0,117.0,2946.0,0.0,1692.0,1580.0,0.0,3.0,30.0,2.0,0.0,7.0,,0.0,53.0,3.0,2.0,0.0,,0.0,,0.0,2.0,0.0,11.0,,809.0,,3663.0,3640.0,0.0,,70.0,629.0,246.0,0.0,,10.0,146.0,183.0,0.0,0.0,386.0,2842.0,1249.0,0.0,158.0,136.0,0.0,415.0,260.0,,1394.0,0.0,1.0,2555.0,222.0,6.0,1.0,2393.0,1325.0,,458.0,0.0,369.0,497.0,0.0,322.0,0.0,0.0,351.0,0.0,171.0,0.0,153.0,10.0,,,327.0,715.0,141.0,0.0,0.0,0.0,0.0,0.0,61.0,,0.0,,,463.0,950.0,277.0,0.0,,,10.0,0.0,,0.0,323.0,0.0,57.0,1423.0,89.0,0.0,1.0,0.0,6.0,0.0,0.0,123.0,611.0,,0.0,0.0,1.0,119.0,,340.0,0.0,,,0.0,,201.0,493.0,632.0,,1.0,0.0,0.0,,,0.0,0.0,0.0,0.0,112.0,,2190.0,0.0,2111.0,0.0,0.0,0.0,0.0,0.0,92.0,762.0,0.0,1033.0,138.0,0.0,0.0,,923.0,0.0,,0.0,67.0,,238.0,133.0,0.0,96.0,0.0,,,,,75.0,217.0,0.0,0.0,0.0,6.0,1.0,0.0,95.0,0.0,1.0,0.0,4.0,3882.0,0.0,91.0,0.0,5.0,809.0,,2.0,86.0,273.0,,,0.0,84.0,1.0,117.0,0.0,0.0,,113.0,,0.0,4502.0,0.0,0.0,,633.0,0.0,0.0,130.0,171.0,455.0,413.0,0.0,0.0,2.0,0.0,0.0,0.0,0.0,66.0,0.0,952.0,2.0,,,0.0,,0.0,790.0,984.0,746.0,,,0.0,2663.0,,72.0,467.0,,141.0,0.0,0.0,912.0,0.0,0.0,353.0,,283.0,2193.0,0.0,0.0
2009-03,0.0,0.0,0.0,200.0,0.0,63.0,227.0,380.0,0.0,103.0,1.0,325.0,10117.0,4.0,31.0,891.0,74.0,37.0,110.0,169.0,2998.0,0.0,35.0,0.0,28.0,,0.0,,417.0,56.0,2184.0,501.0,,41.0,,0.0,0.0,,0.0,237.0,187.0,,0.0,541.0,2441.0,,0.0,,0.0,,0.0,0.0,169.0,0.0,,169.0,138.0,,817.0,0.0,0.0,101.0,154.0,958.0,0.0,0.0,,136.0,0.0,,185.0,131.0,0.0,,0.0,0.0,0.0,2.0,0.0,2718.0,,0.0,1972.0,314.0,,,,0.0,8.0,,0.0,,2281.0,0.0,217.0,,,0.0,0.0,49.0,0.0,,5310.0,,0.0,0.0,29.0,156.0,126.0,38.0,76.0,0.0,,79.0,1004.0,0.0,36.0,0.0,0.0,0.0,2005.0,0.0,0.0,270.0,81.0,100.0,2732.0,0.0,1738.0,1681.0,0.0,3.0,45.0,5.0,1.0,6.0,,1.0,31.0,6.0,5.0,2.0,,0.0,,0.0,4.0,2.0,18.0,,996.0,,4249.0,4368.0,0.0,,40.0,667.0,168.0,0.0,,20.0,91.0,160.0,0.0,0.0,442.0,3110.0,1393.0,0.0,121.0,139.0,0.0,231.0,249.0,,1414.0,0.0,0.0,2648.0,164.0,2.0,0.0,3627.0,1321.0,,343.0,0.0,322.0,292.0,1.0,335.0,0.0,0.0,397.0,0.0,122.0,0.0,99.0,11.0,,,417.0,832.0,103.0,0.0,0.0,0.0,0.0,0.0,56.0,,0.0,,,512.0,1153.0,282.0,0.0,,,6.0,0.0,,0.0,356.0,0.0,92.0,1469.0,112.0,0.0,0.0,0.0,8.0,0.0,3.0,162.0,627.0,,0.0,0.0,1.0,102.0,,122.0,0.0,,,0.0,,162.0,575.0,659.0,,0.0,0.0,0.0,,,0.0,1.0,0.0,0.0,67.0,,2133.0,0.0,2233.0,0.0,0.0,0.0,0.0,0.0,92.0,709.0,0.0,966.0,97.0,0.0,15.0,,1025.0,0.0,,0.0,63.0,,330.0,123.0,1.0,102.0,0.0,,,,,14.0,194.0,0.0,0.0,0.0,5.0,0.0,0.0,55.0,0.0,0.0,0.0,5.0,3821.0,0.0,40.0,0.0,6.0,825.0,,3.0,103.0,259.0,,,0.0,27.0,4.0,129.0,0.0,0.0,,105.0,,0.0,4886.0,0.0,0.0,,761.0,0.0,0.0,137.0,143.0,474.0,488.0,0.0,0.0,0.0,1.0,0.0,0.0,0.0,29.0,0.0,1032.0,6.0,,,0.0,,0.0,972.0,1011.0,832.0,,,0.0,3239.0,,12.0,561.0,,112.0,0.0,0.0,1061.0,0.0,0.0,211.0,,227.0,2202.0,0.0,0.0
2009-04,0.0,0.0,0.0,198.0,0.0,45.0,301.0,389.0,0.0,163.0,0.0,325.0,10256.0,10.0,32.0,865.0,102.0,31.0,108.0,190.0,3217.0,0.0,53.0,0.0,16.0,,0.0,,407.0,43.0,2326.0,522.0,,58.0,,0.0,0.0,,0.0,184.0,177.0,,0.0,564.0,2521.0,,0.0,,0.0,,0.0,0.0,173.0,0.0,,189.0,125.0,,755.0,0.0,0.0,109.0,158.0,959.0,0.0,0.0,,197.0,0.0,,244.0,151.0,0.0,,0.0,0.0,0.0,4.0,0.0,2889.0,,0.0,2161.0,316.0,,,,0.0,5.0,,0.0,,2464.0,0.0,247.0,,,0.0,0.0,51.0,0.0,,5305.0,,0.0,0.0,27.0,177.0,147.0,40.0,119.0,0.0,,93.0,995.0,0.0,36.0,0.0,0.0,0.0,2257.0,0.0,0.0,270.0,64.0,117.0,2650.0,0.0,1789.0,1857.0,0.0,3.0,39.0,2.0,1.0,19.0,,1.0,45.0,8.0,5.0,5.0,,0.0,,0.0,2.0,1.0,11.0,,1017.0,,4122.0,4260.0,0.0,,45.0,686.0,186.0,0.0,,14.0,97.0,126.0,0.0,0.0,498.0,3283.0,1397.0,0.0,167.0,138.0,0.0,277.0,226.0,,1474.0,0.0,0.0,2656.0,180.0,3.0,4.0,2837.0,1380.0,,374.0,0.0,463.0,361.0,2.0,353.0,0.0,0.0,357.0,0.0,117.0,0.0,70.0,27.0,,,515.0,853.0,111.0,0.0,0.0,0.0,0.0,0.0,62.0,,1.0,,,629.0,1370.0,298.0,0.0,,,11.0,0.0,,0.0,311.0,0.0,127.0,1566.0,108.0,0.0,1.0,0.0,4.0,0.0,1.0,141.0,699.0,,3.0,0.0,0.0,114.0,,122.0,0.0,,,0.0,,185.0,542.0,798.0,,0.0,0.0,2.0,,,0.0,0.0,0.0,0.0,41.0,,2186.0,0.0,3060.0,1.0,1.0,0.0,0.0,0.0,108.0,699.0,0.0,988.0,73.0,0.0,9.0,,1068.0,0.0,,0.0,67.0,,283.0,115.0,1.0,71.0,0.0,,,,,11.0,250.0,0.0,0.0,0.0,5.0,1.0,0.0,65.0,0.0,0.0,0.0,7.0,3999.0,0.0,58.0,0.0,5.0,920.0,,1.0,99.0,275.0,,,0.0,30.0,4.0,114.0,0.0,0.0,,33.0,,0.0,4882.0,0.0,0.0,,772.0,0.0,0.0,126.0,170.0,444.0,614.0,0.0,3.0,0.0,0.0,0.0,0.0,0.0,42.0,0.0,1109.0,2.0,,,0.0,,0.0,877.0,1033.0,854.0,,,0.0,3555.0,,19.0,538.0,,138.0,0.0,0.0,1074.0,0.0,0.0,390.0,,258.0,2238.0,0.0,0.0
2009-05,0.0,0.0,0.0,233.0,0.0,46.0,262.0,337.0,0.0,193.0,0.0,335.0,8586.0,2.0,37.0,875.0,93.0,27.0,93.0,162.0,3096.0,0.0,58.0,0.0,17.0,,0.0,,410.0,51.0,2242.0,557.0,,63.0,,0.0,0.0,,0.0,252.0,178.0,,0.0,553.0,2456.0,,0.0,,0.0,,0.0,0.0,166.0,0.0,,156.0,174.0,,813.0,0.0,0.0,110.0,171.0,975.0,0.0,0.0,,148.0,0.0,,203.0,137.0,0.0,,0.0,0.0,0.0,1.0,0.0,2979.0,,0.0,2188.0,250.0,,,,0.0,3.0,,0.0,,2589.0,0.0,236.0,,,1.0,0.0,72.0,0.0,,5520.0,,0.0,0.0,20.0,143.0,184.0,49.0,127.0,0.0,,90.0,1020.0,0.0,44.0,0.0,0.0,0.0,2362.0,0.0,0.0,268.0,84.0,110.0,2783.0,0.0,2050.0,1935.0,0.0,0.0,50.0,1.0,0.0,10.0,,0.0,41.0,0.0,2.0,0.0,,0.0,,0.0,3.0,0.0,7.0,,985.0,,4352.0,3873.0,0.0,,47.0,640.0,159.0,0.0,,6.0,107.0,119.0,0.0,0.0,487.0,3148.0,1398.0,0.0,140.0,193.0,0.0,240.0,234.0,,1714.0,0.0,0.0,2804.0,176.0,3.0,2.0,2727.0,1365.0,,327.0,0.0,407.0,335.0,0.0,375.0,0.0,0.0,446.0,0.0,124.0,0.0,78.0,14.0,,,526.0,855.0,117.0,0.0,0.0,0.0,2.0,0.0,59.0,,0.0,,,599.0,1176.0,402.0,0.0,,,13.0,0.0,,0.0,350.0,0.0,99.0,1395.0,109.0,0.0,1.0,0.0,2.0,0.0,1.0,143.0,760.0,,1.0,0.0,1.0,120.0,,149.0,0.0,,,0.0,,206.0,521.0,806.0,,0.0,0.0,1.0,,,0.0,0.0,0.0,0.0,40.0,,2166.0,0.0,2417.0,1.0,1.0,0.0,0.0,0.0,109.0,744.0,0.0,944.0,103.0,0.0,11.0,,1142.0,0.0,,0.0,61.0,,262.0,155.0,2.0,76.0,0.0,,,,0.0,11.0,226.0,0.0,0.0,0.0,5.0,1.0,0.0,59.0,0.0,0.0,0.0,4.0,3877.0,0.0,41.0,0.0,8.0,922.0,,7.0,123.0,288.0,,,0.0,35.0,3.0,135.0,0.0,0.0,,48.0,,2.0,4974.0,0.0,0.0,,717.0,0.0,0.0,160.0,168.0,523.0,555.0,0.0,3.0,1.0,0.0,0.0,0.0,0.0,31.0,0.0,1026.0,4.0,,,0.0,,0.0,948.0,1091.0,767.0,,,0.0,3508.0,,19.0,444.0,,140.0,0.0,0.0,940.0,0.0,0.0,293.0,,226.0,2241.0,0.0,0.0
2009-06,0.0,0.0,0.0,191.0,0.0,64.0,222.0,341.0,0.0,164.0,0.0,433.0,9018.0,1.0,27.0,838.0,120.0,31.0,121.0,245.0,4407.0,0.0,60.0,12.0,16.0,,0.0,,445.0,59.0,2242.0,548.0,,43.0,,0.0,0.0,,0.0,283.0,304.0,,0.0,745.0,2591.0,,0.0,,0.0,,0.0,0.0,183.0,0.0,,176.0,165.0,,870.0,0.0,0.0,114.0,242.0,985.0,0.0,0.0,,134.0,0.0,,174.0,114.0,0.0,,0.0,0.0,0.0,3.0,0.0,2915.0,,0.0,2196.0,281.0,,,,0.0,6.0,,0.0,,2378.0,0.0,206.0,,,0.0,0.0,97.0,0.0,,5389.0,,0.0,0.0,19.0,138.0,168.0,36.0,119.0,0.0,,98.0,1011.0,0.0,36.0,0.0,0.0,0.0,2270.0,0.0,0.0,258.0,90.0,151.0,2734.0,0.0,2106.0,1844.0,0.0,1.0,47.0,9.0,1.0,10.0,,1.0,74.0,4.0,2.0,4.0,,0.0,,0.0,2.0,2.0,4.0,,1073.0,,4522.0,4220.0,0.0,,47.0,720.0,133.0,0.0,,12.0,96.0,157.0,0.0,0.0,483.0,3097.0,1295.0,0.0,101.0,105.0,0.0,262.0,229.0,,1530.0,0.0,0.0,2799.0,204.0,1.0,2.0,2810.0,1285.0,,295.0,0.0,383.0,348.0,3.0,431.0,0.0,0.0,376.0,0.0,115.0,0.0,82.0,9.0,,,438.0,921.0,98.0,0.0,0.0,0.0,0.0,0.0,69.0,,0.0,,,486.0,1106.0,434.0,0.0,,,15.0,0.0,,0.0,357.0,0.0,85.0,1492.0,101.0,0.0,4.0,0.0,9.0,0.0,1.0,145.0,749.0,,1.0,0.0,2.0,87.0,,153.0,0.0,,,0.0,,204.0,456.0,745.0,664.0,0.0,0.0,0.0,,,0.0,0.0,0.0,0.0,38.0,,2166.0,0.0,2475.0,0.0,0.0,0.0,0.0,0.0,101.0,783.0,0.0,1127.0,112.0,0.0,15.0,,1257.0,0.0,,0.0,69.0,,304.0,131.0,0.0,97.0,0.0,,,,0.0,16.0,197.0,1.0,0.0,0.0,6.0,1.0,0.0,69.0,0.0,0.0,0.0,6.0,3852.0,0.0,56.0,0.0,2.0,882.0,,4.0,105.0,275.0,,,0.0,35.0,6.0,101.0,0.0,0.0,,43.0,,0.0,4821.0,0.0,0.0,,718.0,0.0,1.0,146.0,191.0,595.0,483.0,0.0,1.0,0.0,0.0,0.0,0.0,0.0,31.0,0.0,1016.0,1.0,,,0.0,,0.0,917.0,1109.0,779.0,,,0.0,3419.0,,14.0,487.0,,112.0,0.0,0.0,846.0,1.0,0.0,280.0,,231.0,2088.0,0.0,0.0
2009-07,0.0,0.0,0.0,200.0,0.0,35.0,223.0,267.0,0.0,140.0,0.0,401.0,7154.0,1.0,30.0,933.0,95.0,35.0,105.0,117.0,2856.0,0.0,51.0,19.0,14.0,,0.0,,396.0,84.0,2099.0,526.0,,49.0,,0.0,0.0,,0.0,230.0,257.0,,0.0,623.0,2437.0,,0.0,,0.0,,0.0,0.0,213.0,0.0,,124.0,138.0,,981.0,0.0,0.0,119.0,180.0,978.0,0.0,0.0,,123.0,0.0,,202.0,116.0,53.0,,0.0,0.0,0.0,1.0,0.0,2619.0,,0.0,2002.0,463.0,,,,0.0,10.0,,0.0,,2279.0,0.0,220.0,,,0.0,0.0,69.0,0.0,,5274.0,,1.0,0.0,18.0,156.0,172.0,25.0,105.0,0.0,,78.0,1109.0,0.0,49.0,0.0,0.0,0.0,1971.0,0.0,1.0,265.0,82.0,82.0,2852.0,0.0,1863.0,1611.0,0.0,0.0,34.0,5.0,1.0,4.0,,0.0,27.0,1.0,2.0,2.0,,0.0,,0.0,3.0,0.0,8.0,,941.0,,4278.0,4844.0,0.0,,47.0,664.0,130.0,0.0,,6.0,68.0,101.0,0.0,0.0,430.0,2908.0,1260.0,0.0,105.0,140.0,0.0,271.0,302.0,,1467.0,0.0,0.0,2824.0,169.0,3.0,2.0,2758.0,1456.0,,392.0,0.0,292.0,278.0,1.0,525.0,0.0,0.0,403.0,0.0,111.0,0.0,84.0,10.0,,,398.0,903.0,112.0,0.0,0.0,0.0,0.0,0.0,63.0,,0.0,,,449.0,997.0,372.0,0.0,,,7.0,0.0,,0.0,369.0,0.0,87.0,1369.0,108.0,0.0,1.0,0.0,6.0,0.0,1.0,102.0,634.0,,2.0,0.0,1.0,92.0,,136.0,0.0,,,0.0,,175.0,420.0,680.0,521.0,0.0,0.0,0.0,,,0.0,0.0,0.0,0.0,39.0,,2026.0,0.0,2014.0,1.0,0.0,0.0,0.0,0.0,91.0,685.0,0.0,994.0,105.0,0.0,7.0,,1074.0,0.0,,0.0,58.0,,249.0,122.0,1.0,72.0,0.0,,,,0.0,16.0,215.0,0.0,0.0,0.0,2.0,0.0,0.0,85.0,0.0,0.0,0.0,5.0,3915.0,0.0,54.0,0.0,7.0,824.0,,1.0,82.0,280.0,,,0.0,18.0,0.0,121.0,0.0,0.0,,40.0,,1.0,4877.0,0.0,0.0,,676.0,0.0,0.0,154.0,159.0,469.0,746.0,0.0,1.0,0.0,1.0,0.0,0.0,0.0,29.0,0.0,984.0,1.0,,,0.0,,0.0,864.0,1058.0,792.0,,,0.0,2891.0,,17.0,388.0,,100.0,0.0,0.0,975.0,0.0,0.0,253.0,,232.0,1981.0,0.0,0.0
2009-08,0.0,0.0,0.0,189.0,0.0,30.0,197.0,330.0,0.0,82.0,0.0,300.0,6542.0,0.0,29.0,670.0,132.0,31.0,78.0,112.0,3831.0,0.0,30.0,33.0,4.0,,0.0,,352.0,51.0,1940.0,459.0,,39.0,,0.0,0.0,,0.0,197.0,220.0,,0.0,543.0,2297.0,,0.0,,0.0,,0.0,0.0,170.0,0.0,,149.0,174.0,,938.0,0.0,0.0,108.0,147.0,923.0,0.0,0.0,,117.0,0.0,,169.0,103.0,28.0,2387.0,0.0,0.0,0.0,1.0,0.0,2188.0,,0.0,1995.0,295.0,,,,0.0,1.0,,0.0,,2275.0,0.0,198.0,,,0.0,0.0,47.0,0.0,,4922.0,,0.0,0.0,18.0,111.0,129.0,30.0,82.0,0.0,,80.0,1051.0,0.0,36.0,0.0,0.0,0.0,1886.0,0.0,0.0,226.0,72.0,108.0,2763.0,0.0,1744.0,1596.0,0.0,1.0,16.0,1.0,1.0,6.0,,1.0,26.0,2.0,1.0,1.0,,0.0,,0.0,1.0,1.0,2.0,,907.0,,3861.0,3908.0,0.0,,42.0,568.0,149.0,0.0,,1.0,76.0,72.0,0.0,0.0,343.0,2887.0,1336.0,0.0,97.0,123.0,0.0,230.0,222.0,,1477.0,0.0,0.0,2732.0,176.0,5.0,0.0,2741.0,1316.0,,322.0,0.0,339.0,321.0,2.0,282.0,0.0,0.0,371.0,0.0,108.0,0.0,86.0,1.0,,,433.0,958.0,87.0,0.0,1.0,0.0,0.0,0.0,114.0,,0.0,,,377.0,929.0,261.0,0.0,,,4.0,0.0,,0.0,337.0,0.0,57.0,1379.0,72.0,0.0,0.0,0.0,1.0,0.0,1.0,122.0,656.0,,0.0,0.0,1.0,69.0,,142.0,0.0,,,0.0,,192.0,428.0,626.0,476.0,0.0,0.0,0.0,,,0.0,1.0,0.0,0.0,32.0,,1827.0,0.0,1772.0,0.0,0.0,0.0,0.0,0.0,90.0,663.0,0.0,932.0,78.0,0.0,19.0,,1052.0,0.0,4.0,0.0,71.0,,194.0,102.0,1.0,75.0,0.0,,,,0.0,10.0,244.0,0.0,0.0,0.0,1.0,0.0,0.0,82.0,0.0,0.0,0.0,0.0,3644.0,0.0,45.0,0.0,1.0,827.0,,0.0,77.0,225.0,,,0.0,31.0,0.0,122.0,0.0,0.0,,36.0,,0.0,4329.0,0.0,0.0,,642.0,0.0,0.0,111.0,166.0,383.0,585.0,0.0,1.0,0.0,1.0,0.0,0.0,0.0,29.0,0.0,943.0,0.0,,,0.0,,0.0,702.0,1001.0,765.0,,,0.0,2635.0,,18.0,487.0,,81.0,0.0,0.0,967.0,0.0,0.0,193.0,,255.0,1822.0,0.0,0.0
2009-09,0.0,0.0,0.0,184.0,0.0,39.0,221.0,310.0,0.0,99.0,0.0,365.0,4875.0,0.0,27.0,2668.0,111.0,36.0,134.0,99.0,3713.0,0.0,25.0,40.0,0.0,,0.0,,387.0,59.0,2085.0,434.0,,43.0,,0.0,0.0,,0.0,185.0,199.0,,0.0,490.0,2421.0,,0.0,,0.0,,0.0,0.0,134.0,0.0,,173.0,183.0,,1030.0,1.0,0.0,108.0,183.0,1270.0,0.0,0.0,,158.0,0.0,,152.0,126.0,31.0,2422.0,0.0,0.0,0.0,0.0,0.0,2176.0,,0.0,2230.0,353.0,,810.0,,0.0,0.0,,0.0,,2279.0,0.0,268.0,,,0.0,0.0,59.0,0.0,,5183.0,,0.0,0.0,26.0,133.0,133.0,39.0,92.0,0.0,,108.0,987.0,0.0,44.0,0.0,0.0,0.0,1947.0,0.0,0.0,246.0,84.0,123.0,1065.0,0.0,2198.0,1498.0,0.0,0.0,25.0,0.0,0.0,10.0,,0.0,41.0,0.0,0.0,0.0,,0.0,,0.0,0.0,0.0,0.0,,862.0,,3575.0,3799.0,0.0,,50.0,543.0,132.0,0.0,,0.0,72.0,84.0,0.0,0.0,366.0,2882.0,1373.0,0.0,121.0,168.0,1.0,270.0,197.0,,1558.0,0.0,0.0,3142.0,190.0,6.0,0.0,2647.0,1162.0,,309.0,0.0,273.0,293.0,0.0,280.0,0.0,0.0,383.0,0.0,200.0,0.0,82.0,0.0,,,416.0,795.0,120.0,0.0,0.0,0.0,0.0,0.0,168.0,,0.0,,8876.0,534.0,907.0,272.0,0.0,,,7.0,0.0,,0.0,345.0,0.0,74.0,1368.0,75.0,0.0,0.0,0.0,0.0,0.0,0.0,143.0,653.0,,0.0,0.0,0.0,67.0,,109.0,0.0,,,0.0,,296.0,434.0,625.0,463.0,0.0,0.0,0.0,,,0.0,0.0,0.0,0.0,35.0,,2070.0,0.0,1795.0,0.0,0.0,0.0,0.0,0.0,92.0,659.0,0.0,936.0,112.0,0.0,15.0,,936.0,0.0,2.0,0.0,59.0,,246.0,101.0,0.0,78.0,0.0,,,,1.0,21.0,146.0,0.0,0.0,0.0,0.0,0.0,0.0,77.0,0.0,0.0,0.0,0.0,3805.0,0.0,44.0,0.0,0.0,989.0,,0.0,92.0,233.0,,,0.0,27.0,0.0,113.0,0.0,0.0,,47.0,,0.0,4600.0,0.0,0.0,,699.0,0.0,0.0,95.0,164.0,419.0,527.0,0.0,0.0,0.0,1.0,0.0,0.0,0.0,35.0,0.0,940.0,0.0,,,0.0,,0.0,774.0,1176.0,726.0,,,0.0,2558.0,,19.0,411.0,,118.0,0.0,0.0,896.0,0.0,0.0,190.0,,256.0,2070.0,0.0,0.0
2009-10,0.0,0.0,0.0,220.0,0.0,47.0,253.0,357.0,0.0,86.0,0.0,344.0,6084.0,0.0,29.0,1666.0,97.0,60.0,113.0,121.0,2993.0,0.0,34.0,40.0,0.0,,0.0,,402.0,60.0,2185.0,485.0,,34.0,,0.0,0.0,,0.0,323.0,171.0,,0.0,607.0,2560.0,,0.0,,0.0,,0.0,0.0,138.0,0.0,,152.0,185.0,,1117.0,0.0,0.0,124.0,162.0,1343.0,0.0,0.0,,135.0,0.0,,203.0,140.0,23.0,2656.0,0.0,0.0,0.0,0.0,0.0,2356.0,,0.0,2524.0,307.0,,827.0,,0.0,0.0,,0.0,,2521.0,0.0,518.0,,,0.0,1.0,59.0,0.0,,4911.0,,0.0,0.0,18.0,118.0,198.0,39.0,92.0,0.0,,103.0,975.0,0.0,38.0,0.0,0.0,0.0,2041.0,0.0,0.0,275.0,98.0,124.0,846.0,0.0,2333.0,1559.0,0.0,0.0,13.0,0.0,0.0,9.0,,0.0,66.0,0.0,0.0,0.0,,0.0,,0.0,0.0,0.0,0.0,,955.0,,4116.0,4246.0,0.0,,45.0,661.0,154.0,0.0,0.0,0.0,88.0,60.0,0.0,0.0,420.0,3109.0,1368.0,0.0,123.0,143.0,0.0,285.0,212.0,,1630.0,0.0,0.0,4063.0,164.0,3.0,0.0,2825.0,1144.0,,323.0,0.0,320.0,313.0,0.0,502.0,0.0,0.0,398.0,0.0,150.0,0.0,79.0,0.0,,,422.0,1209.0,102.0,0.0,0.0,0.0,0.0,0.0,92.0,,0.0,,19690.0,481.0,1146.0,268.0,0.0,,,12.0,0.0,,0.0,388.0,0.0,99.0,1427.0,87.0,0.0,1.0,0.0,0.0,0.0,0.0,125.0,749.0,,0.0,0.0,0.0,64.0,,121.0,0.0,,,0.0,,336.0,452.0,648.0,440.0,0.0,0.0,0.0,,,0.0,0.0,0.0,0.0,36.0,,1863.0,0.0,1745.0,0.0,0.0,0.0,0.0,0.0,91.0,628.0,0.0,988.0,80.0,0.0,19.0,,920.0,0.0,3.0,0.0,74.0,,245.0,112.0,0.0,63.0,0.0,,,,0.0,11.0,206.0,0.0,0.0,0.0,0.0,0.0,0.0,65.0,0.0,1.0,0.0,0.0,4033.0,1.0,39.0,0.0,0.0,1028.0,,0.0,98.0,262.0,,,0.0,33.0,0.0,108.0,0.0,0.0,,37.0,,0.0,5449.0,0.0,0.0,,701.0,0.0,0.0,147.0,163.0,363.0,605.0,0.0,0.0,0.0,0.0,0.0,0.0,0.0,30.0,0.0,950.0,0.0,,,0.0,,0.0,961.0,1239.0,774.0,,,0.0,3059.0,,10.0,489.0,,217.0,0.0,0.0,1353.0,0.0,0.0,211.0,,280.0,1989.0,0.0,0.0
2009-11,0.0,2.0,0.0,212.0,0.0,55.0,218.0,327.0,0.0,108.0,0.0,313.0,5954.0,0.0,21.0,1155.0,117.0,43.0,94.0,144.0,2915.0,0.0,29.0,35.0,0.0,,0.0,,369.0,60.0,2004.0,439.0,,40.0,,0.0,0.0,,0.0,277.0,161.0,,0.0,578.0,2498.0,,0.0,,0.0,,0.0,0.0,157.0,0.0,,172.0,155.0,,1077.0,0.0,0.0,121.0,149.0,1318.0,0.0,0.0,,112.0,0.0,,205.0,123.0,33.0,2770.0,0.0,0.0,0.0,0.0,0.0,2305.0,,0.0,2400.0,321.0,,835.0,,0.0,0.0,,0.0,,2286.0,0.0,211.0,,,0.0,1.0,42.0,0.0,,5088.0,,0.0,0.0,18.0,134.0,187.0,32.0,102.0,0.0,,83.0,968.0,0.0,57.0,0.0,0.0,0.0,1892.0,0.0,0.0,256.0,79.0,122.0,773.0,0.0,2585.0,1529.0,0.0,0.0,19.0,0.0,0.0,3.0,,0.0,92.0,0.0,0.0,0.0,,0.0,,0.0,0.0,0.0,0.0,,956.0,,3977.0,4352.0,0.0,,41.0,662.0,156.0,0.0,0.0,0.0,89.0,112.0,0.0,0.0,386.0,2907.0,1359.0,0.0,104.0,185.0,0.0,241.0,244.0,,1598.0,0.0,0.0,4945.0,174.0,3.0,0.0,2781.0,1266.0,,322.0,0.0,404.0,309.0,0.0,353.0,0.0,0.0,441.0,0.0,155.0,0.0,61.0,0.0,,,496.0,935.0,110.0,0.0,0.0,0.0,0.0,0.0,83.0,,0.0,,10343.0,424.0,1044.0,371.0,0.0,,,7.0,0.0,,0.0,407.0,0.0,85.0,1480.0,92.0,0.0,1.0,0.0,0.0,0.0,0.0,130.0,725.0,,0.0,0.0,0.0,82.0,,122.0,0.0,,,0.0,,319.0,447.0,686.0,526.0,0.0,0.0,0.0,,,0.0,0.0,0.0,0.0,40.0,,1950.0,0.0,1776.0,0.0,0.0,0.0,0.0,0.0,98.0,633.0,0.0,957.0,95.0,0.0,12.0,,1049.0,0.0,1.0,0.0,72.0,,246.0,108.0,0.0,75.0,0.0,,,,0.0,17.0,196.0,0.0,0.0,0.0,0.0,0.0,0.0,66.0,0.0,0.0,0.0,0.0,3866.0,0.0,57.0,0.0,0.0,1029.0,,0.0,86.0,229.0,,0.0,0.0,20.0,0.0,98.0,0.0,0.0,4005.0,32.0,,0.0,6948.0,0.0,0.0,,653.0,0.0,1.0,95.0,187.0,443.0,612.0,0.0,0.0,0.0,0.0,0.0,0.0,0.0,22.0,0.0,887.0,0.0,,,0.0,,0.0,890.0,1259.0,819.0,,,0.0,2600.0,,16.0,476.0,,218.0,0.0,0.0,1260.0,2.0,0.0,196.0,,238.0,1871.0,0.0,0.0
2009-12,0.0,1.0,0.0,183.0,0.0,61.0,201.0,296.0,0.0,101.0,0.0,342.0,5556.0,0.0,37.0,898.0,104.0,49.0,111.0,141.0,2892.0,0.0,37.0,34.0,0.0,,0.0,,333.0,81.0,2012.0,454.0,,46.0,,0.0,0.0,,0.0,961.0,926.0,,0.0,688.0,2421.0,,0.0,,0.0,,0.0,0.0,199.0,0.0,,156.0,184.0,,1095.0,0.0,0.0,148.0,167.0,1290.0,0.0,0.0,,142.0,0.0,,178.0,92.0,41.0,2427.0,0.0,0.0,0.0,0.0,0.0,2246.0,,0.0,2290.0,299.0,,791.0,,0.0,0.0,828.0,0.0,,2124.0,0.0,243.0,,,0.0,0.0,42.0,0.0,,5179.0,,0.0,0.0,22.0,203.0,169.0,50.0,94.0,0.0,,85.0,1090.0,0.0,48.0,0.0,0.0,0.0,2118.0,0.0,0.0,246.0,85.0,114.0,778.0,0.0,3064.0,1563.0,0.0,0.0,26.0,0.0,0.0,15.0,,0.0,106.0,0.0,0.0,0.0,,0.0,,0.0,0.0,0.0,0.0,,915.0,,4012.0,4024.0,0.0,,42.0,640.0,175.0,0.0,0.0,0.0,99.0,75.0,0.0,0.0,445.0,3058.0,1395.0,0.0,136.0,148.0,0.0,203.0,217.0,,1628.0,0.0,0.0,5930.0,218.0,7.0,0.0,2967.0,1261.0,,361.0,0.0,350.0,315.0,0.0,309.0,0.0,0.0,382.0,0.0,160.0,0.0,57.0,0.0,,,437.0,906.0,138.0,0.0,0.0,0.0,0.0,0.0,56.0,,0.0,,13458.0,454.0,1059.0,345.0,0.0,,38.0,16.0,0.0,,0.0,468.0,0.0,65.0,1522.0,88.0,0.0,0.0,0.0,0.0,0.0,0.0,135.0,715.0,,0.0,0.0,0.0,78.0,,104.0,0.0,,,0.0,,242.0,450.0,640.0,561.0,0.0,0.0,0.0,,,0.0,0.0,0.0,0.0,36.0,,1779.0,0.0,1663.0,0.0,0.0,0.0,0.0,0.0,84.0,650.0,0.0,909.0,107.0,0.0,20.0,,941.0,0.0,2.0,0.0,98.0,,234.0,91.0,0.0,65.0,0.0,,,3516.0,0.0,18.0,217.0,1.0,0.0,0.0,0.0,0.0,2.0,74.0,0.0,0.0,0.0,0.0,3774.0,0.0,48.0,0.0,0.0,1159.0,,0.0,85.0,231.0,,0.0,0.0,29.0,0.0,137.0,0.0,0.0,3900.0,31.0,,0.0,5508.0,0.0,0.0,,824.0,0.0,0.0,115.0,176.0,462.0,604.0,0.0,0.0,0.0,2.0,0.0,0.0,0.0,38.0,0.0,1025.0,0.0,,,0.0,,0.0,784.0,1224.0,810.0,,,0.0,2575.0,,36.0,516.0,,213.0,0.0,0.0,1341.0,0.0,0.0,211.0,,219.0,1821.0,0.0,0.0
2009-13,0.0,0.0,0.0,230.0,0.0,53.0,208.0,352.0,0.0,98.0,0.0,383.0,5633.0,0.0,57.0,793.0,124.0,50.0,105.0,160.0,2752.0,0.0,42.0,44.0,0.0,,0.0,,352.0,65.0,2089.0,452.0,,33.0,,0.0,0.0,,0.0,334.0,240.0,,0.0,1095.0,2518.0,,0.0,,0.0,,0.0,0.0,198.0,0.0,,178.0,214.0,,1109.0,0.0,0.0,162.0,211.0,1247.0,0.0,0.0,,149.0,0.0,,190.0,65.0,52.0,2662.0,0.0,0.0,0.0,0.0,0.0,2387.0,,0.0,2396.0,301.0,,882.0,,0.0,0.0,879.0,0.0,,2252.0,0.0,338.0,,,0.0,0.0,49.0,0.0,,5256.0,,0.0,0.0,25.0,393.0,194.0,73.0,144.0,0.0,,108.0,1599.0,0.0,45.0,0.0,0.0,0.0,2108.0,0.0,0.0,297.0,115.0,157.0,784.0,0.0,2597.0,1437.0,0.0,0.0,24.0,0.0,0.0,20.0,,0.0,89.0,0.0,0.0,0.0,,0.0,,0.0,0.0,0.0,0.0,,850.0,,3931.0,3986.0,0.0,,52.0,679.0,189.0,0.0,0.0,0.0,125.0,91.0,0.0,0.0,444.0,3600.0,1438.0,0.0,153.0,162.0,0.0,168.0,258.0,,1804.0,0.0,0.0,5763.0,274.0,17.0,0.0,3212.0,1328.0,,398.0,0.0,329.0,328.0,0.0,352.0,0.0,0.0,442.0,0.0,185.0,0.0,70.0,0.0,,,533.0,976.0,126.0,0.0,0.0,0.0,0.0,0.0,56.0,,0.0,,10881.0,464.0,1103.0,330.0,0.0,,35.0,8.0,0.0,,0.0,393.0,0.0,60.0,1531.0,97.0,0.0,0.0,0.0,0.0,0.0,0.0,199.0,697.0,172.0,0.0,0.0,0.0,97.0,,111.0,0.0,,,0.0,,214.0,434.0,643.0,488.0,0.0,0.0,0.0,,,0.0,0.0,0.0,0.0,45.0,,1918.0,0.0,1718.0,0.0,0.0,0.0,0.0,1.0,105.0,571.0,0.0,1009.0,113.0,0.0,13.0,,987.0,0.0,3.0,0.0,105.0,,257.0,68.0,0.0,108.0,0.0,,,3240.0,0.0,23.0,247.0,12.0,0.0,0.0,0.0,0.0,0.0,82.0,0.0,0.0,0.0,0.0,3959.0,0.0,54.0,0.0,0.0,1051.0,,0.0,115.0,243.0,,0.0,0.0,17.0,0.0,161.0,0.0,0.0,3883.0,30.0,,0.0,5960.0,0.0,0.0,,698.0,0.0,0.0,116.0,196.0,480.0,656.0,0.0,0.0,0.0,0.0,0.0,0.0,0.0,46.0,0.0,1009.0,0.0,,,0.0,,0.0,1025.0,1229.0,720.0,,,0.0,2471.0,,36.0,487.0,,231.0,0.0,0.0,1412.0,1.0,0.0,241.0,,270.0,2002.0,0.0,0.0
2009-14,0.0,0.0,0.0,140.0,0.0,67.0,187.0,302.0,0.0,150.0,0.0,274.0,4405.0,0.0,59.0,587.0,155.0,58.0,94.0,146.0,2366.0,0.0,43.0,46.0,0.0,,0.0,,294.0,69.0,2005.0,387.0,,30.0,,0.0,0.0,,0.0,346.0,240.0,,0.0,1128.0,2010.0,,0.0,,0.0,,0.0,0.0,167.0,0.0,,126.0,202.0,,894.0,0.0,0.0,165.0,176.0,1212.0,0.0,0.0,,85.0,0.0,,164.0,75.0,57.0,2296.0,0.0,0.0,0.0,0.0,0.0,2064.0,,0.0,2077.0,220.0,,818.0,,0.0,0.0,989.0,0.0,,1852.0,0.0,220.0,,,0.0,0.0,56.0,0.0,,4908.0,,1.0,0.0,30.0,264.0,158.0,63.0,152.0,0.0,,108.0,1016.0,0.0,51.0,0.0,0.0,0.0,1852.0,0.0,0.0,261.0,112.0,146.0,775.0,0.0,2880.0,1323.0,0.0,0.0,22.0,0.0,0.0,23.0,,0.0,87.0,0.0,0.0,0.0,,0.0,,0.0,0.0,0.0,0.0,,754.0,,3210.0,3109.0,0.0,,56.0,543.0,736.0,0.0,0.0,0.0,119.0,82.0,0.0,0.0,326.0,2684.0,1265.0,0.0,166.0,140.0,0.0,169.0,239.0,,1566.0,0.0,0.0,5183.0,220.0,22.0,0.0,2588.0,1084.0,,301.0,0.0,282.0,299.0,0.0,286.0,0.0,0.0,339.0,0.0,236.0,0.0,61.0,0.0,,,475.0,743.0,140.0,0.0,0.0,0.0,0.0,0.0,80.0,,0.0,,8228.0,367.0,1592.0,286.0,0.0,,39.0,12.0,0.0,,0.0,333.0,0.0,72.0,1405.0,79.0,0.0,0.0,0.0,0.0,0.0,0.0,184.0,537.0,136.0,0.0,0.0,0.0,92.0,,118.0,0.0,,,0.0,,243.0,394.0,631.0,621.0,0.0,0.0,0.0,,,0.0,0.0,0.0,0.0,55.0,,1557.0,0.0,1447.0,0.0,0.0,0.0,0.0,0.0,117.0,537.0,0.0,768.0,104.0,0.0,21.0,,841.0,1.0,1.0,0.0,100.0,,223.0,101.0,0.0,68.0,0.0,,,2917.0,1.0,49.0,189.0,13.0,0.0,0.0,0.0,0.0,0.0,98.0,0.0,1.0,0.0,0.0,3287.0,0.0,80.0,0.0,0.0,1087.0,,0.0,78.0,208.0,,0.0,0.0,31.0,0.0,160.0,0.0,0.0,3117.0,32.0,,0.0,4781.0,0.0,0.0,,640.0,0.0,0.0,70.0,158.0,418.0,862.0,0.0,0.0,0.0,1.0,0.0,0.0,0.0,49.0,0.0,902.0,0.0,,,0.0,,0.0,761.0,1071.0,664.0,,,0.0,2039.0,,26.0,442.0,,249.0,0.0,0.0,1153.0,1.0,0.0,212.0,,221.0,1615.0,0.0,0.0
2009-15,0.0,0.0,0.0,130.0,0.0,26.0,176.0,236.0,0.0,78.0,0.0,219.0,3708.0,0.0,33.0,593.0,96.0,32.0,60.0,102.0,1922.0,0.0,28.0,40.0,0.0,,0.0,,294.0,47.0,2340.0,383.0,,35.0,,0.0,0.0,,0.0,235.0,129.0,,0.0,967.0,1691.0,,0.0,,0.0,,0.0,0.0,109.0,0.0,95.0,105.0,122.0,,742.0,0.0,0.0,93.0,196.0,1374.0,0.0,0.0,,100.0,0.0,,99.0,35.0,39.0,1826.0,0.0,0.0,0.0,0.0,0.0,1713.0,,0.0,1687.0,217.0,,674.0,,0.0,0.0,787.0,0.0,,1578.0,0.0,281.0,,,0.0,0.0,33.0,0.0,,4339.0,,0.0,0.0,22.0,84.0,104.0,47.0,87.0,0.0,,76.0,699.0,0.0,41.0,0.0,0.0,0.0,1525.0,0.0,0.0,184.0,73.0,75.0,708.0,0.0,2123.0,1114.0,0.0,0.0,15.0,0.0,0.0,18.0,,0.0,71.0,0.0,0.0,0.0,,0.0,,0.0,0.0,0.0,0.0,,650.0,,2475.0,1980.0,0.0,,32.0,496.0,711.0,0.0,1.0,0.0,71.0,64.0,0.0,0.0,315.0,2333.0,1021.0,0.0,99.0,123.0,0.0,144.0,191.0,,1352.0,0.0,0.0,4269.0,184.0,10.0,0.0,2203.0,943.0,,269.0,0.0,213.0,214.0,0.0,224.0,0.0,0.0,267.0,0.0,194.0,0.0,69.0,0.0,,,332.0,621.0,137.0,0.0,0.0,0.0,0.0,0.0,48.0,,0.0,,6078.0,360.0,2275.0,216.0,0.0,,40.0,53.0,0.0,,0.0,309.0,0.0,67.0,1174.0,73.0,0.0,0.0,0.0,0.0,0.0,0.0,137.0,448.0,183.0,0.0,0.0,0.0,64.0,,73.0,0.0,,,0.0,,173.0,346.0,556.0,592.0,0.0,0.0,0.0,,,0.0,0.0,0.0,0.0,29.0,,1308.0,0.0,1152.0,0.0,0.0,0.0,0.0,0.0,73.0,429.0,0.0,638.0,65.0,0.0,18.0,,712.0,0.0,0.0,0.0,51.0,,169.0,65.0,0.0,40.0,0.0,,,2658.0,0.0,25.0,181.0,20.0,0.0,0.0,0.0,0.0,0.0,71.0,0.0,0.0,0.0,0.0,2946.0,0.0,40.0,0.0,0.0,1176.0,,0.0,69.0,164.0,,0.0,0.0,42.0,0.0,107.0,0.0,0.0,2330.0,24.0,,0.0,3939.0,0.0,0.0,,489.0,0.0,0.0,61.0,132.0,324.0,472.0,0.0,0.0,0.0,0.0,0.0,0.0,0.0,25.0,0.0,750.0,0.0,,,0.0,,0.0,871.0,871.0,499.0,,,0.0,1667.0,,13.0,481.0,,133.0,0.0,0.0,942.0,0.0,0.0,223.0,,199.0,1338.0,0.0,0.0
2009-16,0.0,0.0,0.0,153.0,0.0,27.0,173.0,265.0,0.0,100.0,0.0,247.0,4175.0,0.0,36.0,683.0,115.0,40.0,95.0,168.0,2688.0,0.0,48.0,51.0,0.0,,0.0,,298.0,57.0,1801.0,448.0,,35.0,,0.0,0.0,,0.0,316.0,146.0,,0.0,799.0,2057.0,,0.0,,0.0,,0.0,0.0,168.0,0.0,114.0,131.0,138.0,,848.0,0.0,0.0,131.0,211.0,1574.0,0.0,0.0,,198.0,0.0,,136.0,63.0,45.0,2260.0,0.0,0.0,0.0,0.0,0.0,1909.0,,0.0,1995.0,271.0,,771.0,,0.0,0.0,793.0,0.0,,1968.0,0.0,210.0,,,0.0,0.0,30.0,0.0,,4891.0,,1.0,0.0,25.0,101.0,144.0,50.0,130.0,0.0,,207.0,826.0,0.0,42.0,0.0,0.0,0.0,1875.0,0.0,1.0,188.0,88.0,116.0,733.0,0.0,2171.0,1548.0,0.0,0.0,19.0,0.0,0.0,14.0,,0.0,85.0,0.0,0.0,0.0,,0.0,,0.0,0.0,0.0,0.0,,727.0,,3032.0,2700.0,0.0,,48.0,505.0,887.0,0.0,0.0,0.0,78.0,93.0,0.0,0.0,382.0,2581.0,1136.0,0.0,125.0,136.0,0.0,186.0,203.0,,1493.0,0.0,0.0,3851.0,183.0,11.0,0.0,2458.0,1238.0,,330.0,0.0,231.0,239.0,0.0,322.0,0.0,0.0,342.0,0.0,191.0,0.0,86.0,0.0,,,364.0,781.0,102.0,0.0,0.0,0.0,0.0,0.0,47.0,,0.0,,6840.0,420.0,996.0,313.0,0.0,,54.0,11.0,0.0,,0.0,355.0,0.0,94.0,1643.0,73.0,0.0,0.0,0.0,0.0,0.0,0.0,118.0,511.0,154.0,0.0,0.0,0.0,83.0,1496.0,103.0,0.0,,,0.0,,242.0,551.0,609.0,731.0,0.0,0.0,0.0,,,0.0,1.0,0.0,0.0,40.0,,1419.0,0.0,1309.0,0.0,0.0,0.0,0.0,0.0,89.0,501.0,0.0,744.0,94.0,0.0,22.0,,809.0,0.0,1.0,0.0,76.0,,221.0,62.0,0.0,49.0,0.0,,,2776.0,2.0,26.0,186.0,17.0,0.0,0.0,0.0,0.0,0.0,63.0,0.0,0.0,0.0,0.0,3368.0,0.0,46.0,0.0,0.0,1371.0,,0.0,81.0,215.0,,0.0,0.0,33.0,0.0,457.0,0.0,0.0,2906.0,34.0,,0.0,4576.0,0.0,0.0,,542.0,0.0,0.0,93.0,168.0,372.0,506.0,0.0,0.0,0.0,0.0,0.0,0.0,0.0,40.0,0.0,778.0,0.0,,,0.0,,0.0,853.0,950.0,526.0,,,0.0,1828.0,,28.0,543.0,,114.0,0.0,0.0,877.0,2.0,0.0,219.0,,193.0,1693.0,0.0,0.0
2009-17,0.0,0.0,0.0,185.0,0.0,61.0,189.0,310.0,0.0,164.0,0.0,291.0,2764.0,0.0,50.0,660.0,109.0,40.0,97.0,157.0,2996.0,0.0,57.0,51.0,0.0,,0.0,,321.0,66.0,1822.0,392.0,,40.0,,0.0,0.0,,0.0,366.0,580.0,,0.0,738.0,2374.0,,0.0,,0.0,,0.0,0.0,170.0,0.0,181.0,127.0,165.0,,750.0,0.0,0.0,157.0,206.0,1452.0,0.0,0.0,,99.0,0.0,,178.0,81.0,40.0,2362.0,0.0,0.0,0.0,0.0,0.0,2108.0,,0.0,2279.0,359.0,,720.0,,0.0,0.0,975.0,0.0,,2150.0,0.0,682.0,,,0.0,1.0,50.0,0.0,,5394.0,,0.0,0.0,46.0,76.0,200.0,47.0,128.0,0.0,,134.0,934.0,0.0,34.0,0.0,0.0,0.0,1956.0,0.0,0.0,242.0,109.0,148.0,742.0,0.0,2369.0,1350.0,0.0,0.0,25.0,0.0,0.0,16.0,,0.0,97.0,0.0,0.0,0.0,,0.0,,0.0,0.0,0.0,0.0,,865.0,1.0,3712.0,3928.0,0.0,,44.0,597.0,814.0,0.0,0.0,0.0,154.0,87.0,0.0,0.0,409.0,2501.0,1226.0,0.0,150.0,183.0,0.0,153.0,280.0,,1545.0,0.0,0.0,3634.0,177.0,12.0,0.0,2522.0,1338.0,,313.0,0.0,354.0,281.0,0.0,304.0,0.0,0.0,327.0,0.0,155.0,0.0,84.0,0.0,,,478.0,867.0,123.0,0.0,0.0,0.0,0.0,0.0,52.0,,0.0,,8399.0,407.0,996.0,312.0,0.0,,74.0,14.0,0.0,,0.0,370.0,0.0,44.0,1733.0,65.0,0.0,0.0,0.0,0.0,0.0,0.0,145.0,527.0,188.0,0.0,0.0,0.0,118.0,1735.0,149.0,0.0,,470.0,0.0,50.0,223.0,451.0,684.0,699.0,0.0,0.0,0.0,,,0.0,0.0,0.0,0.0,42.0,,1552.0,0.0,1477.0,0.0,0.0,0.0,0.0,0.0,99.0,588.0,0.0,953.0,91.0,0.0,22.0,,940.0,0.0,1.0,0.0,89.0,,216.0,99.0,0.0,50.0,0.0,,,2837.0,0.0,28.0,166.0,13.0,0.0,0.0,0.0,0.0,0.0,73.0,0.0,1.0,0.0,0.0,3570.0,0.0,76.0,0.0,0.0,1340.0,,0.0,80.0,195.0,,0.0,0.0,27.0,0.0,403.0,0.0,0.0,3373.0,33.0,,0.0,4728.0,0.0,0.0,,724.0,0.0,1.0,110.0,158.0,357.0,548.0,0.0,0.0,0.0,0.0,0.0,0.0,0.0,45.0,0.0,1053.0,0.0,,,0.0,,0.0,960.0,1028.0,591.0,,,0.0,2306.0,,24.0,500.0,,151.0,0.0,66.0,931.0,0.0,0.0,186.0,,230.0,2018.0,0.0,0.0
2009-18,0.0,1.0,0.0,184.0,0.0,29.0,193.0,290.0,0.0,88.0,0.0,283.0,3368.0,0.0,45.0,659.0,132.0,40.0,107.0,137.0,2718.0,0.0,39.0,64.0,0.0,,0.0,,312.0,68.0,1774.0,483.0,,44.0,,0.0,0.0,,0.0,904.0,1987.0,,0.0,792.0,2283.0,,0.0,,0.0,,0.0,0.0,242.0,0.0,143.0,125.0,143.0,,702.0,0.0,0.0,119.0,219.0,1194.0,0.0,0.0,,85.0,0.0,,170.0,91.0,33.0,2223.0,0.0,0.0,0.0,0.0,0.0,1873.0,,0.0,2267.0,627.0,,646.0,,0.0,0.0,812.0,0.0,,1918.0,0.0,659.0,,,0.0,0.0,48.0,0.0,,4909.0,,0.0,0.0,21.0,123.0,166.0,54.0,87.0,0.0,,139.0,770.0,0.0,45.0,1.0,0.0,0.0,1964.0,0.0,0.0,231.0,91.0,146.0,773.0,0.0,2022.0,1442.0,0.0,0.0,22.0,0.0,0.0,14.0,,0.0,68.0,0.0,0.0,0.0,,0.0,,0.0,0.0,0.0,0.0,,1460.0,1.0,4013.0,4985.0,0.0,,45.0,502.0,779.0,0.0,0.0,0.0,106.0,88.0,0.0,0.0,406.0,2463.0,1182.0,0.0,130.0,167.0,0.0,131.0,203.0,,1540.0,0.0,0.0,3317.0,164.0,10.0,0.0,2483.0,1240.0,,260.0,0.0,337.0,286.0,0.0,427.0,0.0,0.0,321.0,0.0,174.0,0.0,95.0,0.0,,,508.0,959.0,100.0,0.0,0.0,0.0,0.0,0.0,65.0,,0.0,,9742.0,399.0,908.0,226.0,0.0,,69.0,11.0,0.0,,0.0,409.0,0.0,88.0,1613.0,85.0,0.0,1.0,0.0,0.0,1.0,0.0,142.0,586.0,158.0,0.0,0.0,0.0,77.0,1657.0,108.0,53.0,,475.0,18.0,38.0,176.0,456.0,610.0,772.0,0.0,0.0,0.0,,,0.0,0.0,0.0,0.0,46.0,,1675.0,0.0,1659.0,0.0,0.0,0.0,0.0,0.0,95.0,553.0,0.0,887.0,117.0,0.0,22.0,,800.0,0.0,3.0,0.0,64.0,,217.0,92.0,0.0,64.0,0.0,,,3471.0,0.0,28.0,195.0,11.0,0.0,0.0,0.0,0.0,3.0,68.0,0.0,1.0,0.0,0.0,3445.0,0.0,37.0,0.0,0.0,1445.0,,0.0,84.0,189.0,,0.0,0.0,28.0,0.0,243.0,0.0,0.0,3933.0,21.0,,0.0,4707.0,0.0,0.0,,670.0,0.0,0.0,163.0,176.0,345.0,568.0,0.0,0.0,0.0,0.0,0.0,0.0,0.0,38.0,0.0,959.0,0.0,,,0.0,,0.0,765.0,988.0,636.0,,,0.0,2943.0,,18.0,413.0,,149.0,0.0,79.0,874.0,1.0,0.0,163.0,,244.0,2043.0,0.0,0.0
2009-19,0.0,0.0,0.0,260.0,0.0,29.0,222.0,310.0,0.0,131.0,0.0,294.0,3523.0,0.0,46.0,819.0,108.0,53.0,107.0,169.0,2824.0,0.0,100.0,42.0,0.0,,0.0,,331.0,53.0,2090.0,479.0,,39.0,,0.0,0.0,,0.0,502.0,400.0,,0.0,745.0,2507.0,,0.0,,0.0,,0.0,0.0,293.0,0.0,107.0,156.0,170.0,,814.0,0.0,0.0,144.0,192.0,1252.0,0.0,0.0,,52.0,0.0,,187.0,79.0,35.0,2427.0,0.0,0.0,0.0,0.0,0.0,2106.0,,0.0,2487.0,353.0,,785.0,,0.0,0.0,868.0,0.0,,2140.0,0.0,243.0,,,0.0,0.0,78.0,0.0,,4899.0,,0.0,0.0,21.0,118.0,157.0,48.0,133.0,0.0,,110.0,866.0,0.0,42.0,0.0,0.0,0.0,2104.0,0.0,0.0,267.0,92.0,120.0,725.0,0.0,2397.0,1689.0,0.0,0.0,19.0,0.0,0.0,12.0,,0.0,100.0,0.0,0.0,0.0,,0.0,,0.0,0.0,0.0,0.0,,1076.0,4.0,3880.0,4166.0,0.0,,55.0,534.0,944.0,0.0,0.0,0.0,98.0,104.0,0.0,0.0,431.0,2386.0,1346.0,0.0,146.0,167.0,0.0,166.0,232.0,,1627.0,0.0,0.0,3336.0,178.0,10.0,0.0,2474.0,1190.0,,308.0,0.0,349.0,258.0,0.0,411.0,0.0,0.0,389.0,0.0,156.0,0.0,119.0,0.0,,,503.0,908.0,111.0,0.0,0.0,0.0,0.0,0.0,74.0,,0.0,,9531.0,472.0,986.0,311.0,0.0,0.0,475.0,13.0,0.0,,0.0,369.0,0.0,61.0,1414.0,97.0,0.0,0.0,0.0,0.0,0.0,0.0,118.0,644.0,133.0,0.0,0.0,0.0,85.0,1775.0,134.0,85.0,,414.0,40.0,59.0,184.0,481.0,672.0,701.0,0.0,0.0,0.0,,,0.0,0.0,0.0,0.0,40.0,,1753.0,0.0,1675.0,0.0,0.0,0.0,0.0,0.0,112.0,669.0,0.0,939.0,110.0,0.0,27.0,,934.0,0.0,2.0,0.0,67.0,,230.0,102.0,0.0,51.0,0.0,,,2701.0,0.0,30.0,170.0,19.0,0.0,0.0,0.0,0.0,2.0,73.0,0.0,0.0,0.0,0.0,3824.0,3.0,58.0,0.0,0.0,1529.0,,0.0,85.0,265.0,,0.0,0.0,29.0,0.0,232.0,0.0,0.0,3973.0,19.0,,0.0,4886.0,0.0,0.0,,759.0,0.0,0.0,134.0,204.0,389.0,550.0,0.0,0.0,0.0,3.0,0.0,0.0,0.0,37.0,0.0,913.0,0.0,,,0.0,,0.0,892.0,1182.0,672.0,,,0.0,2865.0,,18.0,505.0,,167.0,0.0,55.0,930.0,0.0,0.0,191.0,,242.0,2080.0,0.0,0.0
2009-20,0.0,0.0,0.0,262.0,0.0,45.0,255.0,308.0,0.0,120.0,0.0,237.0,3798.0,0.0,29.0,804.0,139.0,53.0,107.0,182.0,3720.0,0.0,138.0,37.0,0.0,,0.0,,408.0,36.0,2108.0,575.0,,44.0,,0.0,0.0,,0.0,338.0,178.0,,0.0,735.0,2667.0,,0.0,,0.0,,0.0,0.0,243.0,0.0,134.0,122.0,175.0,,754.0,0.0,0.0,123.0,207.0,1419.0,0.0,0.0,,110.0,0.0,,240.0,103.0,33.0,2689.0,0.0,0.0,0.0,0.0,0.0,2377.0,,0.0,2586.0,271.0,,822.0,,0.0,0.0,1072.0,0.0,,2445.0,0.0,250.0,,,0.0,0.0,34.0,0.0,,5272.0,,2.0,0.0,10.0,121.0,162.0,48.0,142.0,0.0,,99.0,838.0,0.0,30.0,0.0,0.0,0.0,2213.0,0.0,0.0,283.0,69.0,116.0,700.0,0.0,2708.0,1860.0,0.0,0.0,21.0,0.0,0.0,16.0,,0.0,114.0,0.0,0.0,0.0,,0.0,,0.0,0.0,0.0,0.0,,963.0,1.0,3930.0,3982.0,0.0,,30.0,627.0,935.0,0.0,0.0,0.0,115.0,86.0,0.0,0.0,485.0,2818.0,1489.0,0.0,143.0,207.0,0.0,152.0,258.0,,1737.0,0.0,0.0,3612.0,150.0,7.0,0.0,2745.0,1366.0,,310.0,0.0,363.0,298.0,0.0,382.0,0.0,0.0,406.0,0.0,156.0,0.0,106.0,0.0,,,508.0,1068.0,113.0,0.0,0.0,0.0,0.0,0.0,82.0,,0.0,,8136.0,545.0,1176.0,364.0,0.0,0.0,76.0,17.0,0.0,,0.0,378.0,0.0,80.0,1409.0,101.0,0.0,2.0,0.0,0.0,1.0,0.0,127.0,807.0,174.0,0.0,0.0,0.0,102.0,1793.0,122.0,52.0,,585.0,28.0,48.0,247.0,580.0,724.0,696.0,0.0,0.0,0.0,,,0.0,0.0,0.0,0.0,43.0,,1938.0,0.0,1630.0,0.0,0.0,0.0,0.0,0.0,106.0,723.0,0.0,1134.0,117.0,0.0,24.0,,1037.0,0.0,0.0,0.0,57.0,,258.0,95.0,0.0,93.0,0.0,,,2973.0,0.0,14.0,229.0,16.0,0.0,0.0,0.0,0.0,0.0,74.0,0.0,0.0,0.0,0.0,4256.0,0.0,60.0,0.0,0.0,1453.0,,0.0,110.0,310.0,,0.0,0.0,24.0,0.0,149.0,0.0,0.0,3660.0,23.0,,0.0,5608.0,0.0,0.0,,713.0,0.0,0.0,145.0,194.0,483.0,368.0,0.0,0.0,0.0,0.0,0.0,0.0,0.0,26.0,0.0,1009.0,0.0,,,0.0,,0.0,1519.0,1062.0,751.0,,,0.0,2666.0,,15.0,479.0,,163.0,0.0,39.0,1014.0,2.0,0.0,216.0,,228.0,1971.0,0.0,0.0
2009-21,0.0,0.0,0.0,329.0,0.0,36.0,195.0,255.0,0.0,135.0,0.0,195.0,3154.0,0.0,27.0,655.0,97.0,26.0,74.0,118.0,3063.0,0.0,82.0,39.0,0.0,,0.0,,313.0,23.0,1631.0,416.0,,34.0,,0.0,0.0,,0.0,240.0,119.0,,0.0,712.0,2111.0,,0.0,,0.0,,0.0,0.0,196.0,0.0,136.0,103.0,140.0,,584.0,0.0,0.0,94.0,173.0,1573.0,0.0,0.0,,95.0,0.0,,156.0,63.0,27.0,2143.0,0.0,0.0,0.0,0.0,0.0,1913.0,,0.0,2175.0,234.0,,657.0,,0.0,0.0,1005.0,0.0,,1840.0,0.0,204.0,,,0.0,1.0,34.0,0.0,,4509.0,,0.0,0.0,17.0,81.0,132.0,28.0,97.0,0.0,,74.0,649.0,0.0,28.0,0.0,0.0,0.0,1837.0,0.0,0.0,274.0,60.0,99.0,652.0,0.0,2420.0,1376.0,0.0,0.0,21.0,0.0,0.0,9.0,,0.0,65.0,0.0,0.0,0.0,0.0,0.0,,0.0,0.0,0.0,0.0,,911.0,1.0,3125.0,2934.0,0.0,,32.0,408.0,701.0,0.0,0.0,0.0,90.0,75.0,0.0,0.0,455.0,2347.0,1174.0,0.0,131.0,117.0,33.0,125.0,225.0,,1431.0,0.0,1.0,3204.0,151.0,1.0,0.0,2341.0,1266.0,,260.0,0.0,287.0,237.0,0.0,287.0,0.0,0.0,299.0,0.0,166.0,0.0,97.0,0.0,,,403.0,721.0,78.0,0.0,0.0,0.0,0.0,0.0,36.0,,0.0,,6731.0,452.0,897.0,239.0,0.0,0.0,48.0,10.0,0.0,,0.0,409.0,0.0,51.0,1044.0,49.0,0.0,1.0,0.0,0.0,0.0,0.0,107.0,589.0,127.0,0.0,0.0,0.0,85.0,1552.0,103.0,175.0,,392.0,147.0,39.0,194.0,406.0,619.0,597.0,0.0,0.0,0.0,,,0.0,0.0,0.0,0.0,34.0,,1417.0,0.0,1323.0,0.0,0.0,0.0,0.0,0.0,105.0,581.0,0.0,864.0,83.0,0.0,17.0,,781.0,0.0,2.0,0.0,40.0,,201.0,91.0,0.0,72.0,0.0,,,2525.0,0.0,15.0,248.0,11.0,0.0,0.0,0.0,0.0,0.0,67.0,0.0,0.0,0.0,0.0,3518.0,0.0,51.0,0.0,0.0,1235.0,,0.0,57.0,214.0,,0.0,0.0,28.0,0.0,136.0,0.0,0.0,2874.0,23.0,,0.0,7088.0,0.0,0.0,,650.0,0.0,0.0,109.0,150.0,332.0,340.0,0.0,0.0,0.0,0.0,0.0,0.0,0.0,31.0,0.0,813.0,0.0,,,0.0,,0.0,766.0,956.0,588.0,,,0.0,2019.0,,17.0,445.0,,103.0,0.0,38.0,814.0,0.0,0.0,193.0,,223.0,1560.0,0.0,0.0
2009-22,0.0,0.0,0.0,216.0,0.0,50.0,196.0,336.0,0.0,114.0,0.0,226.0,3336.0,0.0,27.0,585.0,91.0,29.0,84.0,145.0,2617.0,0.0,29.0,28.0,0.0,,0.0,,400.0,43.0,1694.0,554.0,,31.0,,0.0,0.0,,0.0,252.0,115.0,,0.0,808.0,2219.0,,0.0,,0.0,,0.0,0.0,171.0,0.0,162.0,112.0,175.0,,654.0,0.0,0.0,111.0,170.0,1524.0,0.0,0.0,,86.0,0.0,,182.0,77.0,28.0,2241.0,0.0,0.0,0.0,0.0,0.0,2144.0,,0.0,2256.0,257.0,,672.0,,0.0,0.0,991.0,0.0,,2053.0,0.0,521.0,197.0,,0.0,1.0,61.0,0.0,,4972.0,,0.0,0.0,23.0,85.0,143.0,42.0,125.0,0.0,,87.0,733.0,0.0,46.0,0.0,0.0,0.0,2184.0,0.0,0.0,250.0,57.0,85.0,759.0,0.0,2592.0,1627.0,0.0,0.0,42.0,0.0,0.0,5.0,,0.0,82.0,0.0,0.0,0.0,0.0,0.0,,0.0,0.0,0.0,0.0,,852.0,1.0,3195.0,3487.0,0.0,,33.0,492.0,795.0,0.0,1.0,0.0,90.0,74.0,0.0,0.0,439.0,2431.0,1481.0,0.0,131.0,170.0,66.0,163.0,222.0,,1673.0,0.0,0.0,3518.0,159.0,2.0,0.0,2532.0,1313.0,,313.0,0.0,298.0,242.0,0.0,296.0,0.0,0.0,326.0,0.0,242.0,0.0,104.0,0.0,,,396.0,877.0,106.0,0.0,0.0,0.0,0.0,0.0,51.0,,0.0,,7336.0,370.0,963.0,312.0,0.0,0.0,28.0,18.0,0.0,,0.0,370.0,0.0,90.0,1250.0,57.0,0.0,0.0,0.0,0.0,0.0,0.0,97.0,669.0,117.0,0.0,0.0,0.0,76.0,1578.0,122.0,64.0,,494.0,30.0,39.0,200.0,450.0,765.0,657.0,0.0,0.0,0.0,,,0.0,0.0,0.0,0.0,26.0,,1675.0,0.0,1761.0,0.0,0.0,0.0,0.0,0.0,79.0,683.0,0.0,877.0,76.0,0.0,14.0,,930.0,0.0,1.0,0.0,53.0,,183.0,74.0,0.0,42.0,0.0,,,2481.0,0.0,6.0,217.0,8.0,0.0,0.0,0.0,0.0,0.0,81.0,0.0,0.0,0.0,0.0,3360.0,0.0,49.0,0.0,0.0,1075.0,,0.0,88.0,208.0,,0.0,0.0,22.0,0.0,159.0,0.0,0.0,3082.0,24.0,,0.0,4387.0,0.0,0.0,,711.0,0.0,0.0,98.0,180.0,330.0,380.0,0.0,0.0,0.0,1.0,0.0,0.0,0.0,41.0,0.0,919.0,0.0,,,0.0,,0.0,807.0,1014.0,683.0,,,0.0,2139.0,,17.0,481.0,,88.0,0.0,33.0,823.0,2.0,0.0,161.0,,201.0,1701.0,0.0,0.0
2009-23,0.0,0.0,0.0,166.0,0.0,37.0,206.0,313.0,0.0,188.0,0.0,249.0,2767.0,0.0,24.0,707.0,104.0,47.0,106.0,144.0,2712.0,0.0,46.0,38.0,0.0,,0.0,,376.0,41.0,1886.0,485.0,,30.0,,0.0,0.0,,0.0,216.0,89.0,,0.0,1041.0,2104.0,,0.0,,0.0,,0.0,0.0,192.0,0.0,136.0,93.0,154.0,,709.0,0.0,0.0,109.0,174.0,1385.0,0.0,0.0,,121.0,0.0,,235.0,91.0,28.0,2228.0,0.0,0.0,0.0,0.0,0.0,2086.0,,0.0,2319.0,319.0,,714.0,,0.0,0.0,937.0,0.0,,1983.0,0.0,210.0,195.0,,0.0,0.0,61.0,0.0,,4855.0,,1.0,0.0,22.0,135.0,166.0,46.0,105.0,0.0,,87.0,889.0,0.0,41.0,1.0,0.0,0.0,2023.0,0.0,0.0,277.0,65.0,97.0,706.0,0.0,2494.0,1562.0,0.0,0.0,26.0,0.0,0.0,10.0,,0.0,80.0,0.0,0.0,0.0,0.0,0.0,,0.0,0.0,0.0,0.0,,951.0,1.0,3205.0,3454.0,0.0,,40.0,494.0,806.0,0.0,0.0,0.0,134.0,70.0,0.0,0.0,514.0,2561.0,1328.0,0.0,118.0,119.0,56.0,174.0,224.0,,1473.0,0.0,0.0,3276.0,193.0,4.0,0.0,2403.0,1245.0,,265.0,0.0,308.0,295.0,0.0,383.0,0.0,0.0,326.0,0.0,177.0,0.0,109.0,0.0,,,408.0,1025.0,123.0,0.0,0.0,0.0,0.0,0.0,89.0,,0.0,,7906.0,426.0,999.0,291.0,0.0,0.0,61.0,6.0,0.0,,0.0,383.0,0.0,67.0,1286.0,109.0,0.0,6.0,0.0,0.0,2.0,0.0,136.0,651.0,127.0,0.0,0.0,0.0,131.0,1721.0,113.0,43.0,,515.0,14.0,59.0,237.0,515.0,697.0,604.0,0.0,0.0,0.0,,,0.0,0.0,0.0,0.0,28.0,,1580.0,0.0,1475.0,0.0,0.0,0.0,0.0,0.0,90.0,607.0,0.0,888.0,93.0,0.0,22.0,,974.0,0.0,0.0,0.0,50.0,,211.0,112.0,0.0,75.0,0.0,,,2565.0,0.0,12.0,252.0,29.0,0.0,0.0,0.0,0.0,0.0,67.0,0.0,1.0,0.0,0.0,3479.0,0.0,62.0,0.0,0.0,1296.0,,0.0,90.0,207.0,,0.0,0.0,38.0,0.0,154.0,0.0,0.0,3124.0,20.0,,0.0,4613.0,0.0,0.0,,824.0,0.0,1.0,118.0,193.0,420.0,384.0,0.0,0.0,0.0,0.0,0.0,0.0,0.0,54.0,0.0,816.0,0.0,,,0.0,,0.0,925.0,1038.0,645.0,,,0.0,2102.0,,22.0,459.0,,117.0,0.0,36.0,956.0,0.0,0.0,166.0,,231.0,1702.0,0.0,0.0
2009-24,0.0,2.0,0.0,172.0,0.0,41.0,241.0,299.0,0.0,160.0,1.0,211.0,2529.0,0.0,32.0,792.0,116.0,27.0,86.0,128.0,2772.0,0.0,31.0,53.0,0.0,,0.0,,358.0,36.0,2041.0,541.0,,35.0,,0.0,0.0,,0.0,297.0,173.0,,0.0,1140.0,2354.0,,0.0,,0.0,,0.0,0.0,156.0,0.0,149.0,110.0,225.0,,761.0,0.0,0.0,112.0,193.0,1557.0,0.0,0.0,,94.0,0.0,,179.0,66.0,30.0,2248.0,0.0,0.0,0.0,0.0,0.0,2096.0,,0.0,2344.0,259.0,,741.0,,0.0,0.0,1009.0,0.0,,2009.0,0.0,231.0,192.0,,0.0,0.0,65.0,0.0,,5229.0,,0.0,0.0,9.0,170.0,165.0,39.0,100.0,0.0,,82.0,859.0,0.0,22.0,0.0,0.0,0.0,2101.0,0.0,1.0,228.0,68.0,99.0,760.0,107.0,2469.0,1597.0,0.0,0.0,29.0,0.0,0.0,10.0,,0.0,68.0,0.0,0.0,0.0,0.0,0.0,,0.0,0.0,0.0,0.0,,994.0,1.0,3361.0,3101.0,0.0,,29.0,431.0,786.0,0.0,0.0,0.0,100.0,101.0,0.0,0.0,557.0,2681.0,1285.0,0.0,135.0,126.0,31.0,156.0,189.0,,1739.0,0.0,0.0,3026.0,164.0,2.0,0.0,2365.0,1166.0,,302.0,0.0,363.0,265.0,0.0,364.0,0.0,0.0,331.0,0.0,149.0,0.0,110.0,0.0,,,340.0,954.0,131.0,0.0,0.0,0.0,0.0,0.0,54.0,,0.0,,8720.0,456.0,1044.0,310.0,0.0,0.0,42.0,10.0,0.0,,0.0,393.0,2.0,67.0,1305.0,74.0,0.0,2.0,0.0,0.0,0.0,0.0,107.0,692.0,149.0,0.0,0.0,0.0,127.0,1810.0,88.0,26.0,,440.0,9.0,82.0,195.0,439.0,702.0,673.0,0.0,0.0,0.0,,,0.0,1.0,0.0,0.0,26.0,,1618.0,0.0,1425.0,0.0,0.0,0.0,0.0,0.0,92.0,672.0,0.0,936.0,102.0,2.0,7.0,,902.0,0.0,2.0,0.0,53.0,,214.0,130.0,0.0,90.0,0.0,,183.0,2386.0,0.0,19.0,256.0,74.0,0.0,0.0,0.0,0.0,0.0,72.0,0.0,0.0,0.0,0.0,3652.0,0.0,58.0,0.0,0.0,1161.0,,0.0,103.0,221.0,,0.0,0.0,20.0,0.0,125.0,0.0,0.0,3525.0,23.0,,0.0,6371.0,0.0,0.0,,811.0,0.0,0.0,141.0,170.0,438.0,388.0,0.0,0.0,0.0,0.0,0.0,0.0,0.0,49.0,0.0,789.0,0.0,,,0.0,,0.0,942.0,1130.0,682.0,,,0.0,2029.0,,27.0,479.0,,158.0,0.0,33.0,985.0,0.0,0.0,154.0,,202.0,1894.0,0.0,0.0
2009-25,0.0,1.0,0.0,215.0,0.0,53.0,267.0,350.0,0.0,138.0,0.0,209.0,2375.0,0.0,19.0,720.0,135.0,41.0,117.0,156.0,2929.0,0.0,32.0,114.0,0.0,,0.0,,419.0,46.0,2116.0,606.0,,36.0,,0.0,0.0,,0.0,288.0,131.0,,0.0,1431.0,2571.0,,0.0,,0.0,,0.0,0.0,162.0,0.0,139.0,115.0,228.0,,722.0,0.0,0.0,127.0,236.0,1700.0,0.0,0.0,,99.0,0.0,,204.0,88.0,44.0,2507.0,0.0,0.0,0.0,0.0,0.0,2431.0,,0.0,2495.0,322.0,,830.0,,0.0,0.0,1084.0,0.0,,2086.0,0.0,554.0,182.0,,0.0,1.0,83.0,0.0,,5212.0,,1.0,0.0,22.0,156.0,187.0,30.0,64.0,0.0,,104.0,915.0,0.0,22.0,0.0,0.0,0.0,2234.0,0.0,0.0,216.0,69.0,116.0,784.0,89.0,2699.0,1879.0,0.0,0.0,22.0,0.0,0.0,8.0,,0.0,115.0,0.0,0.0,0.0,0.0,0.0,,0.0,0.0,0.0,0.0,,1145.0,0.0,3304.0,3127.0,0.0,,50.0,530.0,810.0,0.0,1.0,0.0,113.0,115.0,0.0,0.0,508.0,2783.0,1450.0,0.0,161.0,150.0,42.0,189.0,220.0,,1753.0,0.0,0.0,3263.0,174.0,2.0,0.0,2650.0,1334.0,,321.0,0.0,351.0,303.0,0.0,421.0,0.0,0.0,387.0,0.0,215.0,0.0,97.0,0.0,,,494.0,1006.0,119.0,0.0,0.0,0.0,0.0,0.0,56.0,,0.0,,7548.0,450.0,1103.0,325.0,0.0,0.0,28.0,19.0,0.0,,0.0,552.0,0.0,81.0,1392.0,88.0,0.0,1.0,0.0,0.0,0.0,0.0,116.0,708.0,148.0,0.0,0.0,0.0,121.0,1917.0,146.0,23.0,,408.0,10.0,92.0,239.0,539.0,771.0,745.0,0.0,0.0,0.0,,,0.0,0.0,0.0,0.0,37.0,,1813.0,0.0,1550.0,0.0,0.0,0.0,0.0,0.0,106.0,718.0,0.0,1001.0,86.0,0.0,8.0,,1081.0,0.0,1.0,0.0,75.0,,205.0,95.0,0.0,77.0,0.0,,195.0,2448.0,0.0,4.0,299.0,104.0,0.0,0.0,0.0,0.0,0.0,64.0,0.0,1.0,0.0,0.0,3701.0,0.0,58.0,0.0,0.0,1223.0,,0.0,103.0,244.0,,0.0,0.0,30.0,0.0,118.0,0.0,0.0,3625.0,27.0,,0.0,5173.0,0.0,0.0,,821.0,0.0,0.0,132.0,162.0,528.0,427.0,0.0,0.0,0.0,0.0,0.0,0.0,0.0,50.0,0.0,863.0,0.0,,,0.0,,0.0,1019.0,1198.0,663.0,,,0.0,2181.0,,17.0,472.0,,165.0,0.0,26.0,1152.0,3.0,0.0,220.0,1319.0,251.0,1880.0,0.0,0.0
2009-26,0.0,3.0,0.0,216.0,0.0,40.0,240.0,351.0,0.0,145.0,0.0,243.0,2258.0,0.0,28.0,792.0,122.0,50.0,88.0,178.0,3651.0,0.0,30.0,73.0,0.0,,0.0,,424.0,31.0,2040.0,535.0,,45.0,,0.0,0.0,,0.0,291.0,111.0,,0.0,1396.0,3118.0,,0.0,,0.0,,0.0,0.0,178.0,0.0,146.0,109.0,234.0,,737.0,0.0,0.0,148.0,247.0,1530.0,0.0,0.0,,125.0,0.0,,195.0,55.0,47.0,2374.0,0.0,0.0,0.0,0.0,0.0,2316.0,,0.0,2564.0,259.0,,795.0,,0.0,0.0,1081.0,0.0,,12109.0,0.0,385.0,244.0,,0.0,2.0,46.0,0.0,,5369.0,,0.0,0.0,20.0,84.0,187.0,34.0,112.0,0.0,,75.0,1038.0,0.0,46.0,0.0,0.0,0.0,2222.0,0.0,0.0,242.0,86.0,108.0,767.0,88.0,2738.0,1839.0,0.0,0.0,25.0,0.0,0.0,7.0,,0.0,116.0,0.0,0.0,0.0,0.0,0.0,,0.0,0.0,0.0,0.0,,885.0,0.0,3376.0,2764.0,0.0,,35.0,467.0,863.0,0.0,0.0,0.0,125.0,102.0,0.0,0.0,563.0,2635.0,1578.0,0.0,123.0,126.0,52.0,142.0,220.0,,1819.0,0.0,0.0,2934.0,201.0,4.0,0.0,2603.0,1567.0,,345.0,0.0,347.0,265.0,0.0,388.0,0.0,0.0,364.0,0.0,195.0,0.0,101.0,0.0,,,439.0,1103.0,93.0,0.0,0.0,0.0,0.0,0.0,55.0,,1.0,,7726.0,479.0,1108.0,312.0,0.0,0.0,46.0,22.0,0.0,,0.0,401.0,2.0,72.0,1414.0,97.0,0.0,1.0,0.0,0.0,0.0,0.0,109.0,797.0,132.0,0.0,0.0,0.0,105.0,2002.0,163.0,29.0,,436.0,8.0,77.0,251.0,532.0,713.0,650.0,0.0,0.0,0.0,,,0.0,0.0,0.0,0.0,43.0,,1671.0,0.0,1447.0,0.0,0.0,0.0,0.0,0.0,80.0,788.0,0.0,1061.0,114.0,2.0,24.0,,1051.0,0.0,4.0,0.0,75.0,,297.0,109.0,0.0,75.0,0.0,,304.0,2256.0,0.0,9.0,254.0,86.0,0.0,0.0,0.0,0.0,0.0,53.0,0.0,1.0,0.0,0.0,3453.0,0.0,38.0,0.0,0.0,1172.0,,0.0,99.0,230.0,,0.0,0.0,38.0,0.0,112.0,0.0,0.0,3420.0,31.0,,0.0,6920.0,0.0,0.0,,756.0,0.0,0.0,105.0,175.0,456.0,429.0,0.0,0.0,0.0,0.0,0.0,0.0,0.0,52.0,0.0,809.0,0.0,,,0.0,,0.0,951.0,1137.0,697.0,,,0.0,2010.0,,23.0,498.0,,171.0,0.0,25.0,1081.0,1.0,0.0,226.0,1177.0,281.0,1813.0,0.0,0.0
2009-27,0.0,0.0,0.0,212.0,0.0,50.0,241.0,374.0,0.0,239.0,0.0,216.0,1798.0,0.0,30.0,662.0,121.0,27.0,61.0,130.0,2810.0,0.0,37.0,48.0,0.0,,0.0,,326.0,27.0,1889.0,542.0,,26.0,,0.0,0.0,,0.0,260.0,96.0,843.0,0.0,1830.0,2266.0,,0.0,,0.0,,0.0,0.0,170.0,0.0,171.0,133.0,197.0,,727.0,0.0,0.0,134.0,215.0,1881.0,0.0,0.0,,68.0,0.0,,191.0,92.0,38.0,2056.0,0.0,0.0,0.0,0.0,0.0,2075.0,,0.0,2370.0,169.0,,836.0,,0.0,0.0,1029.0,0.0,,7130.0,0.0,274.0,173.0,,0.0,1.0,54.0,0.0,,4784.0,,1.0,0.0,16.0,79.0,184.0,25.0,96.0,0.0,,92.0,932.0,0.0,42.0,0.0,0.0,0.0,2071.0,0.0,0.0,229.0,87.0,104.0,734.0,102.0,2814.0,1801.0,0.0,0.0,30.0,0.0,0.0,11.0,,0.0,85.0,0.0,0.0,0.0,0.0,0.0,,0.0,0.0,0.0,0.0,,823.0,0.0,2735.0,1896.0,0.0,,34.0,518.0,765.0,0.0,0.0,0.0,147.0,113.0,0.0,0.0,484.0,2501.0,1233.0,0.0,131.0,137.0,35.0,190.0,258.0,,1546.0,0.0,0.0,2797.0,136.0,0.0,0.0,2279.0,1307.0,,274.0,0.0,316.0,251.0,0.0,425.0,0.0,0.0,308.0,0.0,215.0,0.0,97.0,0.0,,,402.0,1065.0,108.0,0.0,0.0,0.0,0.0,0.0,43.0,,0.0,,7368.0,412.0,917.0,294.0,0.0,0.0,52.0,17.0,0.0,,0.0,416.0,0.0,58.0,1278.0,83.0,0.0,0.0,0.0,0.0,0.0,0.0,139.0,550.0,128.0,0.0,0.0,0.0,95.0,1818.0,107.0,27.0,,447.0,14.0,86.0,331.0,470.0,760.0,518.0,0.0,0.0,0.0,,,0.0,0.0,0.0,0.0,34.0,,1617.0,0.0,1346.0,0.0,0.0,0.0,0.0,0.0,131.0,682.0,0.0,889.0,92.0,0.0,14.0,,819.0,0.0,2.0,0.0,55.0,,232.0,117.0,0.0,78.0,0.0,,244.0,1860.0,0.0,8.0,253.0,99.0,0.0,0.0,0.0,0.0,0.0,63.0,0.0,0.0,0.0,0.0,3160.0,0.0,50.0,0.0,0.0,1130.0,,0.0,82.0,253.0,,0.0,0.0,35.0,0.0,122.0,0.0,0.0,2765.0,18.0,,0.0,5164.0,0.0,0.0,,737.0,0.0,0.0,102.0,182.0,480.0,436.0,0.0,0.0,0.0,1.0,0.0,0.0,0.0,63.0,0.0,755.0,0.0,,,0.0,,0.0,902.0,1013.0,612.0,6206.0,,0.0,1755.0,,15.0,436.0,,135.0,0.0,25.0,977.0,0.0,0.0,223.0,1175.0,211.0,1618.0,0.0,0.0
2009-28,0.0,0.0,0.0,217.0,0.0,34.0,285.0,417.0,0.0,187.0,0.0,240.0,2062.0,0.0,27.0,790.0,103.0,25.0,86.0,158.0,3091.0,0.0,43.0,61.0,0.0,,0.0,,472.0,32.0,2051.0,555.0,,41.0,,0.0,0.0,,0.0,311.0,115.0,836.0,0.0,1776.0,2676.0,,0.0,,0.0,,0.0,0.0,122.0,0.0,211.0,124.0,217.0,,704.0,0.0,0.0,145.0,238.0,1639.0,0.0,0.0,,68.0,0.0,,215.0,109.0,123.0,2399.0,0.0,0.0,0.0,0.0,0.0,2381.0,,0.0,2307.0,210.0,,880.0,,0.0,0.0,1051.0,0.0,,8352.0,0.0,284.0,199.0,,0.0,0.0,81.0,0.0,,9736.0,,0.0,0.0,11.0,89.0,175.0,54.0,143.0,0.0,,92.0,1016.0,0.0,42.0,1.0,0.0,0.0,2394.0,0.0,0.0,254.0,99.0,107.0,678.0,107.0,2611.0,2027.0,0.0,0.0,36.0,0.0,0.0,7.0,,0.0,81.0,0.0,0.0,0.0,0.0,0.0,,0.0,0.0,0.0,0.0,,920.0,0.0,2906.0,2159.0,0.0,,44.0,496.0,826.0,0.0,0.0,0.0,184.0,130.0,0.0,0.0,563.0,2930.0,1440.0,0.0,136.0,203.0,34.0,150.0,253.0,,1748.0,0.0,0.0,3267.0,184.0,2.0,0.0,2443.0,1338.0,,347.0,0.0,356.0,365.0,0.0,465.0,0.0,0.0,326.0,0.0,157.0,0.0,91.0,0.0,,,433.0,1203.0,123.0,0.0,0.0,0.0,0.0,0.0,60.0,,0.0,,8340.0,476.0,1089.0,406.0,0.0,0.0,43.0,6.0,0.0,,0.0,415.0,0.0,53.0,1481.0,76.0,0.0,0.0,0.0,0.0,0.0,0.0,162.0,757.0,136.0,0.0,0.0,0.0,71.0,1979.0,113.0,15.0,,517.0,5.0,83.0,287.0,611.0,727.0,619.0,0.0,0.0,0.0,,,0.0,0.0,0.0,0.0,25.0,,1623.0,0.0,1579.0,0.0,0.0,0.0,0.0,0.0,121.0,753.0,0.0,1066.0,160.0,0.0,12.0,,955.0,0.0,0.0,0.0,70.0,,292.0,86.0,0.0,79.0,0.0,,197.0,2334.0,0.0,6.0,280.0,140.0,0.0,0.0,0.0,0.0,0.0,47.0,0.0,1.0,0.0,0.0,3166.0,0.0,35.0,0.0,0.0,1169.0,,0.0,112.0,176.0,,0.0,0.0,38.0,0.0,140.0,0.0,0.0,2911.0,31.0,,0.0,5142.0,0.0,0.0,,776.0,0.0,1.0,128.0,202.0,612.0,298.0,0.0,0.0,0.0,0.0,0.0,0.0,0.0,47.0,0.0,779.0,0.0,,,0.0,,0.0,977.0,1026.0,703.0,5935.0,,0.0,1926.0,,17.0,465.0,,161.0,0.0,35.0,950.0,0.0,0.0,243.0,1276.0,219.0,1907.0,0.0,0.0
2009-29,0.0,1.0,0.0,190.0,0.0,27.0,243.0,391.0,0.0,195.0,0.0,226.0,2085.0,0.0,29.0,650.0,103.0,23.0,92.0,169.0,2585.0,0.0,55.0,40.0,0.0,,0.0,,335.0,32.0,1925.0,429.0,,24.0,,0.0,0.0,441.0,0.0,462.0,183.0,838.0,0.0,1671.0,2350.0,,0.0,,0.0,,0.0,0.0,107.0,0.0,153.0,123.0,206.0,,569.0,0.0,0.0,135.0,233.0,1354.0,0.0,0.0,,96.0,1.0,,191.0,78.0,27.0,2145.0,0.0,0.0,0.0,0.0,0.0,2663.0,,0.0,2294.0,227.0,,909.0,,0.0,0.0,1070.0,0.0,,3455.0,0.0,207.0,200.0,,0.0,1.0,73.0,0.0,,6928.0,,1.0,0.0,34.0,98.0,148.0,54.0,110.0,0.0,,88.0,1240.0,0.0,50.0,0.0,0.0,0.0,2131.0,0.0,0.0,198.0,116.0,85.0,717.0,76.0,2393.0,2180.0,0.0,0.0,24.0,0.0,0.0,5.0,,0.0,79.0,0.0,0.0,0.0,0.0,0.0,,0.0,0.0,0.0,0.0,,1042.0,1.0,2780.0,1915.0,0.0,,29.0,440.0,889.0,0.0,0.0,0.0,186.0,140.0,0.0,0.0,598.0,2648.0,1295.0,0.0,134.0,215.0,58.0,173.0,179.0,,1786.0,0.0,0.0,2916.0,155.0,2.0,0.0,2260.0,1334.0,,332.0,0.0,439.0,287.0,0.0,483.0,0.0,0.0,285.0,0.0,185.0,0.0,82.0,0.0,,,461.0,1048.0,101.0,0.0,0.0,0.0,0.0,0.0,48.0,,0.0,,7887.0,463.0,1015.0,386.0,0.0,0.0,33.0,17.0,0.0,,0.0,453.0,0.0,49.0,1437.0,90.0,0.0,0.0,0.0,0.0,0.0,0.0,143.0,674.0,113.0,0.0,0.0,0.0,95.0,2111.0,89.0,26.0,,490.0,9.0,81.0,240.0,541.0,808.0,583.0,0.0,0.0,0.0,,,0.0,0.0,0.0,0.0,36.0,,1668.0,0.0,1544.0,0.0,0.0,54.0,0.0,1.0,179.0,632.0,0.0,904.0,89.0,0.0,10.0,,970.0,0.0,0.0,0.0,55.0,,202.0,127.0,0.0,72.0,0.0,,173.0,2050.0,0.0,6.0,225.0,138.0,0.0,0.0,0.0,0.0,0.0,65.0,0.0,1.0,0.0,0.0,3033.0,0.0,37.0,0.0,0.0,1167.0,,0.0,129.0,193.0,,0.0,0.0,29.0,0.0,170.0,0.0,0.0,3100.0,17.0,,0.0,4895.0,0.0,0.0,,706.0,0.0,0.0,127.0,218.0,541.0,354.0,0.0,0.0,0.0,0.0,0.0,0.0,0.0,41.0,0.0,717.0,0.0,,,0.0,,0.0,868.0,1011.0,595.0,5748.0,,0.0,2039.0,,11.0,399.0,,167.0,0.0,23.0,868.0,1.0,0.0,327.0,1247.0,209.0,1750.0,0.0,0.0
2009-30,0.0,0.0,0.0,157.0,0.0,87.0,231.0,327.0,0.0,134.0,0.0,232.0,2165.0,0.0,35.0,619.0,91.0,28.0,66.0,204.0,2445.0,0.0,35.0,56.0,0.0,38.0,0.0,,284.0,36.0,1719.0,406.0,,25.0,,0.0,0.0,373.0,0.0,408.0,212.0,754.0,0.0,1647.0,2203.0,,0.0,,0.0,,0.0,0.0,109.0,0.0,152.0,122.0,198.0,,567.0,0.0,0.0,117.0,164.0,1292.0,0.0,0.0,,89.0,0.0,,210.0,74.0,30.0,2156.0,0.0,0.0,0.0,0.0,0.0,2374.0,,0.0,2245.0,266.0,,811.0,,0.0,0.0,1001.0,0.0,,2358.0,0.0,191.0,199.0,,0.0,0.0,61.0,0.0,,6101.0,,1.0,0.0,19.0,117.0,107.0,20.0,92.0,0.0,,98.0,855.0,0.0,40.0,0.0,0.0,0.0,2420.0,0.0,0.0,226.0,86.0,116.0,688.0,106.0,2271.0,1775.0,0.0,0.0,21.0,0.0,0.0,8.0,,0.0,74.0,0.0,0.0,0.0,0.0,0.0,,0.0,0.0,0.0,0.0,,1187.0,1.0,2718.0,1877.0,0.0,,34.0,408.0,764.0,0.0,0.0,0.0,177.0,114.0,0.0,0.0,660.0,3051.0,1290.0,0.0,126.0,136.0,41.0,149.0,193.0,,1666.0,0.0,0.0,2882.0,170.0,3.0,0.0,2282.0,1408.0,,297.0,0.0,362.0,334.0,0.0,432.0,0.0,0.0,270.0,0.0,143.0,0.0,101.0,0.0,,,372.0,1126.0,113.0,0.0,48.0,0.0,0.0,0.0,51.0,,0.0,,7708.0,423.0,996.0,260.0,0.0,0.0,38.0,14.0,0.0,,0.0,316.0,0.0,62.0,1482.0,110.0,0.0,0.0,0.0,0.0,0.0,0.0,101.0,688.0,150.0,0.0,0.0,0.0,50.0,1756.0,111.0,29.0,,475.0,6.0,79.0,259.0,567.0,758.0,579.0,0.0,0.0,0.0,,,0.0,0.0,0.0,0.0,36.0,,1548.0,0.0,1525.0,0.0,0.0,73.0,0.0,0.0,135.0,666.0,0.0,909.0,114.0,0.0,13.0,,940.0,0.0,0.0,0.0,54.0,,198.0,81.0,0.0,53.0,0.0,,213.0,2075.0,0.0,10.0,206.0,102.0,0.0,0.0,0.0,0.0,0.0,60.0,0.0,1.0,0.0,0.0,2811.0,1.0,39.0,0.0,0.0,1079.0,,0.0,93.0,225.0,,0.0,0.0,37.0,0.0,128.0,0.0,0.0,3516.0,24.0,,0.0,4509.0,0.0,0.0,,677.0,0.0,0.0,115.0,234.0,413.0,337.0,0.0,0.0,0.0,0.0,0.0,0.0,0.0,25.0,0.0,648.0,0.0,,,0.0,,0.0,1861.0,899.0,632.0,6170.0,,0.0,2051.0,,14.0,445.0,,150.0,0.0,27.0,824.0,2.0,0.0,208.0,1252.0,200.0,1558.0,0.0,0.0
2009-31,0.0,0.0,0.0,140.0,0.0,32.0,205.0,320.0,0.0,142.0,0.0,174.0,1954.0,0.0,19.0,567.0,90.0,21.0,73.0,136.0,2447.0,0.0,20.0,46.0,0.0,42.0,0.0,,316.0,19.0,1606.0,390.0,,27.0,,0.0,0.0,398.0,0.0,381.0,200.0,753.0,0.0,3751.0,2071.0,,0.0,,0.0,,0.0,0.0,92.0,0.0,106.0,113.0,214.0,,566.0,0.0,0.0,138.0,166.0,1472.0,0.0,0.0,,66.0,0.0,,160.0,62.0,23.0,2115.0,0.0,0.0,0.0,0.0,0.0,1984.0,,0.0,2126.0,463.0,,841.0,,0.0,0.0,948.0,0.0,,2152.0,0.0,192.0,185.0,,0.0,1.0,50.0,0.0,,5256.0,4949.0,1.0,0.0,17.0,172.0,100.0,30.0,81.0,0.0,,84.0,995.0,0.0,31.0,0.0,0.0,0.0,2179.0,0.0,0.0,224.0,60.0,129.0,658.0,36.0,2249.0,1483.0,0.0,0.0,13.0,0.0,0.0,9.0,,0.0,77.0,0.0,0.0,0.0,0.0,0.0,,0.0,0.0,0.0,0.0,,928.0,0.0,2549.0,1802.0,0.0,,23.0,352.0,695.0,0.0,0.0,0.0,108.0,76.0,0.0,0.0,448.0,2686.0,1205.0,0.0,112.0,142.0,38.0,138.0,149.0,,1534.0,0.0,2.0,2848.0,199.0,5.0,0.0,2285.0,1322.0,2682.0,312.0,0.0,296.0,292.0,0.0,354.0,0.0,0.0,250.0,0.0,199.0,0.0,96.0,0.0,,,399.0,1260.0,174.0,0.0,42.0,0.0,0.0,0.0,38.0,,0.0,,6532.0,406.0,881.0,218.0,0.0,0.0,47.0,13.0,0.0,,0.0,286.0,0.0,60.0,1335.0,92.0,0.0,0.0,0.0,0.0,0.0,0.0,137.0,552.0,113.0,0.0,0.0,0.0,66.0,1537.0,99.0,22.0,,378.0,6.0,65.0,219.0,420.0,583.0,493.0,0.0,0.0,0.0,,,0.0,0.0,0.0,0.0,24.0,,1416.0,0.0,1481.0,0.0,0.0,192.0,0.0,0.0,76.0,497.0,0.0,784.0,86.0,0.0,14.0,,768.0,0.0,0.0,0.0,52.0,,185.0,69.0,0.0,61.0,0.0,,152.0,1993.0,0.0,7.0,167.0,75.0,0.0,0.0,0.0,0.0,0.0,52.0,0.0,0.0,0.0,0.0,2714.0,0.0,44.0,0.0,0.0,1200.0,,0.0,94.0,164.0,,0.0,0.0,11.0,0.0,115.0,0.0,0.0,3525.0,24.0,,0.0,4306.0,0.0,0.0,,659.0,0.0,0.0,115.0,180.0,352.0,356.0,0.0,0.0,0.0,0.0,0.0,0.0,0.0,30.0,0.0,745.0,0.0,,,0.0,,0.0,2215.0,913.0,571.0,6078.0,,0.0,1948.0,,11.0,428.0,,155.0,0.0,35.0,825.0,0.0,0.0,299.0,1079.0,205.0,1458.0,0.0,0.0
2009-32,0.0,0.0,0.0,151.0,0.0,19.0,182.0,325.0,0.0,66.0,0.0,176.0,1839.0,0.0,33.0,563.0,99.0,16.0,64.0,133.0,2136.0,0.0,30.0,54.0,0.0,34.0,0.0,,345.0,43.0,1623.0,388.0,,28.0,,0.0,0.0,373.0,0.0,300.0,194.0,685.0,0.0,4163.0,2025.0,,0.0,,0.0,,0.0,0.0,132.0,0.0,88.0,88.0,200.0,,577.0,0.0,0.0,103.0,180.0,1235.0,0.0,0.0,,50.0,0.0,,167.0,37.0,27.0,1927.0,0.0,0.0,0.0,0.0,0.0,1908.0,,0.0,1940.0,621.0,,676.0,,0.0,0.0,929.0,0.0,1898.0,2248.0,0.0,184.0,163.0,,0.0,0.0,45.0,0.0,,5489.0,5018.0,1.0,0.0,20.0,114.0,103.0,19.0,68.0,0.0,,110.0,770.0,0.0,34.0,1.0,0.0,0.0,2140.0,0.0,0.0,197.0,60.0,125.0,711.0,21.0,2219.0,1412.0,0.0,0.0,18.0,0.0,0.0,7.0,,0.0,78.0,0.0,0.0,0.0,0.0,0.0,,0.0,0.0,0.0,0.0,,938.0,0.0,2680.0,1805.0,0.0,,30.0,356.0,722.0,0.0,0.0,0.0,73.0,48.0,0.0,0.0,428.0,2598.0,1179.0,0.0,102.0,90.0,38.0,155.0,194.0,,1602.0,0.0,0.0,2574.0,144.0,0.0,0.0,2192.0,1243.0,2593.0,309.0,0.0,282.0,237.0,0.0,292.0,0.0,0.0,225.0,0.0,171.0,0.0,103.0,0.0,,,387.0,976.0,102.0,0.0,30.0,0.0,0.0,0.0,55.0,,0.0,,6965.0,445.0,893.0,241.0,0.0,0.0,25.0,12.0,0.0,,0.0,324.0,0.0,46.0,1295.0,54.0,0.0,0.0,0.0,0.0,0.0,0.0,96.0,546.0,120.0,0.0,0.0,0.0,70.0,1585.0,108.0,36.0,,389.0,21.0,55.0,256.0,436.0,554.0,591.0,1.0,0.0,0.0,,,0.0,0.0,0.0,0.0,30.0,,1440.0,0.0,1460.0,0.0,0.0,10881.0,0.0,0.0,120.0,426.0,0.0,794.0,90.0,0.0,11.0,,777.0,0.0,2.0,0.0,49.0,,182.0,63.0,0.0,47.0,0.0,,147.0,1772.0,0.0,11.0,187.0,42.0,0.0,0.0,0.0,0.0,2.0,54.0,0.0,0.0,0.0,0.0,2751.0,0.0,72.0,0.0,0.0,1024.0,,0.0,87.0,173.0,,0.0,0.0,30.0,0.0,123.0,0.0,0.0,2983.0,11.0,,0.0,4259.0,0.0,0.0,,666.0,0.0,0.0,136.0,153.0,421.0,351.0,0.0,0.0,0.0,0.0,0.0,0.0,0.0,24.0,0.0,660.0,0.0,,,0.0,,0.0,1001.0,896.0,510.0,5795.0,,0.0,1870.0,50.0,12.0,425.0,,146.0,0.0,29.0,825.0,1.0,0.0,247.0,1213.0,212.0,1456.0,0.0,0.0
2009-33,0.0,0.0,0.0,161.0,0.0,27.0,169.0,327.0,0.0,92.0,0.0,153.0,1818.0,0.0,19.0,594.0,112.0,37.0,94.0,138.0,2511.0,0.0,34.0,71.0,0.0,31.0,0.0,,340.0,35.0,1570.0,441.0,,16.0,,0.0,0.0,408.0,0.0,274.0,128.0,708.0,0.0,1407.0,2162.0,,0.0,,0.0,,0.0,0.0,276.0,0.0,106.0,95.0,220.0,,562.0,0.0,0.0,135.0,140.0,1219.0,0.0,0.0,,121.0,0.0,,177.0,69.0,25.0,2127.0,0.0,0.0,0.0,0.0,0.0,1881.0,,0.0,1904.0,309.0,,697.0,,0.0,0.0,893.0,0.0,1781.0,2074.0,0.0,178.0,153.0,,0.0,1.0,50.0,0.0,,5605.0,5585.0,2.0,0.0,11.0,111.0,92.0,27.0,71.0,0.0,,63.0,780.0,0.0,32.0,1.0,0.0,0.0,2136.0,0.0,1.0,222.0,59.0,93.0,737.0,27.0,2467.0,1388.0,0.0,0.0,50.0,0.0,0.0,7.0,,0.0,58.0,0.0,0.0,0.0,0.0,0.0,,0.0,0.0,0.0,0.0,,866.0,1.0,3033.0,2327.0,0.0,,38.0,420.0,900.0,0.0,1.0,0.0,69.0,69.0,0.0,0.0,506.0,2582.0,1245.0,0.0,108.0,140.0,33.0,168.0,195.0,,1626.0,0.0,0.0,2688.0,154.0,5.0,0.0,2549.0,1544.0,2718.0,322.0,0.0,254.0,342.0,0.0,293.0,0.0,0.0,230.0,0.0,153.0,0.0,81.0,0.0,,,381.0,860.0,96.0,0.0,50.0,44.0,0.0,0.0,39.0,,0.0,,6147.0,477.0,917.0,265.0,0.0,0.0,59.0,18.0,0.0,,0.0,313.0,0.0,65.0,1368.0,68.0,0.0,1.0,0.0,0.0,0.0,0.0,109.0,593.0,123.0,0.0,0.0,0.0,59.0,1604.0,97.0,23.0,,355.0,8.0,52.0,231.0,468.0,544.0,537.0,0.0,0.0,0.0,,,0.0,0.0,0.0,0.0,38.0,,1480.0,0.0,1206.0,0.0,0.0,47.0,0.0,0.0,105.0,532.0,0.0,856.0,78.0,0.0,11.0,,712.0,0.0,1.0,0.0,60.0,,177.0,68.0,0.0,57.0,0.0,,137.0,1705.0,0.0,8.0,185.0,48.0,0.0,0.0,0.0,0.0,0.0,66.0,0.0,0.0,0.0,0.0,3036.0,0.0,45.0,0.0,0.0,1442.0,,0.0,52.0,193.0,,0.0,0.0,21.0,0.0,101.0,0.0,0.0,3068.0,19.0,,0.0,4503.0,0.0,0.0,,651.0,0.0,1.0,76.0,147.0,313.0,316.0,0.0,0.0,0.0,0.0,0.0,0.0,0.0,38.0,0.0,685.0,0.0,,,0.0,,0.0,939.0,880.0,592.0,6527.0,,0.0,1870.0,62.0,14.0,401.0,,147.0,0.0,32.0,810.0,1.0,0.0,175.0,997.0,198.0,1270.0,0.0,0.0
2009-34,0.0,2.0,0.0,161.0,0.0,39.0,211.0,304.0,0.0,84.0,0.0,152.0,1715.0,0.0,25.0,621.0,78.0,30.0,97.0,179.0,2384.0,0.0,39.0,74.0,0.0,41.0,0.0,,324.0,42.0,1669.0,375.0,,29.0,,0.0,0.0,334.0,0.0,254.0,123.0,686.0,0.0,1465.0,2107.0,,0.0,,0.0,617.0,0.0,0.0,116.0,0.0,96.0,106.0,195.0,,548.0,0.0,0.0,125.0,162.0,1353.0,0.0,0.0,,96.0,0.0,,151.0,69.0,31.0,1983.0,0.0,0.0,0.0,0.0,0.0,1749.0,,0.0,1838.0,294.0,,728.0,,0.0,0.0,835.0,0.0,1796.0,2275.0,0.0,199.0,155.0,,0.0,0.0,60.0,0.0,0.0,5585.0,5340.0,0.0,0.0,21.0,203.0,106.0,36.0,86.0,0.0,,71.0,709.0,0.0,32.0,1.0,0.0,0.0,2223.0,0.0,0.0,193.0,59.0,114.0,698.0,25.0,2377.0,1371.0,0.0,0.0,53.0,0.0,0.0,12.0,220.0,0.0,71.0,0.0,0.0,0.0,0.0,0.0,,0.0,0.0,0.0,0.0,,1008.0,1.0,3052.0,2534.0,0.0,,27.0,461.0,727.0,0.0,0.0,0.0,65.0,82.0,0.0,0.0,380.0,2521.0,1342.0,0.0,112.0,116.0,37.0,135.0,183.0,,1607.0,0.0,0.0,2468.0,159.0,3.0,0.0,2338.0,1548.0,2514.0,310.0,0.0,222.0,266.0,0.0,279.0,0.0,0.0,239.0,0.0,202.0,0.0,100.0,0.0,,,349.0,943.0,108.0,0.0,28.0,15.0,0.0,0.0,46.0,,0.0,,6086.0,436.0,908.0,236.0,0.0,0.0,41.0,23.0,0.0,,0.0,311.0,2.0,72.0,1280.0,58.0,0.0,0.0,0.0,0.0,0.0,0.0,102.0,629.0,153.0,0.0,0.0,0.0,59.0,1617.0,92.0,14.0,,370.0,9.0,51.0,267.0,413.0,552.0,491.0,0.0,0.0,0.0,,,0.0,0.0,0.0,0.0,20.0,,1412.0,0.0,1145.0,0.0,0.0,42.0,0.0,1.0,142.0,457.0,0.0,888.0,70.0,2.0,13.0,,832.0,0.0,0.0,0.0,62.0,,160.0,65.0,0.0,69.0,0.0,,169.0,1607.0,0.0,8.0,173.0,56.0,0.0,0.0,0.0,0.0,0.0,65.0,0.0,1.0,0.0,0.0,3136.0,0.0,41.0,0.0,0.0,2433.0,,0.0,72.0,175.0,,0.0,0.0,32.0,0.0,155.0,0.0,0.0,3077.0,16.0,,0.0,4289.0,0.0,0.0,,623.0,0.0,0.0,96.0,165.0,313.0,468.0,0.0,0.0,0.0,0.0,0.0,0.0,0.0,37.0,0.0,677.0,0.0,,,0.0,,0.0,878.0,893.0,630.0,8168.0,,0.0,2077.0,61.0,13.0,425.0,,119.0,0.0,20.0,865.0,2.0,0.0,152.0,1017.0,174.0,1519.0,0.0,0.0
2009-35,0.0,2.0,0.0,153.0,0.0,47.0,195.0,325.0,0.0,105.0,0.0,170.0,1696.0,0.0,21.0,610.0,100.0,33.0,93.0,151.0,3020.0,0.0,29.0,60.0,0.0,36.0,0.0,4726.0,327.0,48.0,1763.0,335.0,,33.0,,0.0,0.0,427.0,0.0,320.0,164.0,687.0,0.0,1571.0,2160.0,,0.0,,0.0,641.0,0.0,0.0,172.0,0.0,116.0,87.0,191.0,,672.0,0.0,0.0,141.0,186.0,1264.0,0.0,0.0,,66.0,0.0,,184.0,68.0,28.0,2117.0,0.0,0.0,0.0,0.0,0.0,2046.0,,0.0,1976.0,260.0,,798.0,,0.0,0.0,864.0,0.0,1931.0,2273.0,0.0,285.0,186.0,,0.0,1.0,54.0,0.0,0.0,6194.0,5666.0,0.0,0.0,39.0,192.0,105.0,23.0,105.0,0.0,,54.0,774.0,0.0,33.0,0.0,0.0,0.0,2328.0,0.0,0.0,226.0,75.0,103.0,720.0,27.0,2469.0,1463.0,0.0,0.0,49.0,0.0,0.0,11.0,233.0,0.0,87.0,0.0,0.0,0.0,1.0,0.0,,0.0,0.0,0.0,0.0,,937.0,0.0,3604.0,3179.0,0.0,,27.0,575.0,821.0,0.0,0.0,0.0,87.0,73.0,0.0,0.0,427.0,2815.0,1419.0,0.0,110.0,146.0,40.0,170.0,181.0,,1637.0,0.0,0.0,2652.0,160.0,2.0,0.0,2576.0,1399.0,2580.0,311.0,0.0,257.0,230.0,0.0,301.0,0.0,0.0,250.0,0.0,162.0,0.0,96.0,0.0,,,358.0,882.0,99.0,0.0,31.0,19.0,0.0,0.0,43.0,,0.0,,6457.0,458.0,824.0,286.0,0.0,0.0,51.0,9.0,0.0,,0.0,283.0,0.0,61.0,1302.0,75.0,0.0,0.0,0.0,0.0,0.0,0.0,111.0,609.0,137.0,0.0,0.0,0.0,59.0,1689.0,117.0,25.0,,332.0,9.0,47.0,217.0,426.0,527.0,543.0,0.0,0.0,0.0,,,0.0,0.0,0.0,0.0,23.0,,1545.0,0.0,1342.0,0.0,0.0,45.0,0.0,0.0,144.0,472.0,0.0,808.0,88.0,0.0,14.0,,734.0,0.0,1.0,0.0,41.0,,227.0,69.0,0.0,51.0,0.0,,171.0,1909.0,0.0,7.0,222.0,54.0,0.0,0.0,0.0,0.0,0.0,83.0,0.0,0.0,0.0,0.0,2995.0,0.0,51.0,0.0,0.0,1302.0,,0.0,54.0,173.0,,0.0,0.0,22.0,0.0,118.0,0.0,0.0,3303.0,16.0,,0.0,4429.0,0.0,0.0,,715.0,0.0,0.0,96.0,164.0,285.0,523.0,0.0,0.0,0.0,3.0,0.0,0.0,0.0,34.0,0.0,814.0,0.0,,,0.0,,0.0,994.0,960.0,649.0,9598.0,,0.0,2268.0,60.0,13.0,359.0,,163.0,0.0,23.0,929.0,0.0,0.0,150.0,1024.0,238.0,1615.0,0.0,0.0
2009-36,0.0,1.0,0.0,169.0,0.0,35.0,182.0,305.0,0.0,95.0,0.0,171.0,1904.0,0.0,27.0,653.0,80.0,31.0,101.0,149.0,2792.0,0.0,24.0,70.0,0.0,43.0,0.0,4534.0,290.0,23.0,1786.0,375.0,,36.0,,0.0,0.0,389.0,0.0,351.0,144.0,716.0,0.0,1337.0,2266.0,,0.0,,0.0,654.0,0.0,0.0,135.0,0.0,130.0,88.0,177.0,,593.0,0.0,0.0,123.0,159.0,1099.0,0.0,0.0,,97.0,0.0,,171.0,73.0,33.0,2225.0,0.0,0.0,0.0,0.0,0.0,1838.0,,0.0,2071.0,243.0,,682.0,,0.0,0.0,776.0,0.0,1759.0,2134.0,0.0,171.0,272.0,,0.0,0.0,45.0,0.0,1.0,6108.0,5743.0,0.0,0.0,129.0,214.0,118.0,36.0,84.0,0.0,1.0,94.0,825.0,0.0,43.0,0.0,0.0,0.0,2144.0,0.0,0.0,202.0,75.0,108.0,772.0,42.0,2534.0,1617.0,0.0,0.0,51.0,0.0,0.0,12.0,238.0,0.0,57.0,0.0,0.0,0.0,0.0,0.0,,0.0,0.0,0.0,0.0,,1037.0,1.0,3691.0,3993.0,0.0,,36.0,540.0,745.0,0.0,0.0,0.0,78.0,83.0,0.0,0.0,441.0,2414.0,1271.0,0.0,110.0,163.0,64.0,160.0,210.0,,1691.0,0.0,0.0,2762.0,165.0,6.0,0.0,2600.0,1270.0,2752.0,294.0,0.0,310.0,246.0,0.0,307.0,0.0,0.0,242.0,0.0,146.0,0.0,78.0,0.0,,,364.0,988.0,99.0,0.0,27.0,14.0,0.0,0.0,63.0,,0.0,,6337.0,456.0,922.0,320.0,0.0,0.0,51.0,22.0,0.0,,0.0,373.0,0.0,62.0,1277.0,65.0,0.0,0.0,0.0,0.0,0.0,0.0,110.0,719.0,127.0,0.0,0.0,0.0,89.0,1708.0,112.0,21.0,,408.0,7.0,97.0,205.0,393.0,641.0,593.0,0.0,0.0,0.0,,,0.0,1.0,0.0,0.0,24.0,,1500.0,0.0,1370.0,0.0,0.0,46.0,0.0,0.0,136.0,551.0,0.0,861.0,96.0,0.0,17.0,,787.0,0.0,0.0,0.0,47.0,,206.0,78.0,0.0,65.0,0.0,,208.0,2096.0,0.0,14.0,225.0,73.0,0.0,0.0,0.0,0.0,0.0,106.0,0.0,0.0,0.0,0.0,3000.0,0.0,49.0,0.0,0.0,1181.0,,0.0,80.0,210.0,,0.0,0.0,38.0,0.0,147.0,0.0,0.0,3252.0,22.0,,0.0,4638.0,0.0,0.0,,801.0,0.0,0.0,93.0,175.0,334.0,391.0,0.0,0.0,0.0,334.0,0.0,0.0,0.0,44.0,0.0,712.0,0.0,,,0.0,,0.0,976.0,1048.0,674.0,9733.0,,0.0,2191.0,57.0,19.0,391.0,,149.0,0.0,33.0,883.0,1.0,0.0,203.0,1034.0,214.0,1524.0,0.0,0.0
2009-37,0.0,0.0,0.0,176.0,0.0,27.0,160.0,264.0,0.0,76.0,0.0,186.0,2370.0,0.0,33.0,659.0,109.0,37.0,93.0,140.0,3039.0,0.0,27.0,66.0,0.0,47.0,0.0,4635.0,351.0,47.0,1717.0,395.0,,45.0,,0.0,0.0,400.0,1.0,268.0,102.0,1402.0,0.0,913.0,2302.0,,0.0,,0.0,630.0,0.0,0.0,216.0,0.0,128.0,89.0,163.0,,635.0,0.0,0.0,130.0,147.0,1089.0,0.0,0.0,,83.0,0.0,,164.0,86.0,16.0,2248.0,0.0,0.0,0.0,0.0,0.0,1977.0,,0.0,2045.0,236.0,,794.0,,0.0,0.0,771.0,0.0,1653.0,1999.0,0.0,287.0,207.0,,0.0,1.0,42.0,0.0,0.0,5868.0,5700.0,0.0,0.0,30.0,113.0,143.0,44.0,84.0,0.0,0.0,64.0,780.0,0.0,31.0,0.0,0.0,0.0,2230.0,0.0,0.0,205.0,53.0,109.0,720.0,38.0,2816.0,1466.0,0.0,0.0,82.0,0.0,0.0,9.0,310.0,0.0,59.0,0.0,0.0,0.0,0.0,0.0,,0.0,0.0,0.0,0.0,,888.0,1.0,3549.0,3220.0,0.0,,24.0,605.0,789.0,0.0,0.0,0.0,78.0,92.0,0.0,0.0,439.0,2426.0,1250.0,0.0,137.0,116.0,42.0,170.0,221.0,,1666.0,0.0,0.0,2829.0,174.0,5.0,0.0,2675.0,1364.0,2612.0,337.0,0.0,301.0,253.0,0.0,302.0,0.0,0.0,312.0,0.0,134.0,0.0,75.0,0.0,,,371.0,938.0,121.0,0.0,21.0,21.0,0.0,0.0,53.0,,0.0,,6457.0,477.0,990.0,283.0,0.0,0.0,35.0,16.0,0.0,,0.0,425.0,0.0,70.0,1320.0,66.0,0.0,1.0,0.0,0.0,0.0,0.0,119.0,697.0,126.0,0.0,0.0,0.0,74.0,1672.0,92.0,24.0,,433.0,9.0,133.0,198.0,442.0,659.0,729.0,0.0,0.0,0.0,,,0.0,0.0,0.0,0.0,43.0,,1637.0,0.0,1403.0,0.0,0.0,56.0,0.0,0.0,159.0,551.0,0.0,910.0,103.0,0.0,19.0,1830.0,833.0,0.0,1.0,0.0,51.0,,206.0,78.0,0.0,88.0,0.0,,172.0,2630.0,0.0,9.0,190.0,50.0,0.0,0.0,0.0,0.0,0.0,49.0,0.0,0.0,0.0,0.0,3265.0,0.0,57.0,0.0,0.0,1167.0,,0.0,66.0,194.0,,0.0,0.0,19.0,0.0,144.0,0.0,0.0,3328.0,32.0,,0.0,4771.0,0.0,0.0,,674.0,0.0,0.0,125.0,140.0,358.0,546.0,0.0,0.0,0.0,513.0,0.0,0.0,0.0,34.0,0.0,661.0,0.0,,,0.0,,0.0,976.0,1072.0,698.0,9463.0,,0.0,2190.0,55.0,18.0,400.0,,170.0,0.0,28.0,918.0,0.0,0.0,226.0,1046.0,215.0,1692.0,0.0,0.0
2009-38,0.0,0.0,0.0,173.0,0.0,47.0,216.0,309.0,0.0,77.0,0.0,201.0,2566.0,0.0,27.0,663.0,126.0,36.0,75.0,139.0,3438.0,0.0,27.0,73.0,0.0,34.0,0.0,4968.0,341.0,54.0,1891.0,420.0,,27.0,,0.0,0.0,381.0,0.0,348.0,148.0,756.0,0.0,793.0,2403.0,,0.0,,0.0,723.0,0.0,0.0,170.0,0.0,131.0,91.0,233.0,,576.0,0.0,0.0,105.0,177.0,881.0,0.0,0.0,,110.0,0.0,,175.0,65.0,30.0,2344.0,0.0,0.0,0.0,0.0,0.0,2080.0,,0.0,2329.0,262.0,,799.0,,0.0,0.0,811.0,0.0,1923.0,2066.0,0.0,160.0,224.0,,0.0,0.0,39.0,0.0,0.0,6030.0,5922.0,4.0,0.0,26.0,117.0,132.0,35.0,99.0,0.0,0.0,78.0,802.0,0.0,38.0,0.0,0.0,0.0,2121.0,0.0,0.0,257.0,78.0,89.0,729.0,31.0,2462.0,1483.0,0.0,0.0,55.0,0.0,0.0,9.0,302.0,0.0,60.0,0.0,0.0,0.0,0.0,0.0,,0.0,0.0,0.0,0.0,,912.0,1.0,3758.0,4481.0,0.0,,37.0,681.0,886.0,0.0,0.0,0.0,105.0,105.0,0.0,0.0,409.0,2048.0,1208.0,0.0,103.0,149.0,43.0,123.0,185.0,,1595.0,0.0,0.0,2759.0,187.0,2.0,0.0,2551.0,1482.0,2599.0,327.0,0.0,326.0,251.0,0.0,373.0,0.0,0.0,299.0,0.0,123.0,0.0,70.0,0.0,,,383.0,830.0,124.0,0.0,28.0,35.0,0.0,0.0,61.0,,0.0,,6669.0,499.0,1001.0,260.0,0.0,0.0,43.0,14.0,0.0,,0.0,408.0,0.0,98.0,1236.0,73.0,0.0,1.0,0.0,0.0,0.0,0.0,125.0,722.0,141.0,0.0,0.0,0.0,61.0,1809.0,116.0,19.0,,369.0,12.0,66.0,155.0,455.0,606.0,738.0,0.0,0.0,0.0,,,0.0,0.0,0.0,0.0,36.0,,1648.0,0.0,1478.0,0.0,0.0,47.0,0.0,0.0,116.0,574.0,0.0,1016.0,79.0,0.0,16.0,1506.0,937.0,0.0,1.0,0.0,63.0,,231.0,64.0,0.0,73.0,0.0,,180.0,2655.0,0.0,7.0,197.0,47.0,0.0,0.0,0.0,0.0,0.0,56.0,0.0,0.0,0.0,0.0,3140.0,0.0,40.0,0.0,0.0,1146.0,,0.0,78.0,204.0,,0.0,0.0,31.0,0.0,179.0,0.0,0.0,3355.0,25.0,,0.0,4772.0,0.0,0.0,,648.0,0.0,1.0,100.0,172.0,333.0,419.0,0.0,0.0,0.0,488.0,0.0,0.0,0.0,41.0,0.0,682.0,0.0,,,0.0,124.0,0.0,1175.0,969.0,656.0,9705.0,,0.0,2484.0,74.0,17.0,387.0,,165.0,0.0,28.0,901.0,0.0,0.0,217.0,1212.0,253.0,1797.0,0.0,0.0
2009-39,0.0,0.0,0.0,207.0,0.0,47.0,202.0,295.0,0.0,80.0,0.0,180.0,2752.0,0.0,24.0,622.0,104.0,34.0,91.0,153.0,2755.0,0.0,27.0,84.0,0.0,34.0,0.0,4591.0,376.0,51.0,1702.0,395.0,,28.0,,0.0,0.0,370.0,0.0,322.0,109.0,709.0,0.0,809.0,2127.0,,0.0,,0.0,664.0,0.0,0.0,178.0,0.0,133.0,94.0,156.0,225.0,482.0,0.0,0.0,131.0,149.0,983.0,0.0,0.0,,88.0,0.0,,178.0,61.0,34.0,2225.0,0.0,0.0,0.0,0.0,0.0,2102.0,,0.0,2091.0,299.0,,714.0,,0.0,0.0,767.0,0.0,1903.0,2021.0,0.0,187.0,217.0,,0.0,0.0,32.0,0.0,0.0,6119.0,5724.0,0.0,0.0,14.0,117.0,116.0,25.0,115.0,0.0,0.0,601.0,739.0,0.0,34.0,1.0,0.0,0.0,1997.0,0.0,0.0,289.0,55.0,115.0,699.0,43.0,2441.0,1391.0,0.0,0.0,36.0,0.0,0.0,8.0,282.0,0.0,64.0,0.0,0.0,0.0,0.0,0.0,,0.0,0.0,0.0,0.0,135.0,1068.0,0.0,3796.0,3504.0,0.0,,28.0,563.0,791.0,0.0,0.0,0.0,116.0,127.0,0.0,0.0,426.0,2099.0,1238.0,0.0,117.0,133.0,49.0,132.0,205.0,,1549.0,0.0,2.0,2656.0,159.0,1.0,0.0,2722.0,1237.0,2572.0,300.0,0.0,288.0,245.0,0.0,319.0,0.0,0.0,291.0,0.0,109.0,0.0,71.0,0.0,,,314.0,865.0,164.0,0.0,30.0,18.0,0.0,0.0,43.0,,0.0,,6468.0,484.0,899.0,234.0,0.0,0.0,52.0,17.0,0.0,,0.0,422.0,0.0,67.0,1250.0,81.0,0.0,1.0,0.0,0.0,0.0,0.0,117.0,741.0,121.0,0.0,0.0,0.0,88.0,1815.0,139.0,23.0,,385.0,5.0,43.0,172.0,386.0,585.0,727.0,0.0,0.0,0.0,,,0.0,0.0,0.0,0.0,44.0,,1646.0,0.0,1491.0,0.0,0.0,36.0,0.0,0.0,119.0,571.0,0.0,892.0,75.0,0.0,16.0,1483.0,823.0,0.0,0.0,0.0,43.0,,191.0,86.0,0.0,52.0,0.0,,178.0,2704.0,0.0,16.0,209.0,57.0,0.0,0.0,0.0,0.0,0.0,87.0,0.0,1.0,0.0,0.0,3151.0,0.0,53.0,0.0,0.0,1049.0,,0.0,72.0,214.0,,0.0,0.0,40.0,0.0,159.0,0.0,0.0,3260.0,17.0,,0.0,4881.0,0.0,0.0,,657.0,0.0,0.0,121.0,162.0,366.0,427.0,0.0,0.0,0.0,434.0,0.0,0.0,0.0,40.0,0.0,674.0,0.0,,,0.0,155.0,0.0,1064.0,1055.0,671.0,9933.0,,0.0,2391.0,54.0,16.0,391.0,,151.0,0.0,23.0,890.0,0.0,0.0,223.0,1433.0,243.0,1701.0,0.0,0.0
2009-40,0.0,0.0,0.0,196.0,0.0,40.0,210.0,274.0,0.0,100.0,0.0,205.0,3050.0,0.0,23.0,610.0,122.0,44.0,107.0,149.0,3470.0,0.0,43.0,100.0,0.0,60.0,0.0,6697.0,327.0,49.0,1727.0,412.0,,30.0,,0.0,0.0,342.0,0.0,267.0,118.0,759.0,0.0,667.0,2215.0,,0.0,,0.0,677.0,0.0,0.0,171.0,0.0,150.0,100.0,191.0,167.0,539.0,0.0,0.0,127.0,171.0,856.0,0.0,0.0,,69.0,0.0,,191.0,52.0,29.0,2291.0,0.0,0.0,0.0,0.0,0.0,2198.0,,0.0,2159.0,257.0,,775.0,,0.0,0.0,706.0,0.0,1903.0,4902.0,0.0,139.0,176.0,,0.0,1.0,43.0,0.0,0.0,6509.0,5927.0,2.0,0.0,20.0,219.0,143.0,38.0,119.0,0.0,0.0,175.0,1135.0,0.0,31.0,2.0,0.0,0.0,2006.0,0.0,0.0,217.0,70.0,102.0,727.0,52.0,2159.0,1434.0,0.0,0.0,47.0,0.0,0.0,11.0,321.0,0.0,81.0,0.0,0.0,0.0,0.0,0.0,,0.0,0.0,0.0,0.0,120.0,1018.0,0.0,3624.0,2870.0,0.0,,23.0,612.0,841.0,0.0,0.0,0.0,108.0,128.0,0.0,0.0,512.0,2211.0,1089.0,0.0,101.0,142.0,40.0,138.0,191.0,,1567.0,0.0,0.0,2844.0,168.0,5.0,0.0,2572.0,1252.0,2393.0,369.0,0.0,304.0,286.0,0.0,412.0,0.0,0.0,303.0,0.0,124.0,0.0,98.0,0.0,960.0,,378.0,881.0,159.0,0.0,27.0,19.0,0.0,0.0,39.0,,0.0,,6728.0,459.0,912.0,280.0,0.0,0.0,39.0,16.0,0.0,,0.0,393.0,0.0,67.0,1206.0,83.0,0.0,0.0,0.0,0.0,0.0,0.0,141.0,652.0,137.0,0.0,0.0,0.0,62.0,1852.0,96.0,32.0,,418.0,14.0,46.0,196.0,410.0,611.0,649.0,0.0,0.0,0.0,,,0.0,0.0,0.0,0.0,29.0,,1489.0,0.0,1421.0,0.0,0.0,26.0,0.0,0.0,102.0,510.0,0.0,935.0,106.0,0.0,14.0,1347.0,903.0,0.0,1.0,0.0,59.0,,220.0,73.0,0.0,61.0,0.0,,181.0,2940.0,0.0,17.0,206.0,72.0,0.0,0.0,0.0,0.0,0.0,61.0,0.0,4.0,0.0,0.0,3240.0,0.0,56.0,0.0,0.0,996.0,,0.0,90.0,273.0,,0.0,0.0,31.0,0.0,136.0,0.0,0.0,3326.0,25.0,,0.0,4648.0,0.0,0.0,,633.0,0.0,0.0,118.0,136.0,414.0,355.0,0.0,0.0,0.0,390.0,0.0,0.0,0.0,46.0,0.0,766.0,0.0,,,0.0,152.0,0.0,1009.0,1093.0,638.0,9845.0,,0.0,2401.0,46.0,20.0,451.0,,152.0,0.0,42.0,845.0,1.0,0.0,303.0,1267.0,222.0,1755.0,0.0,0.0
2009-41,0.0,0.0,0.0,188.0,0.0,40.0,237.0,330.0,0.0,114.0,0.0,205.0,3355.0,0.0,26.0,739.0,96.0,42.0,98.0,151.0,2958.0,0.0,45.0,65.0,0.0,41.0,0.0,5008.0,348.0,37.0,1776.0,446.0,,25.0,,0.0,0.0,438.0,0.0,519.0,250.0,742.0,0.0,709.0,2289.0,4103.0,0.0,,0.0,794.0,0.0,0.0,216.0,0.0,158.0,122.0,233.0,187.0,484.0,0.0,0.0,121.0,156.0,879.0,0.0,0.0,,246.0,0.0,,210.0,80.0,34.0,2344.0,0.0,0.0,0.0,0.0,0.0,2243.0,,0.0,2175.0,259.0,,729.0,,0.0,0.0,726.0,0.0,1886.0,2133.0,0.0,247.0,195.0,,0.0,1.0,44.0,0.0,2.0,5781.0,5740.0,4.0,0.0,16.0,210.0,112.0,49.0,132.0,0.0,1.0,146.0,807.0,0.0,30.0,2.0,0.0,0.0,2042.0,0.0,0.0,188.0,88.0,145.0,733.0,50.0,2100.0,1511.0,0.0,0.0,45.0,0.0,0.0,6.0,290.0,0.0,69.0,0.0,0.0,0.0,0.0,0.0,,0.0,0.0,0.0,0.0,133.0,1076.0,1.0,3636.0,3022.0,0.0,,25.0,603.0,945.0,0.0,2.0,0.0,171.0,259.0,0.0,0.0,551.0,2636.0,1306.0,0.0,125.0,132.0,54.0,121.0,194.0,,1583.0,0.0,0.0,3199.0,162.0,0.0,0.0,2637.0,1244.0,2451.0,281.0,0.0,343.0,278.0,0.0,420.0,0.0,0.0,300.0,0.0,96.0,0.0,45.0,0.0,1057.0,,415.0,848.0,184.0,0.0,40.0,31.0,0.0,0.0,41.0,,0.0,,7782.0,507.0,987.0,273.0,0.0,0.0,32.0,22.0,0.0,,0.0,392.0,0.0,72.0,1286.0,62.0,0.0,1.0,0.0,0.0,30.0,0.0,132.0,737.0,121.0,0.0,0.0,0.0,75.0,1848.0,113.0,15.0,,369.0,11.0,67.0,200.0,475.0,604.0,683.0,0.0,0.0,0.0,555.0,,0.0,0.0,0.0,0.0,36.0,,1664.0,0.0,1474.0,0.0,0.0,38.0,0.0,0.0,112.0,620.0,0.0,944.0,120.0,0.0,18.0,1333.0,845.0,0.0,2.0,0.0,52.0,,242.0,86.0,0.0,76.0,0.0,,191.0,2973.0,0.0,10.0,248.0,89.0,0.0,0.0,0.0,0.0,0.0,66.0,0.0,3.0,0.0,0.0,3190.0,0.0,37.0,0.0,0.0,855.0,,0.0,94.0,260.0,,0.0,0.0,28.0,0.0,131.0,0.0,0.0,3279.0,22.0,,0.0,4890.0,0.0,0.0,,677.0,0.0,0.0,166.0,201.0,425.0,329.0,0.0,0.0,0.0,362.0,0.0,0.0,0.0,50.0,0.0,734.0,0.0,,,0.0,165.0,0.0,1148.0,1004.0,686.0,10465.0,203.0,0.0,2485.0,69.0,12.0,387.0,,151.0,0.0,21.0,822.0,2.0,0.0,266.0,1116.0,260.0,1855.0,0.0,0.0
2009-42,0.0,0.0,0.0,115.0,0.0,40.0,150.0,228.0,0.0,97.0,0.0,171.0,2791.0,0.0,17.0,641.0,86.0,26.0,82.0,149.0,2450.0,0.0,29.0,43.0,0.0,27.0,0.0,4182.0,248.0,42.0,1383.0,364.0,,17.0,,0.0,0.0,349.0,0.0,328.0,108.0,673.0,0.0,638.0,1862.0,3387.0,0.0,,0.0,564.0,0.0,0.0,129.0,0.0,107.0,84.0,180.0,151.0,381.0,0.0,0.0,87.0,146.0,638.0,0.0,0.0,,111.0,0.0,,164.0,52.0,39.0,2057.0,0.0,0.0,0.0,0.0,0.0,1761.0,,0.0,1744.0,302.0,,652.0,,0.0,0.0,694.0,0.0,1654.0,1613.0,0.0,174.0,151.0,,0.0,0.0,32.0,0.0,0.0,4865.0,4730.0,5.0,0.0,16.0,191.0,111.0,28.0,79.0,0.0,0.0,90.0,684.0,0.0,31.0,4.0,0.0,0.0,1774.0,0.0,0.0,172.0,111.0,99.0,622.0,32.0,1808.0,1293.0,0.0,0.0,39.0,0.0,0.0,4.0,246.0,0.0,65.0,0.0,0.0,0.0,0.0,0.0,,0.0,0.0,0.0,0.0,86.0,1096.0,0.0,2792.0,2224.0,0.0,,30.0,556.0,759.0,0.0,0.0,0.0,79.0,66.0,0.0,0.0,375.0,2012.0,1020.0,0.0,99.0,122.0,36.0,99.0,145.0,,1376.0,0.0,0.0,2486.0,106.0,5.0,0.0,2170.0,1060.0,1916.0,228.0,0.0,262.0,227.0,0.0,361.0,0.0,0.0,242.0,0.0,85.0,0.0,81.0,0.0,977.0,,264.0,685.0,121.0,0.0,21.0,18.0,0.0,0.0,47.0,,0.0,,5431.0,471.0,882.0,253.0,0.0,0.0,37.0,7.0,0.0,,0.0,326.0,0.0,66.0,1058.0,57.0,0.0,1.0,0.0,0.0,91.0,0.0,94.0,622.0,112.0,0.0,0.0,0.0,45.0,1408.0,121.0,17.0,,337.0,14.0,45.0,128.0,360.0,507.0,620.0,0.0,0.0,0.0,357.0,,0.0,0.0,0.0,0.0,38.0,170.0,1390.0,0.0,1341.0,0.0,0.0,18.0,0.0,0.0,164.0,445.0,0.0,788.0,67.0,0.0,13.0,1151.0,630.0,0.0,0.0,0.0,48.0,,227.0,59.0,0.0,61.0,0.0,,184.0,2481.0,0.0,9.0,158.0,51.0,0.0,0.0,0.0,0.0,0.0,40.0,0.0,2.0,0.0,0.0,2720.0,0.0,44.0,0.0,0.0,673.0,,0.0,66.0,178.0,6722.0,0.0,0.0,28.0,0.0,131.0,0.0,0.0,2582.0,17.0,,0.0,4165.0,0.0,0.0,,474.0,0.0,0.0,130.0,129.0,288.0,306.0,0.0,0.0,0.0,274.0,0.0,0.0,0.0,24.0,0.0,513.0,0.0,,,0.0,137.0,0.0,981.0,926.0,585.0,7404.0,139.0,0.0,1722.0,50.0,15.0,294.0,,108.0,0.0,33.0,667.0,0.0,0.0,373.0,1073.0,226.0,2181.0,0.0,0.0
2009-43,0.0,0.0,0.0,192.0,0.0,37.0,204.0,355.0,0.0,121.0,0.0,221.0,3745.0,0.0,23.0,681.0,109.0,39.0,99.0,189.0,3214.0,0.0,29.0,78.0,0.0,32.0,0.0,4900.0,357.0,43.0,1727.0,460.0,,32.0,,0.0,0.0,416.0,1.0,480.0,165.0,734.0,0.0,647.0,2163.0,4360.0,0.0,,0.0,696.0,0.0,0.0,215.0,0.0,150.0,89.0,207.0,205.0,543.0,0.0,0.0,136.0,134.0,925.0,0.0,0.0,,117.0,0.0,,221.0,73.0,48.0,2443.0,0.0,0.0,0.0,0.0,0.0,2062.0,,0.0,2128.0,266.0,,803.0,,0.0,0.0,812.0,0.0,1994.0,2158.0,0.0,165.0,151.0,,0.0,0.0,46.0,0.0,0.0,5510.0,5825.0,4.0,0.0,22.0,275.0,147.0,42.0,125.0,0.0,0.0,73.0,1012.0,0.0,36.0,2.0,0.0,0.0,2249.0,0.0,0.0,251.0,77.0,173.0,709.0,52.0,2039.0,1383.0,0.0,0.0,58.0,0.0,0.0,10.0,285.0,0.0,92.0,0.0,0.0,0.0,0.0,0.0,,0.0,0.0,0.0,0.0,104.0,1948.0,1.0,3537.0,2849.0,0.0,,37.0,494.0,949.0,0.0,0.0,0.0,83.0,91.0,0.0,0.0,414.0,2473.0,1381.0,0.0,109.0,160.0,41.0,137.0,226.0,,1594.0,0.0,0.0,2696.0,119.0,5.0,0.0,2487.0,1301.0,2183.0,249.0,0.0,310.0,265.0,0.0,472.0,0.0,0.0,309.0,0.0,105.0,0.0,84.0,0.0,1083.0,,335.0,978.0,107.0,0.0,26.0,36.0,0.0,0.0,84.0,,0.0,,6330.0,509.0,978.0,270.0,0.0,0.0,42.0,10.0,0.0,,0.0,370.0,0.0,62.0,1532.0,89.0,0.0,1.0,0.0,0.0,198.0,0.0,124.0,782.0,179.0,0.0,0.0,0.0,73.0,1666.0,113.0,63.0,,411.0,16.0,48.0,205.0,462.0,580.0,575.0,0.0,0.0,0.0,451.0,,0.0,0.0,0.0,0.0,39.0,264.0,1803.0,0.0,1581.0,0.0,0.0,21.0,0.0,0.0,277.0,518.0,0.0,917.0,117.0,0.0,15.0,1506.0,877.0,0.0,0.0,0.0,60.0,,306.0,99.0,0.0,44.0,0.0,,229.0,3142.0,0.0,13.0,240.0,64.0,0.0,0.0,0.0,0.0,0.0,78.0,0.0,5.0,0.0,0.0,3313.0,0.0,51.0,0.0,0.0,843.0,,0.0,81.0,258.0,8839.0,0.0,0.0,36.0,0.0,189.0,0.0,0.0,3272.0,19.0,,0.0,5211.0,0.0,0.0,,644.0,0.0,0.0,154.0,232.0,355.0,401.0,0.0,0.0,0.0,301.0,0.0,0.0,0.0,37.0,0.0,681.0,0.0,770.0,,0.0,211.0,0.0,1019.0,1114.0,644.0,9703.0,207.0,0.0,2370.0,83.0,19.0,473.0,,131.0,0.0,23.0,816.0,0.0,0.0,239.0,1262.0,237.0,2106.0,0.0,0.0
2009-44,0.0,0.0,0.0,151.0,0.0,33.0,190.0,290.0,0.0,117.0,0.0,241.0,3950.0,0.0,24.0,750.0,183.0,33.0,102.0,194.0,3097.0,0.0,32.0,85.0,0.0,31.0,0.0,4954.0,371.0,40.0,1983.0,492.0,,34.0,,0.0,0.0,344.0,0.0,422.0,275.0,673.0,0.0,833.0,2216.0,4488.0,0.0,,0.0,742.0,0.0,0.0,195.0,0.0,135.0,103.0,255.0,216.0,598.0,0.0,0.0,156.0,171.0,787.0,0.0,0.0,,108.0,0.0,,178.0,90.0,45.0,2501.0,0.0,0.0,0.0,0.0,0.0,2161.0,,0.0,2097.0,299.0,,740.0,,0.0,0.0,760.0,0.0,2059.0,2149.0,0.0,167.0,194.0,,0.0,0.0,47.0,0.0,0.0,5651.0,6246.0,7.0,0.0,19.0,336.0,126.0,35.0,151.0,0.0,0.0,110.0,990.0,0.0,39.0,3.0,0.0,0.0,2161.0,0.0,0.0,210.0,117.0,154.0,666.0,47.0,1955.0,1551.0,0.0,0.0,101.0,0.0,0.0,7.0,315.0,0.0,91.0,0.0,0.0,0.0,0.0,0.0,,0.0,0.0,0.0,0.0,150.0,1843.0,1.0,3917.0,3234.0,0.0,,21.0,484.0,1013.0,0.0,2.0,0.0,90.0,85.0,0.0,0.0,436.0,2731.0,1368.0,0.0,144.0,155.0,33.0,153.0,213.0,,1538.0,0.0,0.0,2728.0,132.0,0.0,0.0,2852.0,1382.0,2376.0,232.0,0.0,323.0,278.0,0.0,607.0,0.0,0.0,293.0,0.0,120.0,0.0,53.0,0.0,1094.0,,419.0,1083.0,74.0,0.0,23.0,28.0,0.0,0.0,73.0,,0.0,,7182.0,488.0,1028.0,312.0,0.0,0.0,50.0,9.0,0.0,,0.0,387.0,0.0,62.0,1631.0,116.0,0.0,0.0,0.0,0.0,192.0,0.0,131.0,805.0,107.0,0.0,0.0,0.0,88.0,1786.0,105.0,73.0,,428.0,13.0,43.0,236.0,460.0,623.0,448.0,0.0,0.0,0.0,474.0,1866.0,0.0,0.0,0.0,0.0,52.0,245.0,1834.0,0.0,1685.0,0.0,0.0,40.0,0.0,0.0,287.0,652.0,0.0,926.0,117.0,0.0,19.0,1540.0,858.0,0.0,1.0,0.0,57.0,,243.0,112.0,0.0,68.0,0.0,,144.0,2955.0,0.0,8.0,221.0,76.0,0.0,0.0,0.0,0.0,0.0,58.0,0.0,4.0,0.0,0.0,3421.0,0.0,53.0,0.0,0.0,834.0,,0.0,78.0,239.0,8748.0,0.0,0.0,32.0,0.0,158.0,0.0,0.0,3352.0,18.0,,0.0,5022.0,0.0,0.0,,675.0,0.0,0.0,712.0,264.0,382.0,445.0,0.0,0.0,0.0,354.0,0.0,0.0,0.0,47.0,0.0,665.0,0.0,768.0,,0.0,139.0,0.0,1177.0,986.0,703.0,11056.0,234.0,0.0,2641.0,55.0,19.0,380.0,,166.0,0.0,41.0,854.0,2.0,0.0,271.0,1294.0,237.0,1975.0,0.0,0.0
2009-45,0.0,0.0,0.0,201.0,0.0,40.0,216.0,289.0,0.0,123.0,0.0,249.0,4706.0,0.0,39.0,808.0,131.0,50.0,92.0,157.0,3327.0,0.0,48.0,84.0,0.0,40.0,0.0,5121.0,380.0,42.0,1927.0,507.0,,23.0,,0.0,0.0,375.0,0.0,476.0,354.0,755.0,0.0,640.0,2478.0,5267.0,0.0,,0.0,851.0,0.0,0.0,286.0,0.0,203.0,108.0,264.0,191.0,615.0,0.0,0.0,175.0,156.0,809.0,0.0,0.0,,115.0,0.0,,157.0,100.0,57.0,2686.0,0.0,0.0,0.0,0.0,0.0,2571.0,376.0,0.0,2398.0,322.0,,778.0,,0.0,0.0,773.0,0.0,2132.0,2287.0,0.0,214.0,196.0,,0.0,0.0,38.0,0.0,0.0,5629.0,7079.0,2.0,0.0,11.0,388.0,173.0,37.0,125.0,0.0,0.0,111.0,1073.0,0.0,35.0,3.0,0.0,0.0,2238.0,0.0,0.0,279.0,81.0,204.0,790.0,90.0,1931.0,1755.0,0.0,0.0,88.0,0.0,0.0,14.0,264.0,0.0,102.0,0.0,0.0,0.0,0.0,0.0,,0.0,0.0,0.0,0.0,133.0,3002.0,0.0,4590.0,4260.0,0.0,,41.0,450.0,1012.0,0.0,0.0,0.0,107.0,108.0,0.0,0.0,467.0,2872.0,1459.0,0.0,131.0,149.0,59.0,128.0,267.0,,1650.0,0.0,0.0,3224.0,124.0,2.0,0.0,2788.0,1471.0,2564.0,275.0,0.0,351.0,324.0,0.0,775.0,0.0,0.0,341.0,0.0,98.0,0.0,98.0,0.0,1174.0,,396.0,1187.0,112.0,0.0,16.0,28.0,0.0,0.0,62.0,,0.0,,7563.0,513.0,1071.0,316.0,0.0,0.0,45.0,16.0,0.0,,0.0,373.0,0.0,62.0,1884.0,138.0,0.0,0.0,0.0,0.0,179.0,0.0,119.0,834.0,142.0,0.0,0.0,0.0,88.0,2050.0,119.0,51.0,,473.0,14.0,66.0,243.0,450.0,773.0,458.0,0.0,0.0,0.0,443.0,2220.0,0.0,0.0,0.0,0.0,39.0,292.0,2092.0,0.0,1892.0,0.0,0.0,40.0,0.0,1.0,288.0,657.0,0.0,1154.0,119.0,0.0,18.0,1722.0,999.0,0.0,0.0,0.0,70.0,,277.0,93.0,0.0,77.0,0.0,,196.0,4644.0,0.0,28.0,279.0,86.0,0.0,0.0,0.0,0.0,0.0,99.0,0.0,3.0,0.0,0.0,3824.0,0.0,62.0,0.0,0.0,756.0,,0.0,68.0,285.0,9135.0,0.0,0.0,31.0,0.0,198.0,0.0,0.0,4320.0,23.0,,0.0,5394.0,0.0,0.0,0.0,815.0,0.0,1.0,295.0,375.0,416.0,515.0,0.0,0.0,0.0,361.0,0.0,0.0,0.0,53.0,0.0,751.0,0.0,946.0,,0.0,177.0,0.0,1169.0,1151.0,729.0,14202.0,263.0,0.0,3516.0,117.0,19.0,481.0,,163.0,0.0,44.0,912.0,1.0,0.0,270.0,1624.0,272.0,2387.0,0.0,0.0
2009-46,0.0,0.0,0.0,187.0,0.0,35.0,218.0,416.0,0.0,109.0,0.0,278.0,5375.0,0.0,32.0,768.0,110.0,35.0,120.0,210.0,3441.0,0.0,35.0,83.0,0.0,62.0,0.0,5603.0,435.0,30.0,1957.0,553.0,,38.0,,0.0,0.0,368.0,0.0,455.0,376.0,821.0,0.0,731.0,2537.0,6246.0,0.0,,0.0,791.0,0.0,0.0,353.0,0.0,151.0,110.0,247.0,197.0,577.0,0.0,0.0,170.0,147.0,854.0,0.0,0.0,,138.0,0.0,,210.0,127.0,39.0,2968.0,0.0,0.0,0.0,0.0,0.0,2660.0,348.0,0.0,2635.0,304.0,,815.0,,0.0,0.0,832.0,0.0,2315.0,2393.0,0.0,203.0,184.0,,0.0,1.0,37.0,0.0,0.0,5969.0,7916.0,1.0,0.0,21.0,263.0,159.0,47.0,128.0,0.0,0.0,105.0,1196.0,0.0,51.0,1.0,0.0,0.0,1893.0,0.0,1.0,272.0,76.0,194.0,805.0,87.0,2288.0,1911.0,0.0,0.0,61.0,0.0,0.0,12.0,277.0,0.0,89.0,0.0,0.0,0.0,0.0,0.0,,0.0,0.0,0.0,0.0,113.0,3686.0,0.0,5347.0,4295.0,0.0,,23.0,567.0,1070.0,0.0,1.0,0.0,115.0,89.0,0.0,0.0,593.0,3024.0,1418.0,0.0,122.0,161.0,49.0,146.0,275.0,,1822.0,0.0,0.0,3065.0,141.0,5.0,0.0,3059.0,1426.0,2515.0,303.0,0.0,367.0,275.0,0.0,854.0,0.0,0.0,395.0,0.0,91.0,0.0,94.0,0.0,1249.0,944.0,442.0,1398.0,131.0,0.0,30.0,27.0,0.0,0.0,58.0,,0.0,,8504.0,548.0,1066.0,300.0,0.0,0.0,50.0,11.0,0.0,,0.0,421.0,0.0,89.0,2082.0,116.0,0.0,0.0,0.0,0.0,133.0,0.0,144.0,867.0,147.0,0.0,0.0,0.0,125.0,1950.0,138.0,37.0,,432.0,19.0,52.0,334.0,580.0,886.0,465.0,0.0,0.0,0.0,497.0,2194.0,0.0,0.0,0.0,0.0,37.0,241.0,2127.0,0.0,2108.0,0.0,0.0,26.0,0.0,0.0,326.0,650.0,0.0,1017.0,140.0,0.0,27.0,1724.0,980.0,0.0,1.0,0.0,77.0,,300.0,109.0,0.0,64.0,0.0,,195.0,4094.0,1.0,8.0,223.0,79.0,0.0,0.0,0.0,0.0,0.0,79.0,0.0,2.0,0.0,0.0,3958.0,0.0,61.0,0.0,0.0,798.0,,0.0,87.0,280.0,9382.0,0.0,0.0,43.0,0.0,320.0,0.0,0.0,4779.0,25.0,,0.0,5822.0,0.0,0.0,0.0,757.0,0.0,0.0,306.0,508.0,407.0,502.0,0.0,0.0,0.0,337.0,0.0,0.0,0.0,51.0,0.0,804.0,0.0,882.0,,0.0,146.0,0.0,1377.0,1175.0,723.0,16266.0,226.0,0.0,4098.0,99.0,18.0,414.0,,147.0,0.0,46.0,953.0,2.0,0.0,253.0,1591.0,301.0,2656.0,0.0,0.0
2009-47,0.0,0.0,0.0,119.0,0.0,25.0,150.0,278.0,0.0,82.0,0.0,178.0,4589.0,0.0,25.0,610.0,93.0,35.0,108.0,163.0,2897.0,0.0,24.0,71.0,0.0,33.0,0.0,4372.0,363.0,39.0,1594.0,445.0,,44.0,,0.0,0.0,294.0,0.0,376.0,258.0,600.0,0.0,598.0,2167.0,5335.0,0.0,,0.0,690.0,0.0,0.0,181.0,0.0,139.0,84.0,212.0,193.0,466.0,0.0,0.0,129.0,173.0,672.0,0.0,0.0,,108.0,0.0,,173.0,69.0,36.0,2354.0,0.0,0.0,0.0,0.0,0.0,2106.0,254.0,0.0,2379.0,237.0,,766.0,,0.0,0.0,681.0,0.0,1711.0,1807.0,0.0,177.0,161.0,,0.0,0.0,41.0,0.0,0.0,4538.0,6678.0,4.0,0.0,17.0,266.0,144.0,28.0,113.0,0.0,0.0,79.0,914.0,0.0,37.0,1.0,0.0,0.0,1836.0,0.0,0.0,256.0,78.0,163.0,627.0,63.0,1678.0,1402.0,0.0,0.0,52.0,0.0,0.0,8.0,258.0,0.0,78.0,0.0,0.0,0.0,0.0,0.0,,0.0,0.0,0.0,0.0,101.0,2661.0,1.0,3803.0,3523.0,0.0,,28.0,415.0,883.0,0.0,0.0,0.0,86.0,77.0,0.0,0.0,434.0,2254.0,1205.0,0.0,119.0,127.0,34.0,124.0,179.0,,1554.0,0.0,0.0,2461.0,142.0,4.0,0.0,2592.0,1197.0,2008.0,215.0,0.0,324.0,257.0,0.0,555.0,0.0,0.0,287.0,0.0,102.0,0.0,72.0,0.0,1089.0,810.0,358.0,1024.0,104.0,0.0,22.0,23.0,0.0,0.0,49.0,,0.0,,7405.0,421.0,927.0,262.0,0.0,0.0,43.0,13.0,0.0,,0.0,356.0,0.0,62.0,1486.0,67.0,0.0,0.0,0.0,0.0,125.0,0.0,86.0,764.0,127.0,0.0,0.0,0.0,86.0,1672.0,106.0,20.0,,386.0,9.0,65.0,328.0,434.0,618.0,412.0,0.0,1.0,0.0,454.0,1666.0,0.0,0.0,0.0,0.0,48.0,217.0,1710.0,0.0,1562.0,0.0,0.0,27.0,0.0,0.0,187.0,505.0,0.0,862.0,107.0,0.0,18.0,1618.0,844.0,0.0,1.0,0.0,51.0,,218.0,85.0,0.0,49.0,0.0,,152.0,3562.0,0.0,10.0,185.0,59.0,0.0,0.0,0.0,0.0,0.0,53.0,0.0,1.0,0.0,0.0,3146.0,0.0,34.0,0.0,0.0,619.0,,0.0,81.0,233.0,8062.0,0.0,0.0,31.0,0.0,844.0,0.0,0.0,3730.0,28.0,,0.0,4654.0,0.0,0.0,0.0,517.0,0.0,0.0,215.0,318.0,310.0,349.0,0.0,0.0,0.0,275.0,0.0,0.0,0.0,41.0,0.0,627.0,0.0,731.0,,0.0,123.0,0.0,1002.0,921.0,572.0,13766.0,175.0,0.0,3507.0,96.0,16.0,321.0,,125.0,0.0,30.0,760.0,0.0,0.0,246.0,1262.0,226.0,2002.0,0.0,0.0
2009-48,0.0,0.0,0.0,152.0,0.0,37.0,210.0,304.0,0.0,104.0,0.0,202.0,4014.0,0.0,36.0,700.0,101.0,44.0,102.0,164.0,2705.0,0.0,41.0,54.0,0.0,48.0,0.0,4473.0,360.0,46.0,1648.0,487.0,,39.0,,0.0,0.0,317.0,0.0,317.0,146.0,631.0,0.0,799.0,2146.0,4807.0,0.0,,0.0,673.0,0.0,0.0,232.0,0.0,118.0,101.0,220.0,160.0,470.0,0.0,0.0,107.0,140.0,753.0,0.0,0.0,,129.0,0.0,,167.0,125.0,35.0,2360.0,0.0,0.0,0.0,0.0,0.0,2341.0,301.0,0.0,2104.0,234.0,,662.0,,0.0,0.0,713.0,0.0,1751.0,1852.0,0.0,144.0,156.0,,8.0,0.0,32.0,0.0,0.0,4876.0,6960.0,4.0,0.0,19.0,375.0,123.0,45.0,82.0,0.0,0.0,96.0,717.0,0.0,30.0,1.0,0.0,0.0,2112.0,0.0,0.0,169.0,72.0,158.0,661.0,51.0,1670.0,1454.0,0.0,0.0,36.0,0.0,0.0,19.0,325.0,0.0,71.0,0.0,0.0,0.0,0.0,0.0,,0.0,0.0,0.0,0.0,78.0,1383.0,0.0,3711.0,3247.0,0.0,,39.0,482.0,903.0,0.0,0.0,0.0,73.0,76.0,0.0,0.0,449.0,2350.0,1130.0,0.0,128.0,142.0,51.0,141.0,211.0,,1511.0,0.0,0.0,2539.0,123.0,8.0,0.0,2472.0,1091.0,2043.0,209.0,0.0,314.0,226.0,0.0,385.0,0.0,0.0,288.0,0.0,102.0,0.0,60.0,0.0,984.0,783.0,336.0,926.0,98.0,0.0,22.0,17.0,0.0,0.0,33.0,,0.0,,6797.0,431.0,912.0,246.0,0.0,0.0,56.0,23.0,0.0,,0.0,377.0,0.0,71.0,1211.0,74.0,0.0,0.0,0.0,0.0,147.0,0.0,98.0,688.0,132.0,0.0,0.0,0.0,87.0,1576.0,115.0,20.0,,340.0,11.0,58.0,281.0,436.0,751.0,362.0,0.0,0.0,0.0,411.0,1766.0,0.0,1.0,0.0,0.0,43.0,199.0,1806.0,0.0,1455.0,0.0,0.0,17.0,0.0,0.0,183.0,610.0,0.0,797.0,94.0,0.0,19.0,1486.0,772.0,0.0,3.0,0.0,48.0,,246.0,88.0,0.0,69.0,0.0,,164.0,2734.0,0.0,10.0,200.0,80.0,0.0,0.0,0.0,0.0,1.0,56.0,0.0,1.0,0.0,0.0,3017.0,0.0,53.0,0.0,0.0,611.0,,0.0,78.0,197.0,8044.0,0.0,0.0,36.0,0.0,495.0,0.0,0.0,3272.0,17.0,,0.0,4760.0,0.0,0.0,0.0,563.0,0.0,0.0,146.0,189.0,324.0,420.0,0.0,0.0,0.0,409.0,0.0,0.0,0.0,48.0,0.0,626.0,0.0,743.0,,0.0,122.0,0.0,889.0,912.0,552.0,11161.0,180.0,0.0,3001.0,93.0,18.0,316.0,439.0,110.0,0.0,35.0,820.0,0.0,0.0,204.0,1175.0,231.0,1826.0,0.0,0.0
2009-49,0.0,0.0,0.0,132.0,0.0,23.0,182.0,281.0,0.0,71.0,0.0,218.0,3485.0,0.0,30.0,604.0,119.0,31.0,78.0,164.0,2602.0,0.0,45.0,49.0,0.0,41.0,52.0,4155.0,383.0,59.0,1569.0,389.0,,34.0,,0.0,0.0,271.0,0.0,310.0,128.0,587.0,0.0,514.0,1798.0,4144.0,0.0,,0.0,574.0,0.0,0.0,183.0,0.0,107.0,71.0,151.0,160.0,358.0,0.0,0.0,99.0,137.0,728.0,0.0,0.0,,130.0,0.0,,162.0,90.0,33.0,2056.0,0.0,0.0,0.0,0.0,0.0,2004.0,305.0,0.0,1848.0,974.0,,587.0,463.0,0.0,0.0,756.0,0.0,1517.0,1802.0,0.0,137.0,139.0,,144.0,0.0,31.0,0.0,0.0,4518.0,7091.0,8.0,0.0,12.0,265.0,147.0,27.0,74.0,0.0,1.0,107.0,560.0,0.0,30.0,3.0,0.0,0.0,1688.0,0.0,0.0,210.0,103.0,98.0,758.0,61.0,1569.0,1427.0,0.0,0.0,54.0,0.0,0.0,6.0,245.0,0.0,81.0,0.0,0.0,0.0,0.0,0.0,,0.0,0.0,0.0,0.0,79.0,1131.0,0.0,3336.0,3129.0,0.0,,16.0,414.0,877.0,0.0,0.0,0.0,81.0,93.0,0.0,0.0,375.0,2152.0,1066.0,0.0,118.0,142.0,30.0,111.0,204.0,,1440.0,0.0,0.0,2491.0,118.0,2.0,0.0,2321.0,958.0,1831.0,227.0,0.0,313.0,221.0,0.0,278.0,0.0,0.0,261.0,0.0,92.0,0.0,48.0,0.0,993.0,711.0,370.0,749.0,94.0,0.0,26.0,8.0,0.0,0.0,41.0,,0.0,,5747.0,376.0,907.0,274.0,0.0,0.0,41.0,2.0,0.0,,0.0,352.0,0.0,67.0,1146.0,58.0,0.0,0.0,0.0,0.0,169.0,0.0,99.0,601.0,111.0,0.0,0.0,0.0,98.0,1524.0,323.0,14.0,,324.0,8.0,55.0,267.0,443.0,650.0,346.0,0.0,0.0,0.0,402.0,1673.0,0.0,0.0,0.0,0.0,28.0,214.0,1744.0,0.0,1389.0,0.0,0.0,22.0,0.0,0.0,144.0,563.0,0.0,790.0,110.0,0.0,24.0,1357.0,837.0,0.0,1.0,0.0,52.0,,198.0,80.0,0.0,48.0,0.0,,176.0,2515.0,0.0,10.0,155.0,84.0,0.0,0.0,0.0,0.0,0.0,53.0,0.0,10.0,0.0,0.0,2950.0,0.0,36.0,0.0,0.0,606.0,,0.0,68.0,264.0,7400.0,0.0,0.0,28.0,0.0,210.0,0.0,0.0,2796.0,14.0,,0.0,4275.0,0.0,0.0,0.0,538.0,0.0,0.0,97.0,155.0,277.0,458.0,0.0,0.0,0.0,331.0,0.0,0.0,0.0,41.0,0.0,553.0,0.0,804.0,,0.0,117.0,0.0,786.0,718.0,491.0,9669.0,199.0,0.0,2609.0,54.0,14.0,289.0,414.0,104.0,0.0,30.0,853.0,0.0,0.0,176.0,2153.0,192.0,1764.0,0.0,0.0
2009-50,0.0,0.0,0.0,148.0,0.0,29.0,166.0,321.0,0.0,93.0,1.0,201.0,3284.0,0.0,23.0,652.0,93.0,32.0,93.0,159.0,2736.0,0.0,18.0,51.0,0.0,34.0,82.0,4905.0,276.0,39.0,1512.0,439.0,,27.0,,0.0,0.0,273.0,0.0,202.0,98.0,600.0,0.0,578.0,1737.0,3891.0,0.0,,0.0,677.0,0.0,0.0,178.0,0.0,130.0,97.0,215.0,161.0,434.0,0.0,0.0,100.0,147.0,688.0,0.0,0.0,,68.0,0.0,,211.0,94.0,27.0,2216.0,0.0,0.0,0.0,0.0,0.0,1930.0,294.0,0.0,1781.0,217.0,,584.0,448.0,0.0,0.0,634.0,0.0,1500.0,1829.0,0.0,131.0,119.0,,145.0,0.0,50.0,0.0,0.0,4868.0,7251.0,3.0,0.0,14.0,254.0,150.0,37.0,84.0,0.0,0.0,78.0,619.0,0.0,37.0,2.0,0.0,0.0,1827.0,0.0,0.0,194.0,63.0,99.0,626.0,74.0,1710.0,1490.0,0.0,0.0,57.0,0.0,0.0,8.0,270.0,0.0,82.0,0.0,0.0,0.0,0.0,0.0,,0.0,0.0,0.0,0.0,80.0,914.0,0.0,3248.0,3225.0,0.0,,18.0,379.0,937.0,0.0,0.0,0.0,87.0,86.0,0.0,0.0,436.0,2020.0,1035.0,0.0,96.0,125.0,26.0,115.0,189.0,,1400.0,0.0,0.0,2626.0,132.0,2.0,0.0,2270.0,927.0,1920.0,220.0,0.0,273.0,194.0,0.0,366.0,0.0,0.0,277.0,0.0,88.0,0.0,43.0,0.0,923.0,704.0,327.0,779.0,96.0,0.0,27.0,15.0,0.0,0.0,28.0,811.0,0.0,,5695.0,422.0,876.0,316.0,0.0,0.0,52.0,16.0,0.0,,0.0,350.0,0.0,51.0,1160.0,65.0,0.0,0.0,0.0,0.0,151.0,0.0,86.0,629.0,128.0,0.0,0.0,0.0,121.0,1434.0,86.0,20.0,,346.0,4.0,49.0,243.0,427.0,604.0,340.0,0.0,0.0,0.0,441.0,1680.0,0.0,0.0,0.0,0.0,34.0,218.0,1601.0,0.0,1352.0,0.0,0.0,23.0,0.0,0.0,131.0,517.0,0.0,716.0,100.0,0.0,14.0,1350.0,865.0,0.0,0.0,0.0,51.0,,194.0,80.0,0.0,36.0,0.0,,179.0,2338.0,0.0,9.0,127.0,84.0,0.0,0.0,0.0,0.0,0.0,52.0,0.0,4.0,0.0,0.0,2864.0,0.0,42.0,0.0,0.0,575.0,5631.0,0.0,78.0,167.0,7608.0,0.0,0.0,49.0,0.0,168.0,0.0,0.0,2652.0,11.0,,0.0,4439.0,0.0,0.0,0.0,571.0,0.0,1.0,122.0,157.0,333.0,394.0,0.0,0.0,0.0,308.0,0.0,0.0,0.0,47.0,0.0,521.0,0.0,701.0,,0.0,101.0,0.0,879.0,574.0,525.0,9669.0,209.0,0.0,2473.0,77.0,19.0,344.0,391.0,120.0,0.0,29.0,770.0,0.0,0.0,167.0,1004.0,185.0,1670.0,0.0,0.0
2009-51,0.0,0.0,0.0,142.0,0.0,36.0,193.0,324.0,0.0,86.0,0.0,232.0,3913.0,0.0,24.0,501.0,108.0,37.0,75.0,111.0,2322.0,0.0,25.0,66.0,0.0,28.0,42.0,3964.0,255.0,35.0,1356.0,380.0,,40.0,,0.0,0.0,232.0,0.0,206.0,95.0,704.0,0.0,673.0,1586.0,4081.0,0.0,,0.0,597.0,0.0,0.0,152.0,0.0,136.0,94.0,205.0,164.0,439.0,0.0,0.0,97.0,131.0,639.0,0.0,0.0,,86.0,0.0,,168.0,75.0,32.0,1834.0,0.0,0.0,0.0,0.0,0.0,1898.0,250.0,0.0,1546.0,186.0,,680.0,456.0,0.0,0.0,608.0,0.0,1582.0,1648.0,0.0,208.0,148.0,,128.0,1.0,28.0,0.0,0.0,4688.0,7950.0,61.0,0.0,10.0,255.0,94.0,29.0,93.0,0.0,0.0,62.0,576.0,0.0,24.0,1.0,0.0,0.0,1781.0,0.0,0.0,236.0,75.0,103.0,523.0,41.0,1700.0,1297.0,0.0,0.0,40.0,0.0,0.0,8.0,228.0,0.0,69.0,0.0,0.0,0.0,0.0,0.0,,0.0,0.0,0.0,0.0,76.0,711.0,0.0,3170.0,2511.0,0.0,2065.0,22.0,411.0,828.0,0.0,0.0,0.0,90.0,67.0,0.0,0.0,334.0,2015.0,995.0,0.0,108.0,100.0,41.0,115.0,189.0,,1419.0,0.0,0.0,2686.0,106.0,4.0,0.0,2064.0,1028.0,1830.0,193.0,0.0,251.0,229.0,0.0,250.0,0.0,0.0,201.0,0.0,97.0,0.0,42.0,0.0,842.0,693.0,301.0,735.0,79.0,0.0,19.0,13.0,0.0,0.0,45.0,829.0,0.0,,6025.0,403.0,787.0,288.0,0.0,0.0,70.0,6.0,0.0,,0.0,315.0,0.0,61.0,1000.0,71.0,0.0,0.0,0.0,0.0,146.0,0.0,97.0,505.0,107.0,0.0,0.0,0.0,67.0,1237.0,84.0,14.0,,321.0,10.0,46.0,249.0,418.0,541.0,294.0,0.0,0.0,0.0,423.0,1652.0,0.0,0.0,0.0,0.0,24.0,294.0,1474.0,0.0,1207.0,0.0,0.0,24.0,0.0,0.0,132.0,438.0,0.0,683.0,75.0,0.0,9.0,1127.0,859.0,0.0,1.0,0.0,48.0,,161.0,92.0,0.0,27.0,0.0,,170.0,2767.0,0.0,9.0,143.0,55.0,0.0,0.0,0.0,0.0,3.0,57.0,0.0,1.0,0.0,0.0,2633.0,0.0,53.0,0.0,0.0,536.0,5226.0,0.0,62.0,204.0,7633.0,0.0,0.0,37.0,0.0,148.0,0.0,0.0,2352.0,15.0,,0.0,4128.0,0.0,0.0,0.0,480.0,0.0,0.0,75.0,133.0,325.0,385.0,0.0,0.0,0.0,341.0,0.0,0.0,0.0,69.0,0.0,543.0,0.0,737.0,,0.0,103.0,0.0,825.0,526.0,533.0,7960.0,133.0,0.0,2254.0,54.0,15.0,346.0,382.0,111.0,0.0,24.0,923.0,0.0,0.0,178.0,928.0,190.0,1558.0,0.0,0.0
2009-52,0.0,0.0,0.0,68.0,0.0,44.0,104.0,186.0,0.0,56.0,2.0,149.0,3051.0,0.0,18.0,412.0,180.0,19.0,61.0,85.0,2532.0,0.0,21.0,46.0,0.0,31.0,63.0,4112.0,200.0,18.0,1064.0,286.0,,20.0,243.0,0.0,0.0,187.0,0.0,160.0,77.0,527.0,0.0,1168.0,1300.0,3501.0,0.0,,0.0,432.0,0.0,0.0,100.0,0.0,86.0,62.0,160.0,92.0,349.0,0.0,0.0,66.0,119.0,711.0,0.0,0.0,,107.0,0.0,,130.0,36.0,16.0,1364.0,0.0,0.0,0.0,0.0,0.0,1290.0,203.0,0.0,1207.0,163.0,,584.0,338.0,0.0,0.0,454.0,0.0,1354.0,1417.0,0.0,122.0,87.0,,147.0,0.0,27.0,0.0,0.0,4072.0,8299.0,43.0,0.0,10.0,191.0,93.0,17.0,46.0,0.0,0.0,69.0,372.0,0.0,18.0,1.0,0.0,0.0,1539.0,0.0,0.0,111.0,43.0,72.0,547.0,40.0,1634.0,1045.0,0.0,0.0,38.0,0.0,0.0,7.0,179.0,0.0,46.0,0.0,0.0,0.0,0.0,0.0,,0.0,0.0,0.0,0.0,63.0,531.0,2.0,2045.0,1471.0,0.0,952.0,25.0,265.0,801.0,0.0,0.0,0.0,50.0,56.0,0.0,0.0,237.0,2209.0,793.0,0.0,69.0,86.0,28.0,86.0,117.0,,1174.0,0.0,0.0,2179.0,127.0,2.0,0.0,1796.0,1013.0,1527.0,195.0,0.0,171.0,175.0,0.0,160.0,0.0,0.0,204.0,0.0,66.0,0.0,37.0,0.0,670.0,639.0,235.0,482.0,51.0,0.0,19.0,17.0,0.0,0.0,26.0,684.0,0.0,,4957.0,298.0,585.0,160.0,0.0,0.0,29.0,7.0,0.0,,0.0,204.0,0.0,51.0,827.0,45.0,0.0,0.0,0.0,0.0,113.0,0.0,67.0,348.0,111.0,0.0,0.0,0.0,46.0,1025.0,71.0,19.0,,261.0,8.0,43.0,203.0,222.0,421.0,271.0,0.0,1.0,0.0,394.0,1469.0,0.0,0.0,0.0,0.0,22.0,116.0,1313.0,0.0,993.0,0.0,0.0,35.0,0.0,0.0,71.0,335.0,0.0,560.0,56.0,0.0,9.0,840.0,546.0,0.0,0.0,0.0,35.0,,125.0,48.0,0.0,24.0,0.0,,115.0,2398.0,0.0,5.0,130.0,54.0,0.0,0.0,0.0,0.0,0.0,43.0,0.0,4.0,0.0,0.0,2181.0,0.0,35.0,0.0,0.0,476.0,4357.0,0.0,66.0,154.0,6225.0,0.0,0.0,38.0,0.0,95.0,0.0,0.0,1751.0,9.0,,0.0,5041.0,0.0,0.0,0.0,357.0,0.0,0.0,49.0,96.0,215.0,232.0,0.0,0.0,0.0,208.0,0.0,0.0,0.0,32.0,0.0,469.0,0.0,626.0,,0.0,86.0,0.0,1064.0,438.0,433.0,4517.0,142.0,0.0,1538.0,39.0,10.0,234.0,382.0,130.0,0.0,28.0,843.0,1.0,0.0,109.0,763.0,142.0,1156.0,0.0,0.0
2009-53,0.0,0.0,0.0,47.0,0.0,14.0,97.0,141.0,0.0,47.0,1.0,101.0,2075.0,0.0,12.0,291.0,77.0,14.0,29.0,62.0,1648.0,0.0,14.0,27.0,0.0,21.0,20.0,3204.0,159.0,17.0,776.0,228.0,,12.0,142.0,0.0,0.0,160.0,0.0,95.0,52.0,363.0,0.0,473.0,783.0,2253.0,0.0,,0.0,335.0,0.0,0.0,62.0,0.0,46.0,30.0,95.0,78.0,240.0,0.0,0.0,44.0,84.0,466.0,0.0,0.0,,71.0,0.0,,90.0,17.0,14.0,951.0,0.0,0.0,0.0,0.0,0.0,848.0,125.0,0.0,879.0,133.0,,359.0,212.0,0.0,0.0,337.0,0.0,899.0,992.0,0.0,79.0,53.0,,60.0,0.0,24.0,0.0,0.0,1838.0,5284.0,26.0,0.0,8.0,144.0,43.0,19.0,48.0,0.0,0.0,32.0,289.0,0.0,27.0,1.0,0.0,0.0,1004.0,0.0,0.0,85.0,38.0,52.0,353.0,22.0,937.0,652.0,0.0,0.0,24.0,0.0,0.0,6.0,123.0,0.0,24.0,0.0,0.0,0.0,0.0,0.0,,0.0,0.0,0.0,0.0,39.0,328.0,0.0,1362.0,953.0,0.0,719.0,11.0,178.0,474.0,0.0,0.0,0.0,46.0,32.0,0.0,0.0,213.0,1261.0,511.0,0.0,32.0,66.0,22.0,53.0,100.0,,860.0,0.0,0.0,1433.0,82.0,1.0,0.0,1273.0,665.0,899.0,96.0,0.0,126.0,112.0,0.0,112.0,0.0,0.0,135.0,0.0,66.0,0.0,22.0,0.0,476.0,372.0,131.0,264.0,36.0,0.0,11.0,7.0,0.0,0.0,27.0,407.0,0.0,,3363.0,211.0,402.0,111.0,0.0,0.0,28.0,3.0,0.0,,0.0,178.0,0.0,47.0,594.0,31.0,0.0,0.0,0.0,0.0,68.0,0.0,34.0,264.0,67.0,0.0,0.0,0.0,41.0,685.0,31.0,8.0,354.0,190.0,3.0,14.0,116.0,184.0,290.0,166.0,0.0,0.0,0.0,215.0,1076.0,0.0,0.0,0.0,0.0,25.0,95.0,871.0,0.0,654.0,0.0,0.0,11.0,0.0,0.0,40.0,253.0,0.0,379.0,42.0,0.0,6.0,485.0,359.0,0.0,2.0,0.0,29.0,,90.0,47.0,0.0,19.0,0.0,,72.0,1730.0,0.0,2.0,85.0,32.0,0.0,0.0,0.0,0.0,0.0,60.0,0.0,3.0,0.0,0.0,1398.0,0.0,21.0,0.0,0.0,325.0,2676.0,0.0,33.0,77.0,4440.0,0.0,0.0,28.0,0.0,51.0,0.0,0.0,1154.0,6.0,,0.0,2395.0,0.0,0.0,0.0,222.0,0.0,0.0,47.0,60.0,159.0,196.0,0.0,0.0,0.0,177.0,0.0,0.0,0.0,13.0,0.0,339.0,0.0,460.0,,0.0,67.0,0.0,604.0,282.0,259.0,3006.0,88.0,0.0,1159.0,26.0,7.0,183.0,305.0,79.0,0.0,15.0,503.0,0.0,0.0,74.0,529.0,148.0,778.0,0.0,0.0
