Week,14._Februar,1918,1919,1920,1933,1957,1958,1968,1969,1976,1977,1999,2005,AIDS,Acetylsalicylsäure,Adamantan,Adolf_Mayer_(Agronom),Akute_Bronchitis,Akute_Mittelohrentzündung,Alexander_S._Kekulé,Allen_Welsh_Dulles,Allergie,Amantadin,Antibiotikum,Antigen,Antigendrift,Antigenerbsünde,Antigenshift,Antikörper,Asiatische_Grippe,Astrologie,Bakterien,Berna_Biotech,Bertolt_Brecht,Biologische_Schutzstufe,Biologische_Sicherheitsstufe,Blutsenkungsreaktion,Charles_Tomlinson_Griffes,Cholecalciferol,Cholera,Coxsackie-Virus,Denguefieber,Desinfektion,Deutsch-Sowjetischer_Krieg,Dilatative_Kardiomyopathie,Dispositionsprophylaxe,Durchfall,Elektronenmikroskop,Enzephalitis,Epidemie,Epidemien,Epidemiologische_Überwachung,Erbrechen,Erkrankungen_des_Atmungssystems,Erkältung,Eukalyptusöl,European_Centre_for_Disease_Prevention_and_Control,European_Influenza_Surveillance_Scheme,Europäische_Schlafkrankheit,Europäisches_Zentrum_für_die_Prävention_und_die_Kontrolle_von_Krankheiten,Expositionsprophylaxe,Fieber,Franz_Schönhuber,Frettchen,Frühsommer-Meningoenzephalitis,Gastroenteritis,Geflügelpest,Geflügelpestschutzverordnung,Gelbfieber,Gendrift,Generikum,Gilead_Sciences,GlaxoSmithKline,Gliederschmerz,Grippe,Grippe_(Begriffsklärung),Grippeimpfung,HIV,Haemophilus,Halsschmerzen,Hantaviren,Hausmittel,Haussperling,Hit_and_Run_(Medizin),Hoffmann-La_Roche,Hongkong-Grippe,Husten,Hygiene,Hämagglutination,Hämagglutinin_(Influenzavirus_A),Immunisierung,Immunsystem,Impfen,Impfkalender,Impfkritik,Impfstoff,Impfung,Infektion,Infektionsepidemiologisches_Jahrbuch,Infektionskrankheit,Influenza,Influenza-A-Virus_H1N1,Influenza-A-Virus_H5N1,Influenza-Schnelltest,Influenzaimpfstoff,Influenzapandemie,Influenzavirus,Inkubationszeit,Intercell,Internationale_statistische_Klassifikation_der_Krankheiten_und_verwandter_Gesundheitsprobleme,Jakow_Michailowitsch_Swerdlow,Johannes_Paul_II.,Jonas_Salk,Kapsid,Klaus_Stöhr,Kohortenisolierung,Krankheit,Krankheitserreger,Königsberg_(Preußen),Laryngitis,Lassafieber,Lebendimpfstoff,Leitsymptom,Liste_der_Krankheiten_des_Atmungssystems_nach_ICD-10,Liste_der_unentbehrlichen_Arzneimittel_der_Weltgesundheitsorganisation,Liste_von_Subtypen_des_Influenza-A-Virus,Listeria_monocytogenes,Luftzug,Lungenentzündung,Lymphozytäre_Choriomeningitis,MERS-CoV,MMW-Fortschritte_der_Medizin,Masern,Medical_Research_Council_(UK),Meningitis,Mittelalter,Multiple_Sklerose,Mundschutz_(Medizin),Myalgie,Myokarditis,Myositis,Myxoviren,Māori,Nasensekret,National_Institute_for_Medical_Research,Nationaler_Pandemieplan,Nationales_Referenzzentrum,Nature,Neuraminidase,Neuraminidase-Hemmer,Nosokomiale_Infektion,Novartis,Opioide,Orthomyxoviren,Orthomyxoviridae,Oseltamivir,PH-Wert,Paläoserologie,Pandemie,Pandemie_H1N1_2009,Pandemie_H1N1_2009/10,Patrick_Laidlaw,Peramivir,Peru,Pest,Pfeiffer-Drüsenfieber,Pferdeinfluenza,Pharyngitis,Pneumokokken,Polymerase-Kettenreaktion,Preußen,Protein,Proteomik,Pseudokrupp,RIG-I,RNA-Virus,Resistenz,Respiratory-Syncytial-Virus,Reye-Syndrom,Rhinitis,Ribavirin,Richard_Pfeiffer_(Bakteriologe),Richard_Shope,Rifttalfieber,Rimantadin,Robert_Koch,Robert_Koch-Institut,Robert_Webster_(Virologe),Russische_Grippe,Sachsen-Anhalt,Schmierinfektion,Schwangerschaft,Schweinegrippe-Impfung,Schweineinfluenza,Schüttelfrost,Sekundärinfektion,Selbstmedikation,Shikimisäure,Sialinsäuren,Spanische_Grippe,Speichel,Stammzelltransplantation,Staphylococcus_aureus,Stomatitis_vesicularis,Superinfektion,Symptom,Tamiflu,Theophyllin,Theoretische_Biologie,Tilapia-Teich-Virus,Tollwut,Tracheobronchitis,Trinkwasser,Tröpfcheninfektion,Vektor_(Biologie),Verbreitung_von_H5N1,Viren,Virologie,Virostatikum,Virusinfektion,Vogelgrippe_H5N1,Vogelgrippe_H7N9,Vögel,Weltgesundheitsorganisation,Wendell_Meredith_Stanley,West-Nil-Virus,Wirt_(Biologie),World_Health_Organization,Zanamivir,Zecken,Zellkultur,Zervixkarzinom,Zikavirus-Epidemie_2015/2016,Zytokin,Zytokinsturm,Zytomegalie,Übersterblichkeit
2017-01,398.0,,,,,,,,,,,,,,10319.0,272.0,0.0,6274.0,4308.0,51.0,,3608.0,,9668.0,,145.0,28.0,145.0,,159.0,2568.0,6493.0,16.0,,1088.0,425.0,1837.0,,,,1327.0,4183.0,2111.0,6272.0,1069.0,39.0,4206.0,1306.0,3518.0,,7.0,100.0,2445.0,26.0,8356.0,282.0,,16.0,763.0,95.0,,,,,1294.0,,1247.0,53.0,3061.0,637.0,2250.0,,,249.0,,0.0,1380.0,,,466.0,3665.0,119.0,3758.0,0.0,,308.0,1492.0,,245.0,0.0,160.0,3234.0,36.0,289.0,13.0,774.0,3330.0,1827.0,5.0,2905.0,,1229.0,1029.0,496.0,32.0,1.0,,2138.0,,7743.0,367.0,6143.0,,534.0,13.0,127.0,1768.0,1079.0,,,329.0,571.0,261.0,1117.0,1496.0,468.0,,279.0,12569.0,131.0,,46.0,7344.0,,,11542.0,21412.0,0.0,1329.0,3748.0,,17.0,,2868.0,,19.0,28.0,,,195.0,1891.0,,3790.0,11.0,,,13120.0,14.0,,12.0,498.0,,,,18512.0,13010.0,113.0,,2722.0,4009.0,,,344.0,4869.0,,392.0,663.0,8572.0,1758.0,,,0.0,,111.0,44.0,,,0.0,228.0,,706.0,6289.0,140.0,639.0,2883.0,215.0,162.0,177.0,341.0,4828.0,1279.0,1999.0,,46.0,708.0,,,1819.0,226.0,0.0,7076.0,,2066.0,764.0,0.0,138.0,,299.0,1248.0,3332.0,1200.0,281.0,4929.0,2258.0,,442.0,0.0,,,1990.0,768.0,2009.0,99.0,1383.0,135.0,2878.0,50.0
2017-02,521.0,,,,,,,,,,,,,,11371.0,302.0,0.0,6095.0,4105.0,103.0,,3987.0,,10597.0,,149.0,33.0,152.0,,211.0,2459.0,8535.0,22.0,,1600.0,578.0,2405.0,,,,1470.0,4799.0,2466.0,7068.0,1199.0,40.0,4388.0,1744.0,3943.0,,10.0,180.0,2403.0,26.0,7560.0,281.0,,18.0,772.0,82.0,,10678.0,,,1678.0,,1629.0,77.0,3600.0,1001.0,2167.0,,,226.0,761.0,0.0,2138.0,,,404.0,2764.0,91.0,3551.0,0.0,,376.0,1433.0,,261.0,0.0,220.0,3761.0,45.0,353.0,20.0,929.0,4136.0,2306.0,2.0,3499.0,,1289.0,1247.0,617.0,53.0,2.0,,2207.0,,8587.0,267.0,5141.0,,578.0,8.0,113.0,2074.0,1362.0,,,327.0,744.0,285.0,1226.0,1351.0,470.0,,222.0,13699.0,121.0,,31.0,7574.0,,,13449.0,21738.0,0.0,1424.0,3821.0,,15.0,,2381.0,,24.0,29.0,,,189.0,2081.0,,3964.0,10.0,,,14962.0,7.0,,4.0,565.0,,,,13234.0,14451.0,98.0,,3205.0,5933.0,,,383.0,5138.0,,504.0,759.0,6014.0,1862.0,,,0.0,,230.0,37.0,,,0.0,239.0,,823.0,6301.0,166.0,833.0,2703.0,234.0,135.0,191.0,344.0,4806.0,1425.0,2615.0,,85.0,746.0,,,2206.0,175.0,0.0,6726.0,,2425.0,834.0,0.0,144.0,,277.0,1402.0,3588.0,1505.0,302.0,6197.0,2835.0,,496.0,0.0,,,2102.0,934.0,2346.0,150.0,1631.0,131.0,3369.0,73.0
2017-03,669.0,,,,,,,,,,,,,,11291.0,309.0,0.0,6695.0,3992.0,75.0,,4175.0,,9843.0,,145.0,42.0,158.0,,215.0,2569.0,8158.0,37.0,,1667.0,648.0,2520.0,,,,1500.0,4337.0,2499.0,6738.0,1164.0,51.0,4253.0,1674.0,3618.0,,13.0,203.0,2268.0,11.0,7454.0,335.0,,13.0,852.0,100.0,,11473.0,,,1766.0,,1293.0,42.0,8410.0,928.0,2252.0,,,247.0,722.0,0.0,1996.0,,,417.0,3111.0,105.0,3716.0,0.0,,379.0,1384.0,,273.0,0.0,235.0,3762.0,50.0,346.0,20.0,883.0,3701.0,2250.0,5.0,3228.0,,1507.0,1119.0,723.0,53.0,1.0,,2312.0,,8646.0,265.0,4639.0,,545.0,19.0,126.0,2148.0,1295.0,,,898.0,774.0,250.0,1092.0,1438.0,380.0,,198.0,12498.0,185.0,,31.0,8488.0,,,12541.0,23534.0,0.0,1426.0,3654.0,,19.0,,2324.0,,23.0,27.0,,,259.0,1988.0,,4028.0,10.0,,,15027.0,7.0,,8.0,552.0,,,,16487.0,14767.0,83.0,,3107.0,5887.0,,,386.0,8270.0,,489.0,820.0,5496.0,1817.0,,,0.0,,150.0,48.0,,,0.0,334.0,,705.0,6243.0,219.0,948.0,3000.0,234.0,139.0,194.0,340.0,5424.0,1383.0,2204.0,,87.0,781.0,,,2188.0,198.0,0.0,7525.0,,2294.0,876.0,0.0,168.0,,282.0,1364.0,3464.0,1176.0,256.0,6069.0,2771.0,,466.0,0.0,,,2200.0,896.0,2405.0,74.0,1669.0,157.0,3192.0,86.0
2017-04,874.0,,,,,,,,,,,,,,11408.0,310.0,0.0,6759.0,4017.0,71.0,,3959.0,,9570.0,,115.0,25.0,115.0,,289.0,2439.0,7699.0,53.0,,1610.0,693.0,2526.0,,,,1557.0,4030.0,2488.0,6819.0,1239.0,37.0,4095.0,1623.0,3680.0,,9.0,183.0,2207.0,34.0,8836.0,318.0,,17.0,1000.0,94.0,,13476.0,,,1535.0,,1433.0,60.0,5719.0,925.0,2243.0,,,276.0,850.0,0.0,1654.0,,,461.0,2293.0,81.0,3634.0,0.0,,392.0,1586.0,,254.0,0.0,213.0,3665.0,21.0,275.0,21.0,944.0,3772.0,2156.0,3.0,3219.0,,1624.0,1534.0,1016.0,38.0,1.0,,2194.0,,9323.0,307.0,4436.0,,562.0,17.0,163.0,2083.0,1309.0,,,379.0,791.0,277.0,1155.0,1320.0,1181.0,,231.0,13663.0,119.0,,41.0,14530.0,,,11765.0,22907.0,0.0,1385.0,3825.0,,20.0,,2499.0,,37.0,31.0,,,282.0,1944.0,,4166.0,9.0,,,15122.0,9.0,,15.0,651.0,,,,11618.0,14494.0,125.0,,3338.0,5583.0,,,391.0,10138.0,,481.0,767.0,6619.0,1902.0,,,0.0,,139.0,55.0,,,0.0,306.0,,736.0,6030.0,164.0,1058.0,3672.0,214.0,156.0,172.0,358.0,7326.0,1471.0,2781.0,,100.0,782.0,,,2219.0,153.0,0.0,6651.0,,2268.0,754.0,0.0,122.0,,329.0,1342.0,3717.0,1120.0,229.0,5722.0,3141.0,,445.0,0.0,,,2031.0,976.0,2663.0,66.0,1683.0,157.0,3727.0,79.0
2017-05,1288.0,,,,,,,,,,,,,,11751.0,287.0,0.0,5897.0,4507.0,50.0,,4105.0,,9924.0,,155.0,27.0,164.0,,378.0,2153.0,7459.0,33.0,,1694.0,601.0,2349.0,,,,1710.0,4209.0,2243.0,6465.0,1034.0,28.0,4197.0,3674.0,3450.0,,8.0,141.0,2256.0,22.0,9517.0,351.0,,14.0,710.0,89.0,,14872.0,,,1619.0,,1755.0,91.0,4948.0,951.0,2240.0,,,308.0,1095.0,0.0,1909.0,,,485.0,2921.0,116.0,3154.0,0.0,,3499.0,1732.0,,295.0,0.0,166.0,3677.0,58.0,394.0,12.0,937.0,3716.0,2048.0,1.0,3391.0,,1771.0,1844.0,1229.0,62.0,1.0,,2268.0,,8872.0,278.0,4742.0,,591.0,13.0,203.0,1952.0,1359.0,,,336.0,872.0,255.0,1340.0,1426.0,815.0,,214.0,13719.0,134.0,,52.0,14157.0,,,11278.0,23750.0,0.0,1408.0,3728.0,,12.0,,2712.0,,31.0,35.0,,,527.0,1842.0,,4163.0,14.0,,,17892.0,4.0,,13.0,620.0,,,,11141.0,14848.0,123.0,,3055.0,5560.0,,,359.0,5942.0,,454.0,758.0,8651.0,2096.0,,,0.0,,152.0,47.0,,,0.0,327.0,,684.0,5806.0,182.0,1248.0,3539.0,236.0,161.0,176.0,350.0,5764.0,1485.0,2441.0,,85.0,790.0,,,2302.0,181.0,0.0,7322.0,,1920.0,896.0,0.0,130.0,,293.0,1164.0,3854.0,1430.0,377.0,5628.0,2630.0,,404.0,0.0,,,1910.0,855.0,2416.0,65.0,1697.0,156.0,3491.0,98.0
2017-06,2615.0,,,,,,,,,,,,,,12013.0,322.0,0.0,5847.0,4555.0,85.0,400.0,3465.0,,10188.0,,174.0,32.0,201.0,,334.0,2160.0,7228.0,36.0,,1501.0,575.0,2460.0,,,,1660.0,4092.0,2803.0,6309.0,1163.0,33.0,4367.0,1378.0,3632.0,,10.0,131.0,2203.0,31.0,10097.0,422.0,,30.0,909.0,82.0,,12998.0,,,1765.0,,1957.0,85.0,4010.0,1241.0,2214.0,,,285.0,1335.0,0.0,2224.0,,,471.0,2355.0,116.0,2514.0,0.0,,999.0,1610.0,,294.0,0.0,170.0,3618.0,51.0,461.0,21.0,963.0,4316.0,2077.0,3.0,3208.0,,1851.0,1460.0,1485.0,84.0,2.0,,2243.0,,8637.0,309.0,4760.0,,491.0,8.0,222.0,2002.0,1375.0,,,332.0,910.0,269.0,1409.0,1525.0,676.0,,230.0,12963.0,141.0,,38.0,15095.0,,,12318.0,23089.0,0.0,1411.0,4173.0,,17.0,,2712.0,,29.0,39.0,,,463.0,1904.0,,3864.0,6.0,,,13909.0,9.0,,15.0,596.0,,,,10880.0,14535.0,134.0,,3277.0,5205.0,,,355.0,6818.0,,470.0,795.0,8520.0,2086.0,,,0.0,,133.0,57.0,,,0.0,348.0,,667.0,6535.0,204.0,1191.0,3374.0,210.0,163.0,176.0,357.0,5967.0,1414.0,2459.0,,88.0,745.0,,,2105.0,197.0,0.0,6536.0,,2023.0,730.0,0.0,105.0,,284.0,1481.0,3780.0,1428.0,410.0,5440.0,2691.0,,470.0,0.0,,,2001.0,803.0,2629.0,56.0,1657.0,168.0,3263.0,109.0
2017-07,40757.0,,,,,,,,,,,,,,11339.0,327.0,0.0,5473.0,4515.0,71.0,456.0,3619.0,,9935.0,,126.0,47.0,122.0,,286.0,1975.0,7535.0,24.0,,1673.0,662.0,2269.0,,5820.0,,1693.0,4177.0,2486.0,5865.0,999.0,26.0,4060.0,1350.0,3622.0,,4.0,119.0,2205.0,20.0,9090.0,293.0,,19.0,832.0,97.0,,11657.0,,,1705.0,,1616.0,75.0,3217.0,1233.0,2839.0,,,347.0,990.0,0.0,1437.0,,,441.0,3425.0,116.0,2554.0,0.0,,486.0,1489.0,,313.0,0.0,195.0,3637.0,55.0,492.0,36.0,1083.0,4235.0,2239.0,5.0,3296.0,,1723.0,1040.0,1217.0,71.0,6.0,,2215.0,,8069.0,470.0,4018.0,,523.0,12.0,178.0,1956.0,1327.0,,,871.0,1058.0,261.0,1306.0,1428.0,411.0,503.0,203.0,12303.0,153.0,,44.0,20955.0,,,12100.0,22119.0,0.0,1334.0,4273.0,,16.0,,2707.0,,42.0,62.0,,356.0,269.0,1828.0,,3736.0,12.0,,,14566.0,8.0,,17.0,674.0,,,,11570.0,14589.0,125.0,,3266.0,4932.0,,,310.0,5754.0,,423.0,875.0,5456.0,1787.0,,,0.0,,156.0,46.0,,,0.0,296.0,,720.0,6305.0,291.0,2077.0,2717.0,220.0,152.0,178.0,327.0,5348.0,1343.0,2524.0,,77.0,754.0,,,1855.0,201.0,0.0,6078.0,,2231.0,810.0,0.0,90.0,,294.0,1263.0,3505.0,1154.0,468.0,5493.0,2770.0,,384.0,0.0,,,1955.0,849.0,2495.0,60.0,1622.0,165.0,3088.0,65.0
2017-08,807.0,,,,,,,,,,,,,,10209.0,706.0,0.0,4917.0,4214.0,462.0,413.0,3435.0,,9121.0,,136.0,74.0,128.0,,232.0,2145.0,7025.0,38.0,,1553.0,638.0,2404.0,,5440.0,,1494.0,4384.0,2600.0,6284.0,1062.0,18.0,4273.0,1407.0,3701.0,,13.0,68.0,2094.0,23.0,7264.0,312.0,,7.0,753.0,118.0,,9931.0,,,1729.0,,1280.0,53.0,3154.0,1194.0,2021.0,,,242.0,775.0,0.0,1018.0,,,440.0,2213.0,110.0,2373.0,0.0,,428.0,1409.0,,239.0,0.0,176.0,3396.0,28.0,424.0,22.0,973.0,4071.0,2045.0,1.0,3164.0,,1473.0,791.0,855.0,48.0,2.0,,2025.0,,8210.0,387.0,4624.0,,462.0,18.0,140.0,1877.0,1400.0,,,487.0,826.0,220.0,1111.0,1416.0,393.0,458.0,215.0,10445.0,139.0,,42.0,19449.0,,,12422.0,22844.0,0.0,1344.0,3955.0,,17.0,,2437.0,,48.0,34.0,,283.0,258.0,1743.0,,3717.0,7.0,,,14281.0,9.0,,18.0,656.0,,,,13815.0,14101.0,148.0,,2974.0,4593.0,,,310.0,5265.0,,386.0,697.0,4740.0,1460.0,,,0.0,,127.0,35.0,,,0.0,437.0,,833.0,6194.0,179.0,937.0,2142.0,184.0,162.0,146.0,289.0,11068.0,1335.0,3044.0,,104.0,662.0,,,1556.0,155.0,0.0,6228.0,,2086.0,748.0,0.0,90.0,,279.0,1091.0,3097.0,1032.0,356.0,5286.0,2928.0,21.0,414.0,0.0,,,2163.0,706.0,2744.0,67.0,1301.0,136.0,3011.0,66.0
2017-09,432.0,,,,,,,,,,,,,,9667.0,485.0,0.0,3839.0,4051.0,99.0,317.0,3591.0,,8544.0,,106.0,25.0,109.0,,143.0,2146.0,6646.0,23.0,,1356.0,554.0,2307.0,,4782.0,4866.0,1456.0,4457.0,2429.0,5709.0,963.0,23.0,4185.0,1344.0,3374.0,,20.0,98.0,2071.0,22.0,5701.0,278.0,,14.0,610.0,80.0,,8717.0,,2103.0,1862.0,,1177.0,67.0,3272.0,1172.0,2040.0,,,180.0,536.0,0.0,645.0,,,410.0,2330.0,87.0,2637.0,0.0,,184.0,1259.0,,257.0,0.0,208.0,3492.0,49.0,333.0,24.0,881.0,3711.0,2068.0,7.0,3011.0,,842.0,618.0,560.0,34.0,1.0,,1778.0,,7774.0,538.0,4183.0,,416.0,17.0,109.0,1921.0,1289.0,,,335.0,768.0,255.0,986.0,1395.0,333.0,320.0,209.0,9208.0,141.0,,44.0,14348.0,,8536.0,11413.0,22084.0,0.0,1455.0,3645.0,,17.0,,2486.0,,20.0,34.0,,219.0,146.0,1777.0,,3918.0,6.0,,,13625.0,13.0,,18.0,371.0,,,,12760.0,18497.0,92.0,,2656.0,4630.0,,,324.0,4579.0,,332.0,748.0,3489.0,1415.0,,,0.0,,132.0,38.0,,,0.0,185.0,9950.0,767.0,23233.0,113.0,511.0,1915.0,169.0,123.0,118.0,263.0,4465.0,1373.0,2272.0,,126.0,591.0,,,1568.0,162.0,0.0,6032.0,,2254.0,733.0,0.0,56.0,,236.0,1051.0,2889.0,888.0,361.0,9687.0,2913.0,21.0,419.0,0.0,,,2578.0,802.0,2341.0,64.0,1309.0,108.0,3060.0,56.0
2017-10,317.0,,,,,,,,,,,,,,9963.0,407.0,0.0,3571.0,3608.0,98.0,427.0,3800.0,,8680.0,,132.0,21.0,135.0,,126.0,1968.0,6925.0,41.0,,1452.0,638.0,2497.0,,4659.0,6995.0,1601.0,4105.0,2443.0,5794.0,3297.0,24.0,4016.0,1448.0,3448.0,,19.0,68.0,2226.0,38.0,5021.0,323.0,,11.0,612.0,91.0,,7494.0,,2048.0,2000.0,,1290.0,66.0,3143.0,1086.0,2103.0,,1268.0,197.0,419.0,0.0,563.0,,,417.0,2936.0,138.0,3522.0,0.0,,187.0,1258.0,,252.0,0.0,189.0,3504.0,48.0,444.0,37.0,930.0,4286.0,2563.0,14.0,3709.0,,758.0,538.0,356.0,35.0,2.0,,1804.0,,7380.0,561.0,4339.0,,470.0,10.0,87.0,1971.0,1194.0,,,357.0,715.0,271.0,1037.0,1302.0,329.0,440.0,223.0,8042.0,125.0,,63.0,16701.0,,8376.0,12147.0,20988.0,0.0,1317.0,4581.0,,28.0,,2238.0,,27.0,58.0,,237.0,169.0,1568.0,,3709.0,9.0,,,14227.0,8.0,,16.0,376.0,,,,12177.0,19036.0,112.0,,2710.0,5006.0,9634.0,,318.0,4524.0,,385.0,785.0,3020.0,1273.0,,,0.0,,143.0,35.0,,,0.0,205.0,9766.0,781.0,6442.0,150.0,468.0,1776.0,184.0,143.0,176.0,237.0,4437.0,1440.0,1995.0,,96.0,561.0,,,1617.0,193.0,0.0,8206.0,,2150.0,685.0,0.0,88.0,,277.0,1385.0,2869.0,1021.0,353.0,5930.0,2762.0,33.0,522.0,0.0,,,3057.0,853.0,3833.0,44.0,1271.0,101.0,3434.0,56.0
2017-11,548.0,,,,,,,,,,,,,,9908.0,312.0,0.0,2876.0,3265.0,51.0,296.0,3808.0,,8045.0,,82.0,23.0,78.0,,125.0,1835.0,6763.0,28.0,,1344.0,613.0,2498.0,,4449.0,5348.0,1513.0,10205.0,2691.0,5981.0,1335.0,18.0,4003.0,1240.0,3379.0,,13.0,97.0,1916.0,17.0,3963.0,236.0,,4.0,709.0,75.0,,7447.0,,2370.0,2189.0,,940.0,50.0,5208.0,1046.0,2025.0,,1123.0,169.0,287.0,0.0,463.0,,,360.0,2537.0,102.0,3126.0,0.0,,192.0,996.0,,241.0,0.0,179.0,3435.0,34.0,396.0,18.0,764.0,3670.0,2048.0,4.0,3049.0,,584.0,297.0,231.0,43.0,1.0,,1642.0,,7270.0,686.0,5021.0,,409.0,9.0,78.0,1829.0,1216.0,,2037.0,340.0,789.0,258.0,824.0,1458.0,203.0,367.0,248.0,6854.0,170.0,,63.0,10936.0,,7374.0,10906.0,22192.0,0.0,1152.0,3575.0,,15.0,,2243.0,,25.0,48.0,,195.0,108.0,1515.0,,3806.0,4.0,,,14455.0,8.0,,6.0,317.0,,,,12671.0,15131.0,111.0,,2558.0,4689.0,9277.0,,335.0,4698.0,,364.0,670.0,1950.0,1273.0,,,0.0,,128.0,36.0,,,0.0,171.0,9985.0,710.0,5769.0,134.0,335.0,1590.0,165.0,150.0,126.0,235.0,3622.0,1382.0,2155.0,,49.0,544.0,2128.0,,1548.0,167.0,0.0,7958.0,,2260.0,671.0,0.0,47.0,,224.0,952.0,2807.0,728.0,251.0,6020.0,2680.0,13.0,351.0,0.0,,,3837.0,843.0,2502.0,63.0,1287.0,189.0,4387.0,40.0
2017-12,261.0,,,,,,,,,,,,,,9548.0,239.0,0.0,3219.0,3091.0,89.0,935.0,3764.0,,10507.0,,61.0,13.0,67.0,,122.0,1977.0,7093.0,23.0,,1631.0,802.0,2613.0,,4239.0,5836.0,1479.0,4933.0,2704.0,5633.0,1413.0,19.0,4215.0,1282.0,3289.0,,12.0,109.0,1922.0,17.0,3610.0,221.0,,8.0,839.0,99.0,,6937.0,,2230.0,2226.0,,828.0,29.0,3930.0,1038.0,1993.0,,1372.0,151.0,256.0,0.0,391.0,,,396.0,2383.0,103.0,3484.0,0.0,,147.0,1065.0,,228.0,0.0,224.0,3514.0,42.0,385.0,25.0,953.0,4305.0,2171.0,5.0,3212.0,,641.0,321.0,141.0,26.0,1.0,,1714.0,,7236.0,241.0,4513.0,,363.0,9.0,82.0,1957.0,1289.0,,1921.0,398.0,721.0,258.0,812.0,1242.0,191.0,374.0,264.0,6728.0,139.0,,51.0,11164.0,,7670.0,10778.0,19962.0,0.0,1111.0,3280.0,,7.0,,2281.0,,25.0,33.0,,200.0,85.0,1532.0,,4465.0,4.0,80.0,,15379.0,7.0,,9.0,427.0,,,,13693.0,15121.0,86.0,,2634.0,4793.0,9990.0,,373.0,4998.0,,287.0,690.0,1435.0,1174.0,3169.0,,0.0,,125.0,31.0,,,0.0,148.0,10848.0,722.0,5925.0,105.0,278.0,1634.0,130.0,102.0,178.0,233.0,3605.0,1368.0,2094.0,,48.0,501.0,2135.0,,1442.0,139.0,0.0,6310.0,,2491.0,662.0,0.0,94.0,,240.0,893.0,2737.0,669.0,272.0,5558.0,2829.0,14.0,371.0,0.0,,,4712.0,724.0,2507.0,40.0,1323.0,89.0,2809.0,63.0
2017-13,240.0,,,,,,,,,,,,,,9034.0,252.0,0.0,2838.0,2805.0,40.0,300.0,3802.0,,7479.0,,61.0,12.0,67.0,,115.0,1803.0,5846.0,30.0,,1457.0,587.0,2367.0,,3963.0,4377.0,1415.0,4486.0,2151.0,5350.0,1729.0,30.0,3871.0,1338.0,3939.0,,10.0,104.0,1788.0,21.0,3252.0,189.0,,4.0,818.0,78.0,,6068.0,,2025.0,3303.0,,541.0,15.0,3046.0,780.0,1896.0,,1121.0,152.0,243.0,0.0,375.0,,,424.0,2901.0,96.0,3652.0,0.0,2548.0,152.0,989.0,,233.0,0.0,185.0,3086.0,26.0,341.0,19.0,830.0,3503.0,1879.0,8.0,2930.0,,478.0,257.0,101.0,37.0,1.0,,1594.0,,6708.0,297.0,5109.0,,293.0,19.0,75.0,2014.0,1139.0,,1851.0,419.0,792.0,184.0,726.0,1287.0,113.0,337.0,205.0,6251.0,103.0,,49.0,8390.0,,7363.0,10065.0,17305.0,0.0,1019.0,3065.0,,10.0,,2151.0,,27.0,39.0,,164.0,65.0,1497.0,,3538.0,12.0,87.0,,13802.0,5.0,,20.0,328.0,,,,11214.0,14294.0,110.0,,2299.0,4160.0,8064.0,,347.0,4344.0,,295.0,641.0,1218.0,1063.0,2832.0,,0.0,,125.0,16.0,,,0.0,155.0,10460.0,664.0,5391.0,114.0,325.0,1346.0,159.0,133.0,134.0,212.0,3326.0,1386.0,2056.0,,52.0,462.0,1887.0,,1448.0,159.0,0.0,6480.0,,2281.0,600.0,0.0,52.0,,238.0,831.0,2701.0,479.0,175.0,5409.0,2925.0,14.0,359.0,0.0,,,6676.0,704.0,2107.0,44.0,1077.0,71.0,2764.0,54.0
2017-14,224.0,,,,,,,,,,,,,,8114.0,265.0,0.0,2415.0,2613.0,58.0,323.0,3471.0,,7648.0,,52.0,19.0,62.0,,87.0,1737.0,5550.0,28.0,,1419.0,588.0,2220.0,,3485.0,4516.0,1323.0,3936.0,2086.0,4971.0,1383.0,32.0,3388.0,941.0,3902.0,,4.0,81.0,1657.0,17.0,2840.0,207.0,,6.0,824.0,74.0,,5343.0,,2023.0,4905.0,,498.0,7.0,2993.0,519.0,1910.0,,1153.0,120.0,206.0,0.0,328.0,,,406.0,2918.0,97.0,3268.0,0.0,2313.0,84.0,899.0,,184.0,0.0,165.0,2696.0,35.0,402.0,17.0,796.0,3797.0,1863.0,5.0,2495.0,,448.0,196.0,106.0,29.0,3.0,,1427.0,,6084.0,274.0,5656.0,,317.0,30.0,64.0,1811.0,1145.0,,1673.0,633.0,729.0,200.0,808.0,1191.0,108.0,393.0,210.0,5906.0,140.0,,40.0,7711.0,,6762.0,8976.0,16495.0,0.0,1102.0,2852.0,,15.0,,1923.0,,14.0,30.0,,149.0,71.0,1600.0,,3094.0,16.0,107.0,,11805.0,9.0,,14.0,284.0,,,,9594.0,13483.0,93.0,,2398.0,3631.0,8207.0,,278.0,3807.0,,309.0,571.0,968.0,929.0,2644.0,,0.0,,119.0,28.0,,,0.0,140.0,8677.0,601.0,5389.0,162.0,270.0,1223.0,144.0,126.0,139.0,207.0,3235.0,1189.0,1798.0,,66.0,454.0,1701.0,,1513.0,160.0,0.0,5592.0,,1952.0,554.0,0.0,38.0,,242.0,822.0,2218.0,424.0,150.0,4877.0,3511.0,14.0,375.0,0.0,,,8276.0,662.0,2104.0,66.0,1230.0,88.0,2613.0,62.0
2017-15,198.0,,,,,,,,,,,,,,7243.0,214.0,0.0,1937.0,2458.0,26.0,490.0,2938.0,,6764.0,,36.0,20.0,41.0,,80.0,1511.0,3972.0,42.0,,1571.0,471.0,1829.0,,3163.0,4354.0,1213.0,4899.0,1704.0,4178.0,1266.0,30.0,3350.0,754.0,8087.0,,5.0,54.0,1709.0,13.0,2514.0,213.0,,6.0,897.0,100.0,,4767.0,,2022.0,3333.0,,384.0,12.0,3329.0,403.0,1879.0,,1082.0,107.0,179.0,0.0,232.0,,,336.0,17399.0,67.0,3249.0,0.0,1952.0,95.0,840.0,,130.0,0.0,110.0,2039.0,21.0,274.0,13.0,688.0,3015.0,1368.0,2.0,1830.0,3352.0,395.0,200.0,76.0,24.0,1.0,,1095.0,,5341.0,466.0,12752.0,,224.0,16.0,53.0,1503.0,802.0,,1582.0,290.0,593.0,176.0,467.0,1190.0,135.0,308.0,214.0,5578.0,88.0,,35.0,6062.0,,6672.0,8009.0,16341.0,0.0,885.0,2652.0,,7.0,,1982.0,,13.0,17.0,,124.0,52.0,1440.0,,2998.0,4.0,60.0,,8832.0,10.0,,11.0,243.0,,,,13270.0,12894.0,82.0,,1959.0,2564.0,9382.0,,213.0,3733.0,,209.0,424.0,749.0,987.0,2432.0,,0.0,,130.0,31.0,,,0.0,134.0,8073.0,559.0,5292.0,91.0,206.0,1306.0,105.0,100.0,121.0,180.0,3034.0,1352.0,1448.0,,47.0,380.0,1477.0,,1212.0,150.0,0.0,5761.0,,1349.0,543.0,0.0,29.0,,255.0,710.0,1732.0,333.0,139.0,4096.0,1957.0,16.0,430.0,0.0,,,7992.0,454.0,1937.0,37.0,1045.0,61.0,2063.0,58.0
2017-16,217.0,,,,,,,,,,,,,,8354.0,250.0,0.0,3261.0,2629.0,47.0,389.0,3328.0,,6693.0,,63.0,32.0,53.0,,65.0,1872.0,4809.0,34.0,,1571.0,472.0,2056.0,,3308.0,5709.0,1328.0,4788.0,1901.0,5079.0,1315.0,24.0,3563.0,943.0,4148.0,,7.0,59.0,1702.0,17.0,2915.0,224.0,,3.0,1492.0,84.0,,5273.0,,2187.0,3675.0,,389.0,8.0,2925.0,543.0,1740.0,,1084.0,151.0,211.0,0.0,297.0,,,415.0,5950.0,80.0,3707.0,0.0,2149.0,180.0,795.0,,246.0,0.0,137.0,2566.0,37.0,408.0,25.0,862.0,3646.0,1692.0,2.0,2364.0,3473.0,498.0,169.0,61.0,25.0,0.0,,1365.0,,6533.0,320.0,8128.0,,324.0,11.0,54.0,1706.0,997.0,,1757.0,318.0,677.0,202.0,642.0,1096.0,106.0,292.0,200.0,6403.0,134.0,,21.0,9125.0,,6843.0,9902.0,16359.0,0.0,972.0,2779.0,,4.0,,2261.0,,15.0,22.0,,156.0,55.0,1348.0,,3522.0,4.0,72.0,,10543.0,12.0,,8.0,253.0,,,,13385.0,12576.0,88.0,,2121.0,3136.0,9817.0,,277.0,3273.0,,271.0,529.0,615.0,1127.0,2461.0,,0.0,,138.0,26.0,,,0.0,160.0,8918.0,599.0,5520.0,100.0,196.0,1584.0,133.0,115.0,139.0,216.0,3579.0,1641.0,2243.0,,58.0,409.0,1771.0,,1570.0,143.0,0.0,6418.0,,1839.0,579.0,0.0,33.0,,249.0,863.0,1932.0,348.0,386.0,4980.0,2367.0,18.0,359.0,0.0,,,7012.0,540.0,2066.0,35.0,1162.0,60.0,2346.0,41.0
2017-17,221.0,,,,,,,,,,,,,,9270.0,281.0,0.0,2480.0,2534.0,50.0,355.0,3430.0,,6654.0,,68.0,17.0,62.0,,78.0,1859.0,5653.0,39.0,,1673.0,529.0,2296.0,,3822.0,4864.0,1432.0,4278.0,2087.0,5195.0,1328.0,24.0,3689.0,1070.0,3466.0,,8.0,112.0,1762.0,14.0,2610.0,213.0,,8.0,980.0,84.0,,5361.0,,2217.0,3707.0,,400.0,12.0,2829.0,609.0,1940.0,,1653.0,105.0,197.0,0.0,308.0,,,384.0,4971.0,75.0,4323.0,0.0,2544.0,118.0,850.0,,287.0,0.0,180.0,2943.0,48.0,342.0,32.0,813.0,3801.0,1877.0,3.0,2613.0,3225.0,523.0,202.0,61.0,21.0,2.0,,1509.0,,6666.0,293.0,4836.0,,428.0,10.0,63.0,1809.0,1116.0,,1827.0,345.0,698.0,202.0,704.0,1180.0,104.0,400.0,212.0,6580.0,112.0,,43.0,10896.0,,7506.0,10591.0,18376.0,0.0,1102.0,2950.0,,10.0,,2052.0,,28.0,33.0,,121.0,74.0,1706.0,,3811.0,8.0,92.0,,12563.0,7.0,,11.0,258.0,,,,13561.0,14461.0,99.0,,2373.0,3481.0,9829.0,,278.0,3417.0,,277.0,647.0,630.0,1040.0,2853.0,,0.0,,140.0,29.0,,,0.0,127.0,16544.0,645.0,5497.0,107.0,268.0,1477.0,140.0,120.0,136.0,198.0,2973.0,1296.0,1837.0,,65.0,475.0,1960.0,,1702.0,125.0,0.0,8564.0,,2379.0,661.0,0.0,38.0,,203.0,829.0,2165.0,399.0,132.0,5113.0,2456.0,19.0,388.0,0.0,,,6764.0,649.0,2160.0,62.0,1186.0,73.0,3159.0,69.0
2017-18,225.0,,,,,,,,,,,,,,9154.0,754.0,0.0,2330.0,2383.0,47.0,346.0,3708.0,,7526.0,,101.0,23.0,87.0,,86.0,1953.0,5491.0,28.0,,1204.0,536.0,2203.0,10.0,3468.0,4885.0,4502.0,3827.0,2084.0,6385.0,1315.0,25.0,3822.0,942.0,3649.0,,7.0,73.0,1805.0,15.0,2697.0,184.0,,1.0,859.0,71.0,,6544.0,,2205.0,4196.0,,304.0,13.0,2646.0,913.0,1935.0,,1144.0,129.0,182.0,0.0,312.0,,,356.0,7642.0,77.0,4925.0,0.0,2230.0,99.0,787.0,,245.0,0.0,173.0,2987.0,37.0,294.0,26.0,751.0,3798.0,1956.0,4.0,2690.0,4422.0,464.0,179.0,56.0,26.0,1.0,,1565.0,,6187.0,242.0,5309.0,,334.0,14.0,46.0,1823.0,1239.0,,1732.0,404.0,717.0,192.0,662.0,1050.0,104.0,350.0,544.0,6470.0,99.0,,29.0,9594.0,0.0,6718.0,11111.0,16441.0,0.0,991.0,2794.0,,19.0,,2600.0,,27.0,28.0,,147.0,65.0,1559.0,,3597.0,5.0,79.0,,13208.0,12.0,,11.0,272.0,,,,11435.0,14130.0,95.0,,2154.0,4169.0,10733.0,,262.0,3633.0,,358.0,669.0,529.0,1232.0,2555.0,,0.0,,126.0,14.0,,,0.0,146.0,9964.0,644.0,5394.0,96.0,225.0,1452.0,114.0,143.0,111.0,172.0,3627.0,1252.0,2135.0,,51.0,429.0,1734.0,,1794.0,135.0,0.0,6012.0,,2026.0,631.0,0.0,55.0,,225.0,826.0,2105.0,341.0,117.0,5623.0,2629.0,25.0,371.0,0.0,,,7818.0,700.0,2207.0,49.0,1289.0,115.0,2417.0,59.0
2017-19,246.0,,,,,,,,,,,,,,9367.0,302.0,0.0,2079.0,2206.0,45.0,954.0,3387.0,,7508.0,,102.0,11.0,113.0,,113.0,1971.0,5484.0,22.0,,1576.0,639.0,2447.0,11.0,3361.0,5645.0,1631.0,3589.0,2136.0,7772.0,1297.0,21.0,3628.0,1031.0,3476.0,,11.0,100.0,1705.0,9.0,2732.0,268.0,,7.0,762.0,99.0,,5671.0,,2216.0,4317.0,,430.0,4.0,2915.0,961.0,1831.0,,1103.0,114.0,173.0,0.0,323.0,,,412.0,5477.0,82.0,5275.0,0.0,2336.0,130.0,789.0,,239.0,0.0,196.0,3203.0,27.0,263.0,19.0,742.0,3707.0,1785.0,1.0,2707.0,3704.0,429.0,208.0,64.0,31.0,1.0,,1598.0,,7019.0,253.0,9014.0,,334.0,15.0,65.0,1807.0,1051.0,,1884.0,450.0,759.0,237.0,691.0,1146.0,255.0,333.0,196.0,6175.0,117.0,,43.0,11938.0,0.0,7558.0,10618.0,15319.0,0.0,1060.0,2831.0,,12.0,3728.0,1970.0,,19.0,32.0,,153.0,76.0,1527.0,,3728.0,9.0,80.0,,13517.0,2.0,,7.0,277.0,,,,10726.0,14171.0,87.0,2718.0,2190.0,4858.0,9823.0,,290.0,4052.0,,325.0,587.0,606.0,1150.0,2559.0,,0.0,,140.0,26.0,,,0.0,196.0,11207.0,621.0,5235.0,98.0,267.0,1285.0,152.0,144.0,124.0,221.0,4409.0,1283.0,1782.0,,68.0,522.0,1791.0,,1844.0,190.0,0.0,9939.0,,2324.0,537.0,0.0,50.0,,224.0,859.0,2463.0,400.0,167.0,5606.0,2907.0,13.0,396.0,0.0,,,8900.0,670.0,2271.0,79.0,1308.0,99.0,2661.0,60.0
2017-20,234.0,,,,,,,,,,,,,,8965.0,375.0,0.0,2173.0,2217.0,37.0,373.0,3602.0,,6657.0,,71.0,16.0,77.0,,120.0,2152.0,5327.0,24.0,,1397.0,566.0,2415.0,8.0,3392.0,31076.0,1606.0,3769.0,2026.0,5397.0,1372.0,33.0,3482.0,1240.0,3523.0,,2.0,104.0,1722.0,19.0,2465.0,210.0,,4.0,739.0,94.0,,5441.0,,2329.0,5076.0,,270.0,4.0,2754.0,884.0,2921.0,,1228.0,114.0,173.0,0.0,322.0,,,338.0,5756.0,79.0,4880.0,0.0,2353.0,219.0,731.0,,231.0,0.0,174.0,3048.0,32.0,249.0,17.0,727.0,3737.0,1738.0,8.0,2518.0,4597.0,562.0,457.0,61.0,28.0,0.0,,1466.0,,6436.0,259.0,4826.0,,373.0,7.0,49.0,1909.0,1101.0,,1774.0,408.0,755.0,176.0,672.0,1307.0,109.0,380.0,326.0,6729.0,103.0,,49.0,10169.0,0.0,6807.0,10015.0,15037.0,0.0,1066.0,2648.0,,19.0,3728.0,1853.0,,32.0,30.0,,112.0,59.0,1420.0,,3486.0,6.0,68.0,,13049.0,6.0,,10.0,230.0,,,,10378.0,14068.0,77.0,2802.0,2192.0,4036.0,8524.0,,264.0,3958.0,,276.0,654.0,573.0,1270.0,2348.0,,0.0,,128.0,19.0,,,0.0,162.0,9883.0,737.0,5566.0,131.0,197.0,1090.0,160.0,134.0,137.0,171.0,3229.0,1302.0,1817.0,,52.0,441.0,1679.0,,1624.0,168.0,0.0,5873.0,,2009.0,579.0,0.0,48.0,,210.0,836.0,2282.0,372.0,105.0,5125.0,2947.0,10.0,511.0,0.0,,,11880.0,691.0,2184.0,77.0,1287.0,82.0,2574.0,62.0
2017-21,205.0,,,,,,,,,,,,,,8179.0,341.0,0.0,1788.0,1921.0,45.0,344.0,3349.0,,5834.0,,59.0,17.0,71.0,,78.0,2058.0,4434.0,26.0,,1197.0,420.0,1842.0,7.0,3128.0,7434.0,1485.0,3376.0,1780.0,4768.0,1184.0,7.0,3293.0,974.0,3371.0,,9.0,73.0,1513.0,8.0,2109.0,174.0,,2.0,719.0,81.0,,4521.0,,2159.0,6413.0,,270.0,4.0,2468.0,681.0,1614.0,,908.0,104.0,121.0,0.0,340.0,,,308.0,4784.0,89.0,5818.0,0.0,1955.0,64.0,711.0,,174.0,0.0,192.0,2609.0,54.0,376.0,64.0,799.0,4678.0,1478.0,1.0,2135.0,2975.0,381.0,178.0,60.0,24.0,2.0,,1244.0,,5297.0,158.0,4243.0,,322.0,10.0,58.0,1445.0,884.0,,1474.0,319.0,742.0,180.0,535.0,1122.0,73.0,302.0,372.0,5828.0,80.0,,33.0,20149.0,0.0,7120.0,9376.0,15613.0,0.0,858.0,1929.0,,11.0,2961.0,1684.0,,20.0,31.0,,129.0,60.0,1171.0,,3014.0,2.0,77.0,,11351.0,9.0,,15.0,206.0,,,6385.0,9510.0,11994.0,76.0,2581.0,1910.0,3338.0,7709.0,,225.0,3160.0,,259.0,529.0,433.0,936.0,2093.0,,0.0,,120.0,12.0,,,0.0,114.0,7581.0,587.0,4894.0,94.0,193.0,1009.0,131.0,121.0,113.0,179.0,2929.0,1145.0,1444.0,,41.0,380.0,1477.0,,1575.0,132.0,0.0,5513.0,,1796.0,487.0,0.0,41.0,,205.0,737.0,1784.0,348.0,101.0,4777.0,2624.0,17.0,378.0,0.0,,,15135.0,488.0,1825.0,55.0,1115.0,87.0,2048.0,48.0
2017-22,364.0,,,,,,,,,,,,,,8215.0,367.0,0.0,1788.0,2233.0,49.0,517.0,3919.0,,6394.0,,81.0,22.0,81.0,,81.0,2108.0,5043.0,34.0,,1201.0,496.0,2220.0,18.0,2891.0,5970.0,1864.0,4721.0,1992.0,5089.0,1290.0,10.0,3606.0,1067.0,3533.0,,7.0,82.0,1621.0,19.0,2020.0,220.0,,3.0,880.0,71.0,,4429.0,,2641.0,6410.0,,261.0,6.0,2611.0,694.0,1910.0,,1087.0,91.0,151.0,0.0,332.0,,,231.0,4863.0,90.0,6473.0,0.0,1982.0,75.0,644.0,,190.0,0.0,194.0,2854.0,40.0,334.0,19.0,806.0,4277.0,1766.0,4.0,2331.0,2702.0,360.0,164.0,40.0,24.0,3.0,,1262.0,,6309.0,388.0,4133.0,,370.0,8.0,55.0,1584.0,967.0,,1591.0,291.0,820.0,204.0,576.0,1106.0,101.0,357.0,635.0,5709.0,148.0,231.0,44.0,10275.0,0.0,7263.0,9693.0,16560.0,0.0,930.0,2062.0,,16.0,2841.0,1630.0,,19.0,40.0,,130.0,89.0,1366.0,,3275.0,9.0,96.0,,13121.0,3.0,1209.0,9.0,208.0,,,7640.0,9119.0,13440.0,78.0,2598.0,2038.0,3588.0,7835.0,,272.0,2831.0,,286.0,567.0,472.0,868.0,2305.0,,0.0,,122.0,16.0,,,0.0,98.0,8433.0,637.0,5139.0,96.0,215.0,885.0,167.0,161.0,102.0,237.0,3261.0,1184.0,1843.0,,63.0,432.0,1579.0,,1815.0,144.0,0.0,6197.0,,2267.0,568.0,0.0,24.0,,209.0,797.0,1961.0,288.0,95.0,5033.0,2854.0,14.0,595.0,0.0,,,15926.0,623.0,2231.0,72.0,1266.0,100.0,2616.0,85.0
2017-23,187.0,,,,,,,,,,,,,8870.0,7104.0,209.0,0.0,1562.0,1943.0,42.0,306.0,3293.0,,5602.0,,65.0,23.0,68.0,,78.0,1998.0,4271.0,26.0,,1077.0,425.0,2078.0,11.0,2945.0,8189.0,1665.0,3882.0,1780.0,4980.0,1330.0,17.0,3449.0,882.0,3474.0,,6.0,100.0,1592.0,9.0,1921.0,169.0,,2.0,753.0,60.0,,4048.0,,2273.0,6999.0,,231.0,6.0,2580.0,617.0,1802.0,,1064.0,113.0,116.0,0.0,239.0,,,269.0,5588.0,86.0,6361.0,0.0,1944.0,67.0,631.0,,221.0,0.0,169.0,2431.0,37.0,293.0,29.0,734.0,3552.0,1538.0,1.0,2102.0,2511.0,372.0,145.0,53.0,29.0,1.0,,1167.0,,5924.0,240.0,3715.0,,325.0,10.0,49.0,1511.0,804.0,,1515.0,227.0,755.0,157.0,539.0,1128.0,93.0,338.0,313.0,5572.0,107.0,213.0,33.0,7396.0,0.0,8292.0,9167.0,13853.0,0.0,922.0,1958.0,,16.0,3292.0,1569.0,,5.0,33.0,,132.0,75.0,1181.0,,3320.0,4.0,88.0,,11979.0,11.0,1157.0,16.0,227.0,,,6828.0,9184.0,11476.0,55.0,2573.0,1862.0,3326.0,7396.0,,272.0,2637.0,,274.0,466.0,484.0,925.0,2204.0,,0.0,,117.0,18.0,,,0.0,87.0,7959.0,671.0,5318.0,76.0,205.0,1117.0,169.0,134.0,126.0,225.0,2697.0,1179.0,1588.0,,68.0,384.0,1540.0,,1550.0,144.0,0.0,5385.0,,2073.0,546.0,0.0,24.0,,164.0,751.0,1663.0,324.0,66.0,4368.0,2215.0,14.0,555.0,0.0,,,15128.0,652.0,2109.0,59.0,1426.0,91.0,2396.0,46.0
2017-24,182.0,,,,,,,,,,,,,7164.0,7543.0,239.0,0.0,1425.0,1849.0,31.0,365.0,3468.0,,6119.0,,81.0,23.0,78.0,,83.0,2063.0,4529.0,21.0,,1174.0,448.0,1873.0,12.0,2788.0,5360.0,1921.0,4275.0,2077.0,5027.0,1380.0,16.0,3519.0,902.0,3422.0,,9.0,99.0,1605.0,14.0,1811.0,171.0,,1.0,908.0,67.0,,4100.0,,2440.0,7139.0,,251.0,2.0,2593.0,653.0,1692.0,,1070.0,98.0,124.0,0.0,275.0,,,280.0,19731.0,86.0,5769.0,0.0,2329.0,95.0,649.0,,205.0,0.0,177.0,2507.0,34.0,297.0,23.0,721.0,3663.0,1598.0,3.0,1986.0,2787.0,326.0,170.0,37.0,26.0,4.0,,1310.0,38.0,5652.0,324.0,4135.0,,291.0,9.0,36.0,1604.0,879.0,,1398.0,505.0,714.0,176.0,507.0,1097.0,62.0,344.0,387.0,5249.0,115.0,240.0,35.0,6271.0,0.0,7811.0,9041.0,13534.0,0.0,881.0,2135.0,,14.0,3121.0,1629.0,,16.0,41.0,,145.0,73.0,1314.0,,3160.0,4.0,114.0,,11810.0,5.0,1379.0,7.0,245.0,,,7258.0,10044.0,11410.0,51.0,2362.0,1860.0,3248.0,7772.0,,286.0,2796.0,,296.0,471.0,940.0,1191.0,2120.0,,0.0,,125.0,20.0,,,0.0,116.0,8451.0,624.0,5365.0,110.0,241.0,919.0,159.0,114.0,130.0,241.0,2972.0,1160.0,1543.0,,51.0,326.0,1597.0,,1598.0,162.0,0.0,5905.0,,1989.0,451.0,0.0,36.0,,204.0,754.0,1786.0,271.0,68.0,4518.0,2158.0,19.0,1129.0,0.0,,,14789.0,802.0,2219.0,49.0,1257.0,94.0,2295.0,42.0
2017-25,545.0,,,,,,,,,,,,,7578.0,7978.0,273.0,0.0,1368.0,1922.0,42.0,324.0,3450.0,,6004.0,,73.0,14.0,66.0,,72.0,1917.0,4392.0,26.0,,1421.0,547.0,2188.0,6.0,2915.0,12347.0,2090.0,4239.0,1865.0,7329.0,1415.0,55.0,3626.0,997.0,3560.0,,12.0,83.0,1563.0,11.0,1849.0,226.0,,6.0,755.0,66.0,,4222.0,,2969.0,6655.0,,235.0,3.0,2764.0,749.0,1658.0,,1041.0,78.0,138.0,0.0,279.0,,,226.0,36685.0,89.0,5109.0,0.0,2132.0,107.0,552.0,,226.0,0.0,198.0,2595.0,33.0,338.0,25.0,812.0,3522.0,1637.0,5.0,2152.0,2638.0,345.0,201.0,43.0,35.0,2.0,,1283.0,65.0,5826.0,282.0,4038.0,,324.0,14.0,44.0,1642.0,965.0,,1473.0,828.0,793.0,211.0,574.0,1484.0,71.0,393.0,746.0,5305.0,117.0,257.0,26.0,5830.0,0.0,7712.0,8814.0,16734.0,0.0,1058.0,2136.0,,18.0,3119.0,1416.0,,13.0,38.0,,187.0,82.0,1278.0,,3754.0,6.0,79.0,,12836.0,9.0,1284.0,12.0,243.0,,,7365.0,9463.0,11656.0,96.0,2373.0,1862.0,3708.0,7896.0,,299.0,2827.0,,281.0,532.0,452.0,951.0,2264.0,,0.0,,805.0,17.0,,,0.0,111.0,8091.0,616.0,5534.0,78.0,218.0,926.0,142.0,123.0,108.0,261.0,2666.0,1191.0,1629.0,,60.0,353.0,1724.0,,1696.0,167.0,0.0,6400.0,,2240.0,485.0,0.0,37.0,,211.0,734.0,1879.0,304.0,95.0,4333.0,2158.0,17.0,765.0,0.0,,,13102.0,648.0,2218.0,44.0,1365.0,82.0,2839.0,103.0
2017-26,234.0,,,,,,,,,,,,,10436.0,7991.0,259.0,0.0,1446.0,1963.0,28.0,273.0,3318.0,,5951.0,,82.0,14.0,70.0,,78.0,1817.0,4271.0,25.0,,1240.0,577.0,2066.0,5.0,2790.0,11188.0,2405.0,4095.0,1945.0,6344.0,1460.0,30.0,3752.0,1005.0,3687.0,,10.0,89.0,1656.0,13.0,1744.0,189.0,,3.0,770.0,69.0,,4277.0,,2974.0,5502.0,,269.0,6.0,3061.0,736.0,1731.0,,1026.0,87.0,143.0,0.0,241.0,,,254.0,18852.0,88.0,4129.0,0.0,2124.0,77.0,529.0,,209.0,0.0,133.0,2331.0,35.0,288.0,21.0,971.0,3344.0,1525.0,1.0,2047.0,3489.0,342.0,155.0,38.0,25.0,1.0,,1322.0,75.0,5729.0,284.0,4277.0,200.0,258.0,14.0,39.0,1591.0,937.0,,1414.0,312.0,774.0,183.0,539.0,1374.0,83.0,385.0,393.0,5046.0,122.0,311.0,40.0,9009.0,0.0,9076.0,8932.0,14854.0,0.0,1061.0,2275.0,,22.0,2840.0,1295.0,,14.0,42.0,,133.0,59.0,1161.0,,4022.0,6.0,88.0,,11491.0,4.0,1515.0,7.0,234.0,,,8406.0,8566.0,12360.0,103.0,2398.0,1854.0,3625.0,7625.0,,306.0,2841.0,,257.0,568.0,421.0,964.0,1907.0,,0.0,,285.0,15.0,,,0.0,95.0,7823.0,633.0,5274.0,113.0,221.0,1019.0,145.0,120.0,158.0,228.0,2744.0,1146.0,1688.0,,75.0,355.0,1660.0,,1730.0,158.0,0.0,6727.0,,2022.0,444.0,0.0,40.0,,225.0,721.0,1754.0,259.0,116.0,4129.0,2125.0,35.0,726.0,0.0,,,9870.0,672.0,2095.0,54.0,1319.0,69.0,2888.0,50.0
2017-27,194.0,,,,,,,,,,,,,7438.0,7457.0,290.0,0.0,1348.0,1774.0,66.0,275.0,3015.0,,5290.0,,63.0,11.0,80.0,,57.0,1551.0,4007.0,28.0,,1411.0,633.0,2131.0,9.0,2837.0,4874.0,2484.0,4044.0,1752.0,4627.0,1403.0,32.0,3453.0,915.0,3320.0,,8.0,85.0,1565.0,6.0,1865.0,192.0,,6.0,734.0,80.0,,4130.0,,2366.0,5060.0,,185.0,8.0,2688.0,500.0,1653.0,,1021.0,96.0,124.0,0.0,253.0,,,289.0,12075.0,82.0,4890.0,0.0,2169.0,55.0,508.0,,214.0,0.0,122.0,2136.0,65.0,282.0,15.0,724.0,2851.0,1373.0,5.0,1858.0,2764.0,368.0,130.0,43.0,24.0,1.0,,1241.0,57.0,5525.0,272.0,7037.0,142.0,250.0,9.0,28.0,1476.0,796.0,,1359.0,345.0,806.0,184.0,474.0,1078.0,60.0,413.0,303.0,4499.0,198.0,835.0,38.0,5369.0,0.0,7519.0,8212.0,15234.0,0.0,923.0,2324.0,,11.0,2198.0,1214.0,,22.0,27.0,,149.0,92.0,1236.0,,3602.0,6.0,103.0,,10576.0,5.0,1576.0,10.0,269.0,,,6499.0,8185.0,12073.0,69.0,2275.0,1837.0,3294.0,7439.0,,258.0,3002.0,,258.0,499.0,650.0,1063.0,1921.0,,0.0,,172.0,13.0,,,0.0,107.0,7946.0,579.0,4782.0,87.0,248.0,940.0,128.0,137.0,133.0,268.0,2399.0,1046.0,1480.0,,74.0,334.0,1484.0,,1751.0,1280.0,0.0,8844.0,,1775.0,392.0,0.0,33.0,3751.0,209.0,716.0,1802.0,225.0,84.0,3792.0,2949.0,14.0,777.0,0.0,,,9058.0,646.0,1947.0,45.0,1206.0,81.0,2434.0,62.0
2017-28,163.0,,,,,,,,,,,,,5741.0,6893.0,258.0,0.0,1463.0,1926.0,29.0,216.0,2828.0,,5265.0,,60.0,23.0,54.0,,67.0,1785.0,3518.0,18.0,,1379.0,591.0,2148.0,15.0,2952.0,6820.0,2384.0,4610.0,1741.0,4546.0,1553.0,14.0,3769.0,839.0,3644.0,,7.0,104.0,1613.0,11.0,1901.0,182.0,,2.0,761.0,85.0,,3968.0,,2201.0,4581.0,,203.0,4.0,2856.0,391.0,1692.0,,1056.0,106.0,131.0,0.0,273.0,,,298.0,9607.0,70.0,4292.0,0.0,2103.0,80.0,590.0,,229.0,0.0,80.0,1987.0,27.0,299.0,16.0,718.0,2857.0,1502.0,3.0,1780.0,2577.0,372.0,146.0,36.0,38.0,2.0,,1194.0,39.0,5826.0,254.0,4136.0,195.0,301.0,17.0,32.0,1326.0,822.0,,1225.0,333.0,716.0,155.0,423.0,1153.0,80.0,437.0,340.0,4709.0,123.0,308.0,33.0,5179.0,0.0,9190.0,7726.0,13762.0,0.0,1057.0,2279.0,,9.0,2534.0,1305.0,,21.0,53.0,,202.0,113.0,1154.0,,3264.0,6.0,97.0,,9760.0,10.0,1248.0,13.0,242.0,,,6388.0,8601.0,11797.0,75.0,2416.0,1949.0,3299.0,7184.0,,391.0,2938.0,,254.0,531.0,1030.0,1019.0,1939.0,,0.0,,162.0,17.0,,,0.0,101.0,7422.0,615.0,4531.0,77.0,235.0,1179.0,132.0,123.0,133.0,402.0,2905.0,981.0,1634.0,,73.0,386.0,1548.0,,1717.0,222.0,0.0,5942.0,,1654.0,425.0,0.0,35.0,3583.0,207.0,687.0,1733.0,248.0,75.0,3524.0,2004.0,10.0,737.0,0.0,,,7640.0,584.0,2214.0,44.0,1350.0,101.0,2932.0,78.0
2017-29,217.0,,,,,,,,,,,,,5538.0,6885.0,235.0,0.0,1471.0,1833.0,41.0,326.0,2683.0,,5512.0,,71.0,21.0,73.0,,65.0,1551.0,3350.0,42.0,,1196.0,480.0,2008.0,8.0,2748.0,10931.0,2229.0,5469.0,1700.0,4645.0,1474.0,11.0,3463.0,905.0,3304.0,,4.0,46.0,1554.0,20.0,2029.0,198.0,,0.0,788.0,100.0,,4003.0,,2135.0,4238.0,,164.0,5.0,3001.0,452.0,1711.0,,1105.0,97.0,150.0,0.0,265.0,,,276.0,8909.0,80.0,4105.0,0.0,2036.0,93.0,570.0,,178.0,0.0,63.0,1832.0,37.0,261.0,22.0,737.0,2666.0,1470.0,1.0,1799.0,2415.0,337.0,124.0,41.0,28.0,2.0,,1091.0,38.0,5028.0,308.0,4640.0,127.0,287.0,20.0,44.0,1329.0,732.0,,1294.0,719.0,646.0,182.0,410.0,1442.0,58.0,376.0,396.0,4656.0,158.0,213.0,46.0,4383.0,0.0,7737.0,7845.0,15315.0,0.0,946.0,3977.0,,15.0,2365.0,1353.0,,23.0,33.0,,153.0,92.0,1204.0,,3254.0,3.0,83.0,,9358.0,4.0,1231.0,9.0,276.0,,,6539.0,7872.0,11482.0,73.0,2333.0,1991.0,3132.0,7542.0,,309.0,3020.0,,243.0,456.0,438.0,1019.0,1861.0,,0.0,,152.0,17.0,,,0.0,118.0,7251.0,544.0,4489.0,82.0,246.0,978.0,155.0,138.0,179.0,248.0,2768.0,993.0,1765.0,,73.0,349.0,1523.0,,1747.0,189.0,0.0,6744.0,,1743.0,350.0,0.0,25.0,3411.0,196.0,690.0,1882.0,217.0,52.0,3169.0,1883.0,22.0,901.0,0.0,,,7769.0,557.0,1933.0,42.0,1373.0,129.0,2735.0,58.0
2017-30,186.0,,,,,,,,,,,,,5358.0,6168.0,321.0,0.0,1276.0,1740.0,44.0,594.0,2281.0,,4956.0,,40.0,12.0,68.0,,64.0,1648.0,3030.0,33.0,,1147.0,418.0,1887.0,10.0,2793.0,6335.0,2069.0,6150.0,1628.0,4382.0,1362.0,17.0,3534.0,1377.0,3110.0,,7.0,72.0,1467.0,10.0,1835.0,261.0,,1.0,995.0,61.0,,4081.0,,2113.0,3562.0,,199.0,10.0,2588.0,400.0,1519.0,,1108.0,132.0,111.0,0.0,230.0,,,256.0,6990.0,74.0,3148.0,0.0,2013.0,116.0,517.0,,155.0,0.0,80.0,1589.0,20.0,326.0,17.0,599.0,2643.0,1374.0,2.0,1522.0,2231.0,596.0,130.0,31.0,37.0,1.0,,1014.0,56.0,4761.0,281.0,3543.0,112.0,280.0,7.0,24.0,1233.0,639.0,,1120.0,310.0,621.0,138.0,431.0,1268.0,59.0,327.0,282.0,4319.0,133.0,207.0,34.0,4450.0,0.0,6263.0,7169.0,16056.0,0.0,960.0,2149.0,,5.0,2289.0,1281.0,7.0,18.0,32.0,,126.0,83.0,1088.0,,3122.0,3.0,77.0,,8376.0,7.0,1955.0,18.0,229.0,,,7288.0,9129.0,10645.0,65.0,2068.0,1761.0,2673.0,6939.0,,246.0,2607.0,,201.0,468.0,374.0,825.0,1629.0,,0.0,,109.0,10.0,,,0.0,119.0,7956.0,547.0,4474.0,90.0,230.0,1042.0,110.0,99.0,138.0,179.0,3095.0,893.0,2503.0,,79.0,301.0,1320.0,,1343.0,157.0,0.0,6962.0,,1383.0,373.0,0.0,25.0,3087.0,178.0,670.0,1671.0,213.0,54.0,2808.0,1703.0,15.0,791.0,0.0,,,6242.0,524.0,1854.0,38.0,1136.0,87.0,2350.0,61.0
2017-31,174.0,,,,,,,,,,,,,4452.0,5743.0,267.0,0.0,1223.0,1846.0,60.0,366.0,2280.0,,4879.0,,45.0,14.0,37.0,,47.0,2285.0,2785.0,21.0,,1160.0,505.0,1742.0,12.0,2327.0,8125.0,1985.0,9486.0,1675.0,4117.0,1286.0,28.0,3434.0,748.0,3198.0,,2.0,59.0,1421.0,13.0,1652.0,212.0,,3.0,940.0,86.0,,4304.0,,2141.0,3611.0,3099.0,226.0,3.0,2678.0,319.0,1575.0,,1254.0,117.0,121.0,0.0,238.0,,,231.0,5896.0,65.0,3037.0,0.0,1918.0,76.0,499.0,,178.0,0.0,78.0,1542.0,23.0,252.0,16.0,550.0,2275.0,1165.0,3.0,1381.0,2201.0,402.0,111.0,22.0,22.0,0.0,,912.0,42.0,4263.0,589.0,3310.0,127.0,245.0,12.0,33.0,1152.0,654.0,,1118.0,242.0,537.0,137.0,422.0,1240.0,66.0,372.0,381.0,4794.0,114.0,183.0,43.0,3969.0,0.0,6037.0,7164.0,15075.0,0.0,901.0,1951.0,,7.0,3002.0,1141.0,10.0,17.0,21.0,,89.0,53.0,1020.0,,2989.0,3.0,63.0,,8112.0,10.0,1073.0,4.0,240.0,,,6478.0,8069.0,10734.0,37.0,1949.0,1538.0,2527.0,7228.0,,333.0,2840.0,,187.0,414.0,325.0,708.0,1640.0,,0.0,,142.0,12.0,,576.0,0.0,109.0,7244.0,486.0,4245.0,105.0,296.0,992.0,138.0,195.0,119.0,208.0,2643.0,828.0,1548.0,,74.0,326.0,1243.0,,1208.0,140.0,0.0,5627.0,,2012.0,410.0,0.0,63.0,2586.0,155.0,575.0,1539.0,221.0,51.0,2926.0,1614.0,8.0,1276.0,0.0,,,6016.0,500.0,1763.0,47.0,1016.0,69.0,2318.0,46.0
2017-32,177.0,,,,,,,,,,,,,5003.0,14711.0,210.0,0.0,1368.0,1927.0,38.0,287.0,2285.0,,4956.0,,45.0,20.0,35.0,,52.0,2291.0,3364.0,19.0,,1329.0,573.0,1948.0,8.0,2461.0,4239.0,6683.0,6127.0,1679.0,4450.0,1293.0,15.0,3666.0,849.0,5465.0,,5.0,121.0,1459.0,7.0,2018.0,213.0,,2.0,879.0,61.0,51.0,4146.0,,2111.0,3113.0,3842.0,231.0,4.0,3161.0,300.0,1802.0,,1064.0,86.0,154.0,0.0,294.0,,1441.0,247.0,5964.0,59.0,3170.0,0.0,2009.0,142.0,544.0,,130.0,0.0,66.0,1673.0,22.0,242.0,13.0,540.0,2369.0,1340.0,0.0,1751.0,2352.0,340.0,129.0,27.0,31.0,0.0,,1151.0,42.0,4791.0,202.0,14452.0,136.0,233.0,13.0,40.0,1297.0,761.0,,1179.0,416.0,516.0,129.0,405.0,1801.0,63.0,262.0,271.0,5000.0,109.0,212.0,35.0,3985.0,0.0,6628.0,8700.0,14698.0,0.0,1019.0,2724.0,,15.0,2474.0,1213.0,3.0,15.0,20.0,,83.0,73.0,1020.0,,5793.0,6.0,52.0,,8315.0,4.0,1193.0,10.0,245.0,,,7402.0,13780.0,10679.0,57.0,2203.0,2488.0,2442.0,7077.0,,207.0,2536.0,,187.0,406.0,318.0,969.0,1683.0,,0.0,,142.0,16.0,,594.0,0.0,103.0,7819.0,511.0,4544.0,75.0,271.0,1288.0,119.0,112.0,107.0,234.0,2809.0,966.0,1525.0,,45.0,324.0,1329.0,,1221.0,121.0,0.0,7910.0,,1576.0,466.0,0.0,19.0,3129.0,190.0,679.0,1619.0,226.0,63.0,2846.0,1675.0,12.0,847.0,0.0,,,4915.0,437.0,1854.0,41.0,1015.0,311.0,2147.0,60.0
2017-33,258.0,,,,,,,,,,,,,5311.0,6228.0,237.0,0.0,1269.0,1896.0,34.0,276.0,2220.0,674.0,4778.0,,50.0,17.0,51.0,,111.0,2146.0,4268.0,25.0,,1179.0,493.0,1870.0,8.0,2398.0,8424.0,4840.0,6927.0,1703.0,4802.0,1457.0,15.0,3736.0,1155.0,3600.0,,10.0,50.0,1471.0,12.0,1974.0,165.0,,5.0,768.0,56.0,50.0,4789.0,,2003.0,3037.0,3267.0,211.0,11.0,3110.0,322.0,1885.0,,1083.0,111.0,133.0,0.0,318.0,,755.0,262.0,6045.0,79.0,2414.0,0.0,2196.0,146.0,531.0,,149.0,0.0,93.0,1686.0,21.0,239.0,22.0,562.0,2203.0,1319.0,1.0,1848.0,2365.0,369.0,136.0,39.0,44.0,0.0,,1098.0,41.0,4246.0,301.0,6828.0,128.0,237.0,9.0,34.0,1497.0,823.0,,1174.0,290.0,498.0,147.0,442.0,1399.0,56.0,237.0,259.0,4399.0,128.0,181.0,56.0,4033.0,0.0,6461.0,8936.0,14228.0,0.0,926.0,2075.0,,8.0,2392.0,1237.0,2.0,14.0,36.0,,107.0,68.0,1135.0,,3674.0,3.0,54.0,,8267.0,7.0,1205.0,9.0,280.0,,,6714.0,15571.0,11373.0,59.0,2149.0,1623.0,2878.0,7802.0,,245.0,2619.0,,212.0,417.0,357.0,897.0,1705.0,213.0,0.0,,154.0,18.0,,562.0,0.0,121.0,7621.0,534.0,4507.0,86.0,280.0,1116.0,111.0,121.0,130.0,223.0,3184.0,886.0,1568.0,,64.0,288.0,1370.0,,1263.0,153.0,0.0,6817.0,,1721.0,544.0,0.0,20.0,3527.0,193.0,652.0,1864.0,302.0,64.0,3056.0,1983.0,38.0,784.0,0.0,,,4682.0,449.0,1532.0,45.0,991.0,168.0,2269.0,40.0
2017-34,196.0,,,,,,,,,,,,,6347.0,6436.0,191.0,0.0,1523.0,1803.0,30.0,302.0,2271.0,708.0,5164.0,,63.0,18.0,47.0,,73.0,2183.0,4359.0,26.0,,1417.0,458.0,1908.0,15.0,2385.0,4338.0,3351.0,7548.0,1731.0,5857.0,1725.0,18.0,3627.0,1099.0,3340.0,,4.0,65.0,1575.0,14.0,2275.0,146.0,,4.0,775.0,70.0,53.0,4651.0,,1994.0,2721.0,3533.0,222.0,8.0,2864.0,313.0,1755.0,,942.0,101.0,152.0,0.0,435.0,,773.0,246.0,4392.0,65.0,2269.0,0.0,1994.0,97.0,605.0,,168.0,0.0,81.0,1871.0,31.0,315.0,47.0,633.0,2550.0,1682.0,2.0,1962.0,2617.0,343.0,121.0,31.0,32.0,1.0,,1363.0,45.0,4465.0,269.0,3868.0,138.0,283.0,12.0,27.0,1579.0,898.0,0.0,1161.0,393.0,603.0,139.0,503.0,1231.0,75.0,395.0,229.0,4505.0,85.0,181.0,36.0,5099.0,0.0,6012.0,8759.0,13561.0,0.0,1114.0,2141.0,,15.0,2638.0,1271.0,6.0,18.0,30.0,,103.0,57.0,1273.0,,3140.0,3.0,74.0,,8850.0,4.0,1120.0,10.0,275.0,,,6411.0,9807.0,11831.0,98.0,2233.0,1738.0,2441.0,7457.0,,219.0,3257.0,,256.0,469.0,344.0,767.0,1836.0,214.0,0.0,,203.0,32.0,,718.0,0.0,114.0,8205.0,577.0,5036.0,127.0,316.0,1294.0,129.0,128.0,113.0,228.0,2682.0,911.0,1951.0,,59.0,343.0,1457.0,,1268.0,147.0,0.0,7196.0,,1721.0,534.0,0.0,21.0,3982.0,201.0,714.0,1970.0,260.0,76.0,3060.0,1930.0,10.0,839.0,0.0,,,4570.0,453.0,1746.0,29.0,878.0,108.0,2270.0,52.0
2017-35,180.0,,,,,,,,,,,,,5292.0,7169.0,220.0,0.0,1579.0,1947.0,58.0,301.0,2225.0,675.0,5139.0,,55.0,15.0,51.0,,62.0,1691.0,4835.0,32.0,,1453.0,512.0,1907.0,7.0,2361.0,4064.0,2424.0,26707.0,1874.0,4897.0,1598.0,9.0,3989.0,1309.0,3307.0,,6.0,58.0,1650.0,14.0,2408.0,150.0,,0.0,722.0,45.0,55.0,4641.0,,1937.0,2583.0,3505.0,197.0,4.0,2955.0,373.0,1617.0,,981.0,117.0,145.0,0.0,501.0,,790.0,291.0,4030.0,62.0,2129.0,0.0,1989.0,91.0,680.0,,183.0,0.0,85.0,1952.0,20.0,237.0,36.0,603.0,2499.0,1646.0,2.0,1942.0,2852.0,331.0,108.0,49.0,32.0,0.0,,1235.0,51.0,4458.0,1195.0,3780.0,145.0,283.0,7.0,36.0,1602.0,877.0,0.0,1217.0,311.0,599.0,159.0,444.0,1132.0,67.0,413.0,325.0,4534.0,106.0,255.0,24.0,6236.0,0.0,6746.0,9174.0,13132.0,0.0,1039.0,1926.0,,9.0,2919.0,1221.0,1.0,22.0,30.0,,110.0,40.0,1342.0,,3157.0,10.0,51.0,,9294.0,7.0,1160.0,10.0,210.0,,,7305.0,9170.0,12912.0,57.0,2098.0,1945.0,2551.0,7935.0,,221.0,3415.0,,234.0,451.0,397.0,769.0,1696.0,205.0,0.0,,137.0,15.0,,677.0,0.0,115.0,9639.0,619.0,4594.0,90.0,290.0,1156.0,133.0,111.0,124.0,217.0,2881.0,989.0,1577.0,,72.0,339.0,1351.0,,1366.0,237.0,0.0,6096.0,,1703.0,543.0,0.0,27.0,4025.0,177.0,662.0,1951.0,236.0,60.0,2962.0,1885.0,7.0,850.0,0.0,,,3982.0,495.0,1795.0,41.0,990.0,128.0,2403.0,55.0
2017-36,173.0,,,,,,,,,,,,,5157.0,7181.0,232.0,0.0,1784.0,1792.0,203.0,256.0,2442.0,637.0,5732.0,,45.0,18.0,48.0,,73.0,1657.0,5536.0,22.0,,1299.0,492.0,2000.0,8.0,2281.0,5500.0,2129.0,8469.0,1848.0,4772.0,1715.0,21.0,3854.0,2251.0,3234.0,,6.0,64.0,1619.0,10.0,3145.0,169.0,,1.0,833.0,104.0,66.0,4646.0,,2068.0,2328.0,3470.0,198.0,8.0,3011.0,406.0,1663.0,,1092.0,106.0,156.0,0.0,762.0,,827.0,304.0,4474.0,67.0,1781.0,0.0,2294.0,96.0,653.0,,159.0,0.0,116.0,2050.0,22.0,216.0,23.0,655.0,2680.0,1740.0,1.0,2211.0,3807.0,332.0,118.0,49.0,53.0,1.0,,1477.0,42.0,4666.0,222.0,4080.0,121.0,346.0,26.0,34.0,1763.0,1001.0,0.0,1333.0,251.0,598.0,181.0,500.0,1077.0,86.0,1061.0,246.0,4794.0,98.0,285.0,37.0,6707.0,0.0,6829.0,11024.0,15210.0,0.0,1084.0,2009.0,,25.0,2794.0,1306.0,4.0,19.0,38.0,,84.0,44.0,1521.0,,2982.0,10.0,58.0,298.0,9558.0,5.0,1309.0,5.0,231.0,,,16975.0,9679.0,12878.0,63.0,2197.0,2016.0,3091.0,9406.0,,218.0,4027.0,,230.0,490.0,466.0,772.0,1950.0,166.0,0.0,,119.0,32.0,,794.0,0.0,110.0,9216.0,594.0,4884.0,83.0,329.0,1654.0,110.0,105.0,126.0,209.0,3156.0,1058.0,2019.0,,72.0,343.0,1506.0,,1318.0,164.0,0.0,5864.0,,1734.0,634.0,0.0,77.0,4509.0,177.0,752.0,2178.0,194.0,64.0,3084.0,2377.0,12.0,733.0,0.0,,45.0,3468.0,501.0,1877.0,44.0,973.0,97.0,2468.0,42.0
2017-37,595.0,,,,,,,,,,,,,5476.0,7229.0,246.0,0.0,2063.0,2040.0,173.0,273.0,2429.0,647.0,5878.0,1102.0,44.0,12.0,43.0,,78.0,1817.0,6614.0,27.0,,1402.0,551.0,2283.0,12.0,2460.0,5074.0,1941.0,6766.0,2093.0,4619.0,1437.0,24.0,3748.0,2717.0,3274.0,,14.0,86.0,1511.0,11.0,3937.0,253.0,,2.0,716.0,65.0,58.0,5156.0,,1973.0,2102.0,3461.0,280.0,13.0,2669.0,567.0,1791.0,453.0,957.0,144.0,166.0,0.0,1209.0,,861.0,426.0,10541.0,72.0,1914.0,0.0,1963.0,106.0,741.0,,182.0,0.0,112.0,2533.0,30.0,247.0,22.0,674.0,2719.0,1822.0,0.0,2571.0,4010.0,428.0,141.0,48.0,58.0,0.0,,1494.0,51.0,4877.0,255.0,3834.0,156.0,278.0,11.0,42.0,1812.0,1218.0,0.0,1480.0,325.0,566.0,168.0,609.0,1114.0,86.0,553.0,228.0,5166.0,116.0,411.0,49.0,4693.0,0.0,6837.0,11638.0,15888.0,0.0,1203.0,2162.0,,14.0,2664.0,1409.0,5.0,27.0,56.0,,124.0,52.0,1788.0,,3116.0,5.0,55.0,283.0,9529.0,3.0,1424.0,9.0,268.0,,,11422.0,11764.0,12920.0,85.0,2387.0,2016.0,3242.0,8443.0,,253.0,5636.0,,241.0,515.0,490.0,1068.0,2085.0,235.0,0.0,,135.0,24.0,3185.0,863.0,0.0,127.0,9709.0,553.0,4760.0,106.0,338.0,1959.0,124.0,150.0,106.0,201.0,3185.0,1014.0,1567.0,,48.0,373.0,1550.0,,1339.0,169.0,0.0,5482.0,,1859.0,562.0,0.0,19.0,5235.0,210.0,789.0,2655.0,227.0,62.0,3592.0,3020.0,12.0,893.0,0.0,18.0,67.0,3128.0,582.0,2080.0,47.0,1022.0,131.0,2588.0,61.0
2017-38,183.0,,,,,,,,,,,,,5434.0,7567.0,207.0,0.0,2208.0,2169.0,27.0,348.0,2449.0,699.0,6359.0,1156.0,72.0,24.0,72.0,,71.0,2247.0,6504.0,24.0,,1386.0,560.0,2352.0,19.0,2439.0,5964.0,2132.0,6024.0,2071.0,4897.0,1470.0,28.0,3498.0,2476.0,2956.0,,4.0,67.0,1568.0,10.0,4569.0,240.0,,7.0,674.0,70.0,73.0,5524.0,,1721.0,1719.0,3335.0,228.0,6.0,2495.0,591.0,1735.0,447.0,958.0,127.0,187.0,0.0,1625.0,,847.0,488.0,7167.0,74.0,1815.0,0.0,2019.0,104.0,817.0,,163.0,0.0,115.0,2476.0,26.0,242.0,20.0,695.0,2735.0,1815.0,2.0,2500.0,4284.0,456.0,151.0,54.0,53.0,0.0,,1694.0,39.0,5266.0,236.0,3905.0,105.0,329.0,10.0,48.0,1864.0,1066.0,0.0,1496.0,253.0,697.0,159.0,540.0,1063.0,67.0,294.0,202.0,5552.0,134.0,437.0,46.0,4885.0,0.0,6343.0,11034.0,12586.0,0.0,1165.0,2610.0,,12.0,2302.0,1587.0,1.0,23.0,43.0,,113.0,76.0,1788.0,,3170.0,6.0,105.0,375.0,9153.0,3.0,1418.0,5.0,265.0,,,9652.0,9954.0,10986.0,68.0,2578.0,2191.0,3236.0,9099.0,8990.0,273.0,7397.0,,232.0,531.0,515.0,2990.0,2334.0,218.0,0.0,,140.0,20.0,3007.0,827.0,0.0,134.0,10639.0,678.0,4668.0,70.0,317.0,1825.0,142.0,124.0,145.0,231.0,2891.0,1085.0,1693.0,,56.0,401.0,1612.0,24.0,1284.0,201.0,0.0,5508.0,,1831.0,591.0,0.0,10.0,5142.0,231.0,812.0,2397.0,213.0,92.0,3602.0,2478.0,15.0,653.0,0.0,16.0,52.0,2894.0,564.0,1761.0,51.0,1101.0,74.0,3454.0,60.0
2017-39,189.0,,,,,,,,,,,,,5164.0,7136.0,236.0,0.0,2612.0,2209.0,43.0,310.0,2293.0,600.0,6276.0,999.0,56.0,17.0,63.0,3361.0,80.0,2055.0,6054.0,20.0,,1293.0,555.0,2305.0,11.0,2409.0,4398.0,1893.0,7662.0,1944.0,4119.0,1332.0,29.0,3685.0,1955.0,3262.0,,11.0,57.0,1636.0,20.0,4457.0,208.0,,10.0,677.0,67.0,62.0,5677.0,,1906.0,1788.0,3274.0,192.0,11.0,2325.0,570.0,1587.0,386.0,909.0,124.0,214.0,0.0,2269.0,,814.0,388.0,4118.0,75.0,1879.0,0.0,2072.0,85.0,858.0,,144.0,0.0,127.0,2459.0,23.0,254.0,5.0,657.0,2629.0,1702.0,1.0,2419.0,4565.0,483.0,157.0,60.0,77.0,1.0,,1627.0,46.0,5091.0,219.0,4718.0,124.0,266.0,5.0,27.0,1438.0,1073.0,0.0,1691.0,329.0,580.0,188.0,666.0,1103.0,93.0,298.0,253.0,5861.0,96.0,407.0,37.0,4406.0,0.0,9571.0,10002.0,13325.0,0.0,1053.0,2070.0,,9.0,2223.0,1776.0,5.0,35.0,27.0,,152.0,65.0,1654.0,,2954.0,4.0,55.0,314.0,8209.0,4.0,1246.0,7.0,252.0,,,8663.0,17991.0,10792.0,70.0,2380.0,2471.0,3054.0,9702.0,8285.0,235.0,10048.0,,232.0,529.0,595.0,2441.0,2322.0,216.0,0.0,,113.0,24.0,2809.0,807.0,0.0,121.0,11456.0,636.0,4446.0,101.0,277.0,1613.0,172.0,131.0,115.0,165.0,2838.0,1013.0,2747.0,,51.0,399.0,1456.0,19.0,1325.0,140.0,0.0,7335.0,30.0,1774.0,600.0,0.0,62.0,4768.0,174.0,810.0,2508.0,251.0,69.0,3430.0,2262.0,14.0,741.0,0.0,15.0,62.0,3123.0,556.0,1668.0,30.0,1036.0,126.0,2796.0,48.0
2017-40,622.0,,,,,,,1083.0,,,,,,5653.0,7580.0,189.0,0.0,2590.0,2383.0,55.0,377.0,2236.0,626.0,6324.0,1041.0,71.0,16.0,64.0,3901.0,83.0,2052.0,5773.0,34.0,,1259.0,458.0,2110.0,7.0,2505.0,4610.0,1978.0,5929.0,1727.0,4985.0,1388.0,24.0,3581.0,2514.0,3423.0,,8.0,65.0,1681.0,10.0,4841.0,288.0,,4.0,683.0,72.0,64.0,5167.0,,2071.0,1675.0,3111.0,201.0,6.0,2703.0,647.0,1739.0,466.0,913.0,174.0,249.0,0.0,2797.0,,810.0,445.0,3188.0,70.0,1771.0,0.0,2163.0,107.0,972.0,,154.0,0.0,160.0,2341.0,27.0,221.0,18.0,757.0,2720.0,1640.0,2.0,2270.0,4773.0,464.0,126.0,72.0,79.0,2.0,,1528.0,34.0,4946.0,396.0,3944.0,155.0,629.0,5.0,41.0,1570.0,896.0,0.0,1614.0,429.0,713.0,131.0,544.0,1179.0,92.0,296.0,257.0,6084.0,117.0,253.0,31.0,4946.0,0.0,6743.0,10358.0,12519.0,0.0,1030.0,2071.0,,4.0,3208.0,1695.0,6.0,17.0,20.0,,108.0,71.0,1591.0,,3004.0,11.0,89.0,395.0,8614.0,6.0,1757.0,9.0,348.0,,,7882.0,38721.0,9968.0,83.0,2438.0,3710.0,3009.0,9325.0,8964.0,221.0,6772.0,,273.0,519.0,637.0,2342.0,2160.0,203.0,0.0,,120.0,26.0,2863.0,708.0,0.0,171.0,10285.0,600.0,4694.0,114.0,306.0,1785.0,149.0,128.0,110.0,201.0,3738.0,1027.0,1855.0,,70.0,446.0,1526.0,33.0,1399.0,173.0,0.0,5885.0,33.0,1602.0,677.0,0.0,30.0,4681.0,198.0,851.0,2246.0,238.0,62.0,3362.0,2542.0,19.0,614.0,0.0,13.0,58.0,3131.0,558.0,1536.0,38.0,1068.0,84.0,2561.0,73.0
2017-41,200.0,,,,718.0,,635.0,1134.0,,,,,,5998.0,7726.0,224.0,0.0,2608.0,2081.0,65.0,376.0,2667.0,720.0,6956.0,1150.0,69.0,13.0,65.0,3727.0,112.0,2429.0,6342.0,18.0,,1630.0,639.0,2316.0,10.0,2517.0,5069.0,1946.0,4432.0,2002.0,4963.0,1600.0,25.0,3499.0,1752.0,3654.0,,9.0,66.0,1643.0,13.0,4505.0,267.0,,7.0,762.0,69.0,56.0,5673.0,,2040.0,1588.0,3253.0,261.0,7.0,2787.0,631.0,1825.0,470.0,1072.0,142.0,257.0,0.0,3540.0,,836.0,371.0,3311.0,80.0,2192.0,0.0,2153.0,143.0,961.0,,178.0,0.0,144.0,2473.0,19.0,284.0,7.0,774.0,3137.0,1695.0,3.0,2391.0,5084.0,557.0,191.0,264.0,140.0,2.0,,1685.0,44.0,5921.0,295.0,4672.0,218.0,298.0,8.0,48.0,1675.0,959.0,0.0,1752.0,458.0,693.0,159.0,628.0,1157.0,135.0,381.0,235.0,6820.0,98.0,360.0,57.0,4570.0,0.0,7179.0,9687.0,13558.0,0.0,1232.0,2373.0,,16.0,2521.0,1645.0,7.0,20.0,30.0,,111.0,90.0,1610.0,,3353.0,4.0,130.0,399.0,9413.0,6.0,1551.0,14.0,321.0,,,7938.0,34372.0,10852.0,98.0,2516.0,2416.0,3502.0,8294.0,8782.0,278.0,7164.0,,281.0,567.0,697.0,1699.0,2245.0,221.0,0.0,,134.0,25.0,2902.0,871.0,0.0,165.0,10097.0,704.0,4724.0,131.0,274.0,1761.0,121.0,119.0,109.0,165.0,3675.0,1006.0,1725.0,,69.0,493.0,1621.0,30.0,1549.0,215.0,0.0,14630.0,36.0,1776.0,784.0,0.0,29.0,5050.0,282.0,942.0,2319.0,287.0,112.0,3753.0,2692.0,17.0,783.0,0.0,22.0,71.0,3080.0,663.0,1885.0,31.0,1136.0,75.0,2784.0,64.0
2017-42,185.0,,337.0,,817.0,1571.0,595.0,1103.0,,,1891.0,,,5980.0,7967.0,284.0,0.0,2699.0,2059.0,50.0,382.0,2673.0,682.0,7012.0,1184.0,74.0,30.0,64.0,3834.0,105.0,2491.0,6685.0,25.0,,1543.0,646.0,2666.0,4.0,2590.0,4154.0,2411.0,4669.0,2086.0,4906.0,2089.0,34.0,3574.0,1719.0,3930.0,,5.0,92.0,1710.0,23.0,4062.0,260.0,,6.0,923.0,89.0,64.0,5535.0,,2115.0,1730.0,3376.0,226.0,12.0,2732.0,606.0,2023.0,487.0,1131.0,147.0,236.0,0.0,3414.0,,968.0,363.0,4536.0,82.0,2216.0,0.0,2444.0,121.0,945.0,,192.0,0.0,182.0,2446.0,27.0,245.0,11.0,801.0,3178.0,1812.0,2.0,2612.0,5293.0,510.0,171.0,118.0,119.0,0.0,,1650.0,38.0,5853.0,250.0,4870.0,216.0,424.0,15.0,46.0,1734.0,1116.0,0.0,1766.0,347.0,747.0,175.0,611.0,1508.0,127.0,345.0,221.0,6818.0,97.0,345.0,30.0,4905.0,0.0,8952.0,10459.0,13456.0,0.0,1105.0,2485.0,,19.0,2798.0,1438.0,5.0,16.0,41.0,,126.0,101.0,1606.0,,3488.0,7.0,93.0,371.0,10590.0,6.0,1575.0,9.0,394.0,5.0,,7775.0,30750.0,11900.0,87.0,2440.0,2484.0,3814.0,8650.0,9608.0,328.0,6980.0,,242.0,554.0,681.0,1350.0,2055.0,193.0,0.0,4.0,139.0,32.0,2908.0,890.0,0.0,204.0,10296.0,618.0,4898.0,130.0,295.0,1600.0,178.0,127.0,150.0,221.0,4367.0,1154.0,1977.0,,63.0,508.0,1566.0,20.0,1630.0,143.0,0.0,7357.0,26.0,2117.0,755.0,0.0,72.0,5431.0,222.0,960.0,2498.0,272.0,193.0,3925.0,3158.0,13.0,767.0,0.0,20.0,80.0,3029.0,680.0,1730.0,51.0,1241.0,81.0,2946.0,60.0
2017-43,187.0,576.0,355.0,,716.0,1626.0,606.0,1188.0,,,1839.0,,,6313.0,8088.0,239.0,0.0,2372.0,2070.0,68.0,626.0,2517.0,697.0,7084.0,1215.0,66.0,21.0,55.0,3660.0,155.0,2078.0,5821.0,21.0,10421.0,1293.0,529.0,2458.0,13.0,2685.0,4911.0,2290.0,5084.0,2086.0,5718.0,2041.0,18.0,3665.0,1555.0,4107.0,,0.0,83.0,1693.0,18.0,3699.0,262.0,,4.0,824.0,84.0,67.0,5061.0,,1876.0,1627.0,3201.0,220.0,5.0,2795.0,435.0,2003.0,431.0,1100.0,116.0,238.0,0.0,3176.0,,943.0,345.0,3115.0,83.0,1942.0,0.0,2361.0,125.0,916.0,,188.0,0.0,197.0,2408.0,26.0,277.0,14.0,791.0,2949.0,1800.0,2.0,2479.0,5209.0,481.0,261.0,120.0,88.0,1.0,,1562.0,53.0,5521.0,485.0,3841.0,190.0,388.0,12.0,53.0,1515.0,988.0,0.0,1869.0,401.0,735.0,206.0,590.0,1223.0,131.0,339.0,198.0,6681.0,109.0,244.0,38.0,4664.0,0.0,14890.0,10449.0,13361.0,0.0,1050.0,2295.0,,13.0,2790.0,1510.0,10.0,22.0,23.0,609.0,128.0,95.0,1601.0,,7921.0,5.0,81.0,387.0,9557.0,17.0,1637.0,10.0,358.0,0.0,,7424.0,24034.0,10843.0,85.0,2259.0,2600.0,3083.0,8276.0,8748.0,291.0,6767.0,,248.0,585.0,706.0,1136.0,2115.0,211.0,0.0,2.0,149.0,13.0,2836.0,822.0,0.0,187.0,9115.0,570.0,4781.0,98.0,276.0,1729.0,133.0,126.0,125.0,213.0,4070.0,1126.0,1859.0,5111.0,78.0,482.0,1496.0,28.0,1623.0,134.0,0.0,6380.0,34.0,1825.0,659.0,0.0,28.0,4856.0,202.0,880.0,2136.0,335.0,336.0,3342.0,2682.0,8.0,528.0,0.0,10.0,70.0,2734.0,622.0,2059.0,41.0,1227.0,93.0,2717.0,45.0
2017-44,226.0,587.0,383.0,495.0,612.0,1498.0,686.0,1087.0,,,1288.0,787.0,,6758.0,8064.0,244.0,0.0,2504.0,2065.0,33.0,488.0,2587.0,611.0,6919.0,1255.0,74.0,20.0,59.0,3598.0,87.0,2224.0,5525.0,27.0,11179.0,1137.0,439.0,1968.0,8.0,2679.0,4246.0,1896.0,5444.0,1807.0,5559.0,1875.0,29.0,3543.0,1489.0,4092.0,,4.0,75.0,1637.0,13.0,3716.0,213.0,,5.0,731.0,93.0,52.0,5052.0,,1848.0,1255.0,3154.0,274.0,11.0,2750.0,553.0,1959.0,600.0,954.0,143.0,189.0,0.0,2540.0,,747.0,375.0,2747.0,95.0,2359.0,0.0,2639.0,96.0,934.0,,212.0,0.0,154.0,2530.0,31.0,230.0,12.0,759.0,2827.0,1625.0,2.0,2184.0,5000.0,429.0,205.0,119.0,106.0,1.0,,1578.0,37.0,5419.0,681.0,5080.0,175.0,362.0,9.0,53.0,1501.0,985.0,0.0,1572.0,277.0,681.0,167.0,518.0,1306.0,114.0,341.0,161.0,6553.0,94.0,261.0,29.0,4351.0,0.0,9047.0,13877.0,11988.0,0.0,1037.0,2251.0,,7.0,2771.0,1586.0,6.0,14.0,34.0,781.0,155.0,102.0,1297.0,,4341.0,10.0,82.0,369.0,9316.0,9.0,1431.0,5.0,363.0,0.0,,7636.0,18533.0,9669.0,82.0,2294.0,2245.0,3372.0,8973.0,8410.0,301.0,5914.0,,306.0,489.0,624.0,1257.0,2011.0,217.0,0.0,5.0,116.0,23.0,2681.0,746.0,0.0,143.0,10702.0,564.0,5186.0,100.0,309.0,1815.0,150.0,132.0,133.0,211.0,3760.0,1118.0,1616.0,4685.0,69.0,456.0,1633.0,35.0,1572.0,142.0,0.0,5348.0,32.0,1727.0,671.0,0.0,22.0,4961.0,198.0,930.0,2029.0,279.0,144.0,3852.0,2292.0,31.0,476.0,0.0,11.0,91.0,1936.0,596.0,1799.0,54.0,1268.0,98.0,2372.0,42.0
2017-45,215.0,869.0,430.0,500.0,833.0,1350.0,731.0,1246.0,1036.0,672.0,1798.0,784.0,,7686.0,9074.0,316.0,0.0,2769.0,1996.0,88.0,454.0,2964.0,601.0,7797.0,1602.0,71.0,22.0,70.0,4481.0,98.0,2102.0,7392.0,27.0,11874.0,1572.0,625.0,2666.0,6.0,2986.0,7023.0,1804.0,11343.0,2079.0,6264.0,1813.0,40.0,3855.0,1961.0,3742.0,,4.0,86.0,1606.0,18.0,3922.0,263.0,,4.0,802.0,88.0,58.0,5398.0,,2100.0,1471.0,3510.0,248.0,3.0,3195.0,848.0,1991.0,567.0,1124.0,150.0,253.0,0.0,3262.0,,1013.0,354.0,2947.0,96.0,2110.0,0.0,3342.0,147.0,940.0,,243.0,0.0,226.0,2972.0,33.0,285.0,24.0,854.0,3896.0,1935.0,0.0,2765.0,5912.0,513.0,159.0,116.0,124.0,0.0,,1788.0,53.0,6950.0,1044.0,4457.0,145.0,415.0,20.0,57.0,1973.0,1229.0,0.0,1669.0,266.0,841.0,220.0,722.0,1198.0,106.0,380.0,285.0,7345.0,134.0,299.0,46.0,5520.0,0.0,7316.0,11680.0,13374.0,0.0,1254.0,2438.0,,12.0,2815.0,1504.0,14.0,22.0,51.0,752.0,153.0,139.0,1679.0,,4136.0,10.0,109.0,438.0,11391.0,9.0,1495.0,8.0,381.0,5.0,,8574.0,14768.0,11236.0,81.0,2447.0,2792.0,4294.0,8958.0,9933.0,322.0,5651.0,46.0,298.0,625.0,735.0,1176.0,2154.0,283.0,0.0,9.0,122.0,20.0,3358.0,1060.0,0.0,152.0,8363.0,670.0,5323.0,144.0,308.0,2126.0,180.0,146.0,174.0,254.0,3969.0,1193.0,2238.0,6072.0,73.0,505.0,1803.0,29.0,1762.0,157.0,0.0,6054.0,32.0,2045.0,767.0,0.0,33.0,6161.0,245.0,951.0,2535.0,316.0,120.0,4159.0,2841.0,9.0,508.0,0.0,14.0,88.0,1923.0,702.0,1857.0,54.0,1427.0,133.0,3013.0,51.0
2017-46,208.0,707.0,433.0,545.0,876.0,1296.0,1139.0,1334.0,1121.0,945.0,1959.0,776.0,,7850.0,8623.0,277.0,0.0,2995.0,2110.0,85.0,368.0,3105.0,685.0,8112.0,1510.0,74.0,18.0,70.0,4494.0,116.0,2046.0,7411.0,28.0,12583.0,1485.0,579.0,2561.0,8.0,3804.0,5351.0,1945.0,5321.0,2177.0,7292.0,2327.0,26.0,3696.0,1839.0,3828.0,,8.0,121.0,1715.0,17.0,4191.0,245.0,,5.0,739.0,79.0,54.0,6222.0,,2033.0,1427.0,3991.0,254.0,9.0,3072.0,839.0,1893.0,418.0,1132.0,158.0,243.0,0.0,2697.0,,1045.0,406.0,2526.0,96.0,2002.0,0.0,2566.0,124.0,997.0,2013.0,215.0,0.0,199.0,3058.0,38.0,276.0,22.0,870.0,3594.0,1989.0,0.0,2730.0,5919.0,537.0,157.0,130.0,86.0,1.0,,1811.0,44.0,6613.0,409.0,4162.0,187.0,379.0,11.0,88.0,1815.0,1229.0,0.0,1771.0,252.0,815.0,195.0,728.0,1219.0,112.0,418.0,267.0,7568.0,128.0,274.0,38.0,6206.0,0.0,6713.0,11377.0,13709.0,0.0,1204.0,2280.0,,17.0,2942.0,1657.0,7.0,25.0,39.0,794.0,168.0,82.0,1874.0,,4196.0,7.0,102.0,451.0,11501.0,8.0,1597.0,10.0,380.0,3.0,13.0,12290.0,13407.0,11091.0,69.0,2433.0,2857.0,4514.0,8658.0,10129.0,332.0,6315.0,47.0,309.0,603.0,843.0,1176.0,2291.0,238.0,0.0,6.0,107.0,29.0,3174.0,826.0,0.0,168.0,8337.0,662.0,5325.0,142.0,343.0,2189.0,141.0,118.0,106.0,238.0,3647.0,1251.0,2181.0,8511.0,74.0,504.0,1818.0,39.0,1854.0,154.0,0.0,5838.0,42.0,2059.0,706.0,0.0,37.0,6032.0,221.0,1057.0,2531.0,342.0,81.0,4248.0,2611.0,15.0,440.0,0.0,10.0,69.0,1655.0,684.0,1896.0,58.0,1389.0,120.0,2855.0,59.0
2017-47,232.0,634.0,417.0,510.0,893.0,1353.0,865.0,1265.0,1025.0,798.0,1395.0,887.0,887.0,8051.0,8474.0,301.0,0.0,3022.0,1933.0,134.0,310.0,2725.0,717.0,7756.0,1536.0,94.0,26.0,88.0,4194.0,113.0,2059.0,7047.0,25.0,12475.0,1657.0,621.0,2418.0,14.0,3446.0,5309.0,1916.0,4332.0,2005.0,6494.0,2044.0,38.0,3743.0,1736.0,3328.0,,5.0,85.0,1651.0,19.0,3985.0,248.0,,8.0,1022.0,117.0,80.0,6312.0,,1901.0,1458.0,3935.0,267.0,8.0,3736.0,913.0,2082.0,375.0,1047.0,136.0,248.0,0.0,2170.0,7217.0,1047.0,321.0,2597.0,88.0,1902.0,0.0,2647.0,114.0,1045.0,1856.0,224.0,0.0,162.0,2948.0,30.0,261.0,21.0,818.0,3399.0,1865.0,1.0,2695.0,6562.0,617.0,171.0,159.0,123.0,0.0,,1790.0,38.0,6385.0,326.0,3780.0,216.0,413.0,7.0,65.0,1874.0,1213.0,0.0,1621.0,270.0,689.0,196.0,731.0,1278.0,150.0,387.0,234.0,7428.0,108.0,215.0,43.0,5457.0,0.0,6718.0,11149.0,12952.0,0.0,1120.0,2352.0,752.0,20.0,3280.0,1720.0,5.0,18.0,36.0,774.0,186.0,115.0,1588.0,,4322.0,10.0,100.0,466.0,11184.0,6.0,1368.0,8.0,384.0,1.0,8.0,8776.0,12094.0,12123.0,98.0,2679.0,2649.0,4486.0,8994.0,9935.0,283.0,6605.0,31.0,321.0,574.0,1067.0,1032.0,2229.0,269.0,0.0,1.0,118.0,35.0,2989.0,755.0,0.0,162.0,9488.0,679.0,5922.0,123.0,633.0,2065.0,140.0,108.0,148.0,315.0,3522.0,1076.0,1862.0,6263.0,58.0,469.0,1715.0,28.0,1893.0,129.0,0.0,6122.0,44.0,1979.0,757.0,0.0,39.0,5842.0,222.0,912.0,2607.0,315.0,89.0,4045.0,2594.0,11.0,392.0,0.0,12.0,88.0,1783.0,713.0,1918.0,65.0,1434.0,120.0,3135.0,60.0
2017-48,238.0,640.0,395.0,464.0,771.0,1286.0,706.0,1275.0,870.0,611.0,1567.0,803.0,614.0,13223.0,8357.0,249.0,0.0,2787.0,2029.0,98.0,337.0,2931.0,623.0,7563.0,1480.0,87.0,15.0,91.0,3957.0,121.0,2163.0,6652.0,24.0,11501.0,1662.0,582.0,2182.0,8.0,3073.0,4878.0,1893.0,4686.0,1795.0,5998.0,2849.0,26.0,3454.0,1621.0,4370.0,,4.0,100.0,1609.0,16.0,4029.0,207.0,1.0,1.0,1125.0,99.0,50.0,5696.0,729.0,1750.0,1251.0,3868.0,251.0,12.0,3063.0,847.0,1817.0,457.0,1041.0,147.0,236.0,0.0,1659.0,12094.0,869.0,322.0,2371.0,95.0,1871.0,0.0,2208.0,120.0,903.0,1917.0,229.0,0.0,166.0,3088.0,31.0,226.0,8.0,902.0,3317.0,1865.0,1.0,3415.0,6443.0,792.0,206.0,151.0,80.0,0.0,,1631.0,47.0,5995.0,371.0,3836.0,171.0,405.0,13.0,67.0,1752.0,1138.0,0.0,1734.0,319.0,738.0,190.0,710.0,1380.0,126.0,374.0,205.0,7284.0,115.0,289.0,49.0,6929.0,0.0,6726.0,10000.0,12264.0,0.0,1090.0,2535.0,667.0,12.0,3393.0,1621.0,10.0,20.0,22.0,681.0,200.0,76.0,1533.0,,3723.0,7.0,136.0,454.0,10937.0,7.0,2115.0,14.0,446.0,7.0,7.0,8795.0,12438.0,12264.0,93.0,2651.0,2532.0,4463.0,8402.0,9246.0,320.0,5673.0,43.0,339.0,624.0,1012.0,1039.0,2215.0,251.0,0.0,6.0,148.0,20.0,3218.0,843.0,0.0,235.0,8145.0,612.0,5454.0,103.0,324.0,2126.0,146.0,97.0,234.0,266.0,4243.0,1162.0,1499.0,5589.0,70.0,458.0,1616.0,31.0,1612.0,169.0,154.0,5185.0,33.0,1819.0,746.0,0.0,42.0,5888.0,230.0,983.0,2442.0,347.0,88.0,4031.0,2753.0,12.0,441.0,0.0,12.0,82.0,1728.0,730.0,2180.0,55.0,1335.0,116.0,2732.0,57.0
2017-49,236.0,609.0,351.0,446.0,1050.0,1308.0,655.0,1214.0,804.0,586.0,1426.0,774.0,661.0,8341.0,8133.0,253.0,0.0,2975.0,2095.0,59.0,478.0,2663.0,571.0,7272.0,1506.0,89.0,22.0,86.0,3940.0,113.0,1959.0,6437.0,29.0,11804.0,1438.0,533.0,1936.0,14.0,2696.0,5175.0,1649.0,4841.0,1623.0,5810.0,3090.0,25.0,3340.0,1457.0,3030.0,,14.0,77.0,1526.0,14.0,4120.0,251.0,4.0,6.0,808.0,67.0,54.0,5830.0,580.0,1554.0,1173.0,3877.0,242.0,10.0,2726.0,719.0,1861.0,397.0,971.0,157.0,271.0,0.0,1258.0,8174.0,913.0,345.0,2260.0,104.0,1824.0,0.0,2171.0,128.0,974.0,1609.0,218.0,0.0,157.0,3001.0,31.0,222.0,28.0,821.0,3344.0,1634.0,7.0,2809.0,6621.0,610.0,262.0,138.0,67.0,2.0,,1738.0,34.0,5597.0,250.0,4468.0,138.0,359.0,12.0,50.0,1719.0,1177.0,0.0,1763.0,258.0,665.0,161.0,674.0,1160.0,106.0,339.0,221.0,7656.0,107.0,227.0,30.0,5756.0,0.0,5843.0,9429.0,11669.0,0.0,965.0,3116.0,644.0,12.0,2532.0,1697.0,5.0,36.0,35.0,681.0,152.0,80.0,1328.0,,3424.0,11.0,78.0,462.0,10318.0,7.0,1950.0,13.0,396.0,7.0,9.0,7991.0,11235.0,10781.0,56.0,2578.0,2557.0,4393.0,8243.0,8606.0,283.0,6182.0,36.0,321.0,573.0,1095.0,883.0,2181.0,200.0,0.0,2.0,148.0,24.0,73173.0,1056.0,0.0,167.0,8022.0,590.0,4794.0,88.0,269.0,2122.0,137.0,89.0,197.0,203.0,3595.0,969.0,1675.0,5363.0,55.0,438.0,1525.0,27.0,1637.0,158.0,25.0,6246.0,34.0,1764.0,760.0,0.0,44.0,5471.0,193.0,888.0,2324.0,349.0,83.0,3778.0,2573.0,20.0,412.0,0.0,13.0,94.0,1492.0,729.0,1861.0,68.0,1176.0,141.0,2386.0,42.0
2017-50,230.0,621.0,419.0,478.0,772.0,1172.0,761.0,1262.0,927.0,722.0,1358.0,809.0,658.0,7708.0,8168.0,252.0,0.0,3248.0,2238.0,58.0,404.0,2665.0,551.0,7393.0,1354.0,94.0,17.0,70.0,3886.0,106.0,1856.0,6122.0,32.0,12424.0,1419.0,556.0,1948.0,13.0,2780.0,4147.0,1723.0,3875.0,1675.0,5616.0,4674.0,24.0,3615.0,1419.0,3137.0,,10.0,64.0,1619.0,18.0,4118.0,284.0,4.0,2.0,815.0,88.0,53.0,6426.0,605.0,1901.0,1045.0,4283.0,277.0,12.0,2522.0,777.0,2824.0,445.0,939.0,191.0,252.0,0.0,1168.0,7479.0,991.0,387.0,13672.0,85.0,1724.0,0.0,2158.0,113.0,967.0,1618.0,215.0,0.0,172.0,2645.0,24.0,204.0,12.0,687.0,2935.0,1610.0,3.0,2641.0,6916.0,486.0,183.0,197.0,55.0,2.0,,1706.0,48.0,5429.0,306.0,3798.0,150.0,322.0,11.0,64.0,1768.0,1169.0,0.0,1725.0,361.0,589.0,166.0,681.0,1192.0,127.0,432.0,213.0,7662.0,99.0,206.0,39.0,5111.0,0.0,7138.0,9443.0,11714.0,0.0,981.0,2978.0,685.0,13.0,2595.0,1890.0,9.0,33.0,27.0,809.0,151.0,95.0,1243.0,,3323.0,8.0,86.0,459.0,10540.0,11.0,1352.0,13.0,310.0,3.0,8.0,7886.0,12631.0,11966.0,68.0,2588.0,2445.0,4149.0,8436.0,7986.0,308.0,5391.0,40.0,296.0,511.0,1529.0,972.0,2251.0,197.0,0.0,3.0,181.0,27.0,8656.0,738.0,0.0,126.0,7715.0,549.0,4846.0,71.0,312.0,2243.0,135.0,129.0,138.0,215.0,3247.0,1040.0,1992.0,5489.0,57.0,454.0,1398.0,35.0,1710.0,140.0,28.0,5456.0,42.0,1713.0,754.0,0.0,34.0,5497.0,200.0,927.0,2634.0,334.0,86.0,3895.0,2405.0,19.0,401.0,0.0,22.0,78.0,1600.0,604.0,1875.0,50.0,1337.0,122.0,2768.0,49.0
2017-51,225.0,605.0,335.0,357.0,586.0,813.0,651.0,956.0,615.0,587.0,837.0,616.0,430.0,4914.0,6188.0,183.0,0.0,2595.0,1747.0,84.0,264.0,1902.0,425.0,5967.0,712.0,57.0,13.0,41.0,2172.0,69.0,1488.0,3468.0,22.0,8498.0,1003.0,413.0,1353.0,10.0,1941.0,9391.0,1229.0,2895.0,1145.0,4338.0,7218.0,8.0,2586.0,765.0,2084.0,,5.0,43.0,1200.0,9.0,3198.0,184.0,0.0,2.0,600.0,67.0,25.0,5148.0,375.0,1554.0,752.0,3490.0,177.0,9.0,1928.0,382.0,1896.0,289.0,713.0,150.0,221.0,0.0,793.0,4577.0,782.0,289.0,7462.0,68.0,1316.0,0.0,1652.0,84.0,819.0,1015.0,138.0,0.0,89.0,1508.0,15.0,155.0,13.0,434.0,1801.0,1136.0,0.0,1581.0,6226.0,554.0,169.0,171.0,30.0,0.0,668.0,1206.0,25.0,3530.0,218.0,3192.0,81.0,218.0,6.0,45.0,1528.0,739.0,0.0,1354.0,224.0,380.0,92.0,504.0,910.0,115.0,265.0,123.0,6051.0,80.0,198.0,43.0,3291.0,0.0,5123.0,6315.0,8584.0,0.0,721.0,1903.0,577.0,13.0,1700.0,1411.0,5.0,16.0,27.0,544.0,109.0,57.0,993.0,1683.0,2614.0,6.0,79.0,411.0,6200.0,6.0,981.0,5.0,254.0,1.0,21.0,5748.0,9470.0,8822.0,62.0,2082.0,1653.0,2262.0,6454.0,4831.0,150.0,4272.0,17.0,182.0,286.0,1402.0,1202.0,1778.0,137.0,0.0,6.0,84.0,18.0,2345.0,502.0,0.0,109.0,5250.0,384.0,3507.0,82.0,288.0,1555.0,95.0,85.0,109.0,143.0,2525.0,670.0,1145.0,4125.0,30.0,372.0,955.0,22.0,1013.0,95.0,14.0,4067.0,27.0,1139.0,493.0,0.0,21.0,3548.0,100.0,596.0,1957.0,234.0,61.0,2635.0,1324.0,8.0,293.0,0.0,15.0,64.0,1127.0,390.0,1574.0,43.0,761.0,70.0,2297.0,42.0
2017-52,348.0,929.0,359.0,422.0,644.0,1251.0,1020.0,1733.0,880.0,735.0,1296.0,967.0,951.0,6005.0,7436.0,169.0,0.0,3937.0,2765.0,24.0,435.0,2168.0,486.0,6970.0,685.0,56.0,14.0,43.0,2160.0,116.0,2380.0,3434.0,17.0,9911.0,842.0,211.0,1043.0,5.0,2434.0,7748.0,1270.0,3726.0,1151.0,6097.0,10982.0,15.0,3801.0,630.0,3189.0,1091.0,6.0,40.0,1868.0,17.0,5262.0,253.0,2.0,6.0,2715.0,56.0,52.0,7924.0,1308.0,3752.0,859.0,4675.0,295.0,6.0,2440.0,315.0,1404.0,401.0,749.0,260.0,355.0,0.0,717.0,5790.0,692.0,471.0,3761.0,76.0,2084.0,0.0,1691.0,160.0,1279.0,915.0,133.0,0.0,61.0,1521.0,18.0,172.0,12.0,462.0,1999.0,1150.0,1.0,1850.0,9769.0,724.0,301.0,304.0,38.0,0.0,1088.0,1490.0,36.0,4794.0,420.0,5990.0,164.0,252.0,9.0,81.0,1283.0,723.0,0.0,1691.0,272.0,341.0,143.0,330.0,1166.0,185.0,359.0,190.0,8691.0,80.0,226.0,22.0,5018.0,0.0,8249.0,9650.0,12064.0,0.0,790.0,3717.0,590.0,18.0,3048.0,2389.0,6.0,20.0,14.0,471.0,87.0,67.0,915.0,1785.0,2955.0,7.0,82.0,588.0,6020.0,25.0,1335.0,10.0,398.0,1.0,24.0,14421.0,28371.0,10080.0,77.0,3061.0,1931.0,1609.0,10638.0,5609.0,132.0,4956.0,23.0,188.0,359.0,2654.0,1628.0,2477.0,134.0,0.0,4.0,113.0,30.0,3015.0,493.0,0.0,260.0,7658.0,460.0,5335.0,82.0,378.0,2656.0,129.0,106.0,97.0,143.0,6129.0,920.0,1451.0,4486.0,58.0,499.0,1257.0,27.0,1194.0,155.0,23.0,5743.0,45.0,1302.0,549.0,0.0,69.0,3739.0,159.0,860.0,2179.0,401.0,113.0,3304.0,1578.0,16.0,273.0,0.0,10.0,88.0,1692.0,285.0,1731.0,62.0,818.0,115.0,2068.0,41.0
2017-53,0.0,0.0,0.0,0.0,0.0,0.0,0.0,0.0,0.0,0.0,0.0,0.0,0.0,0.0,0.0,0.0,0.0,0.0,0.0,0.0,0.0,0.0,0.0,0.0,0.0,0.0,0.0,0.0,0.0,0.0,0.0,0.0,0.0,0.0,0.0,0.0,0.0,0.0,0.0,0.0,0.0,0.0,0.0,0.0,0.0,0.0,0.0,0.0,0.0,0.0,0.0,0.0,0.0,0.0,0.0,0.0,0.0,0.0,0.0,0.0,0.0,0.0,0.0,0.0,0.0,0.0,0.0,0.0,0.0,0.0,0.0,0.0,0.0,0.0,0.0,0.0,0.0,0.0,0.0,0.0,0.0,0.0,0.0,0.0,0.0,0.0,0.0,0.0,0.0,0.0,0.0,0.0,0.0,0.0,0.0,0.0,0.0,0.0,0.0,0.0,0.0,0.0,0.0,0.0,0.0,0.0,0.0,0.0,0.0,0.0,0.0,0.0,0.0,0.0,0.0,0.0,0.0,0.0,0.0,0.0,0.0,0.0,0.0,0.0,0.0,0.0,0.0,0.0,0.0,0.0,0.0,0.0,0.0,0.0,0.0,0.0,0.0,0.0,0.0,0.0,0.0,0.0,0.0,0.0,0.0,0.0,0.0,0.0,0.0,0.0,0.0,0.0,0.0,0.0,0.0,0.0,0.0,0.0,0.0,0.0,0.0,0.0,0.0,0.0,0.0,0.0,0.0,0.0,0.0,0.0,0.0,0.0,0.0,0.0,0.0,0.0,0.0,0.0,0.0,0.0,0.0,0.0,0.0,0.0,0.0,0.0,0.0,0.0,0.0,0.0,0.0,0.0,0.0,0.0,0.0,0.0,0.0,0.0,0.0,0.0,0.0,0.0,0.0,0.0,0.0,0.0,0.0,0.0,0.0,0.0,0.0,0.0,0.0,0.0,0.0,0.0,0.0,0.0,0.0,0.0,0.0,0.0,0.0,0.0,0.0,0.0,0.0,0.0,0.0,0.0,0.0,0.0,0.0,0.0,0.0,0.0,0.0
