Week,12_luglio,1580,1918,1919,1931,1933,1935,1940,1944,1957,1958,1965,1968,1969,1970,1976,1977,1989,1997,1º_novembre,2003,2004,2005,2006,430_a.C.,AIDS,Acido_acetilsalicilico,Alcol,Allergia,Amantadina,Aminoacido,Anatomia,Anatomia_umana,Animalia,Anni_1980,Anoressia,Antibiotici,Antibiotico,Antipiretici,Artico,Artide,Artralgia,Asma,Aspirina,Astrologia,Astrologia_occidentale,Bacteria,Battere,Batterio,Belgio,Bronchite,Bruno_Mattei,Capacità_produttiva,Capitale_(economia),Cefalea,Cellula,Ceppo_virale,Cervignano_del_Friuli,Cina,Colecalciferolo,Colera,Colesterolo,Contagio,Coronaropatia,DNA_ricombinante,Dengue,Diabete,Diagnosi,Difterite,Doping,Doppio_cieco,Eccipiente,Economia,Economie_di_scala,Edema,Edema_polmonare,Editoriale,Effetto_collaterale_(medicina),Effetto_placebo,Efficienza_(economia),Emisfero_australe,Emisfero_boreale,Emoagglutinina,Encyclopédie,Endo-alfa-sialidasi,Epatopatia,Epidemia,Epidemiologia,Espettorato,Etanolo,Europa,Eziologia,Faringite,Farmacia,Farmaco,Farmacoforo,Fattore_di_rischio,Febbre,Febbre_tifoide,Federico_Pedrocchi,Fidia,Fisiologia,Fotofobia,Francia,Frank_Macfarlane_Burnet,Genoma,George_W._Bush,Germania,Guerra_del_Peloponneso,H1N1,HIV,Impotenza,Impresa,Indice_di_Divisia,Industria,Infezione,Influenza,Influenza_asiatica,Influenza_aviaria,Influenza_di_Hong_Kong,Influenza_spagnola,Influenza_suina,Influenzavirus_A,Influenzavirus_A_sottotipo_H1N1,Influenzavirus_C,Inghilterra,Insufficienza_cardiaca,Integrazione_verticale,International_Committee_on_Taxonomy_of_Viruses,Inverno,Ipertensione,Ipoclorito_di_sodio,Ippocrate,Ippocrate_di_Coo,Italia,Kansas,La_Stampa,Lavoratore,Lavoro_(economia),Lingua_greca,Lingua_inglese,Lingua_latina,Malattia,Malattia_infettiva,Mare_Glaciale_Artico,Medicina,Menopausa,Mialgia,Microscopio,Morbillo,Multinazionale,Muscoli,Muscolo,Mutazione,Mutazione_genetica,Nausea,Neoplasia,Neuraminidasi,New_Jersey,Newcastle,Nosologia,Oceano_Pacifico,Oligonucleotide,Organizzazione_Mondiale_della_Sanità,Organizzazione_mondiale_della_sanità,Orthomyxoviridae,Oseltamivir,Osteoporosi,Otite,Ottimo_paretiano,Ottocento,Paesi_Bassi,Pandemia,Pandemia_influenzale,Paracetamolo,Patogenesi,Patologia,Pertosse,Peso_atomico,Peste_nera,Pinnipedi,Pinnipedia,Polmonite,Prima_guerra_mondiale,Principio_attivo,Prodotto_interno_lordo,Produttività,Progresso_tecnico,Proteine,Radiazione_ultravioletta,Raffreddore_comune,Reazione_a_catena_della_polimerasi,Reazione_allergica,Regno_Unito,Rinascimento_italiano,Roma,Saliva,Sangue,Seconda_guerra_mondiale,Seni_paranasali,Sindrome,Sindrome_di_Reye,Sistema_immunitario,Spagna,Starnuti,Starnuto,Stati_Uniti,Stati_Uniti_d'America,Stupefacenti,Svezia,Tadalafil,Tasso_di_mortalità,Terapia,Tessuto_(biologia),Tifo,Tifo_esantematico,Tonsillite,Tosse,Total_factor_productivity,Triptofano,Tumore,Ultravioletto,Unità_Astronomica,Università_del_Michigan,Vaccino_antinfluenzale,Valore_aggiunto,Viagra,Vietnam,Vira,Virus,Virus_(biologia),Virus_(centro_sociale),Virus_(informatica),Virus_a_RNA,Virus_del_mosaico_del_tabacco,Virus_parainfluenzali_umani,Virus_respiratorio_sinciziale_umano,Vitamina_D,Vomito,XIX_secolo,XVIII_secolo,XV_secolo,XX_secolo,Zanamivir,Zoonosi
2011-01,251.0,,,,,,,,,,,,,,,,,,,0.0,,,,,28.0,,5572.0,2389.0,1512.0,202.0,30.0,2422.0,4817.0,,2425.0,3884.0,210.0,3269.0,131.0,210.0,1229.0,626.0,,400.0,,457.0,,16.0,325.0,,2027.0,,0.0,0.0,2159.0,8417.0,0.0,,,398.0,,4257.0,290.0,334.0,324.0,,2725.0,904.0,2079.0,,306.0,264.0,,1499.0,,228.0,406.0,0.0,193.0,0.0,816.0,988.0,87.0,,82.0,264.0,,1059.0,717.0,4509.0,,2130.0,1563.0,389.0,1229.0,56.0,210.0,9613.0,950.0,,,1210.0,594.0,,,1227.0,,,1159.0,,,842.0,,15.0,,1210.0,,111.0,1051.0,45.0,756.0,2782.0,,0.0,,7806.0,1306.0,440.0,,2329.0,,2067.0,94.0,1210.0,,,,114.0,0.0,2964.0,5803.0,,1462.0,633.0,96.0,,2158.0,1150.0,1986.0,2899.0,1308.0,301.0,2733.0,119.0,1976.0,,,27.0,,,344.0,1874.0,,0.0,0.0,,,2395.0,,796.0,,7072.0,,134.0,7815.0,275.0,1192.0,553.0,1052.0,1607.0,58.0,,4985.0,21009.0,408.0,3926.0,0.0,115.0,,868.0,1786.0,1195.0,6.0,,1298.0,,,3386.0,,855.0,1394.0,1103.0,2074.0,,6.0,887.0,1110.0,,87.0,7303.0,,0.0,,0.0,,366.0,1457.0,,,1078.0,7022.0,141.0,0.0,0.0,1.0,757.0,,,,,0.0,0.0,0.0,217.0,60.0,92.0,63.0,4729.0,2522.0,3112.0,1772.0,1078.0,3065.0,,
2011-02,269.0,,,,,,,,,,,,,,,,,,,0.0,,,,,34.0,,5445.0,2550.0,1940.0,225.0,53.0,2996.0,5662.0,,2511.0,5546.0,255.0,3769.0,118.0,222.0,1312.0,998.0,,446.0,,510.0,,25.0,428.0,,1993.0,,0.0,0.0,2554.0,13010.0,0.0,,,643.0,,5997.0,290.0,447.0,497.0,,3306.0,1089.0,1918.0,,374.0,310.0,,2019.0,,270.0,468.0,0.0,171.0,0.0,921.0,1068.0,96.0,,92.0,370.0,,1539.0,851.0,4982.0,,2473.0,1612.0,476.0,1620.0,52.0,269.0,10045.0,1179.0,,,1639.0,768.0,,,1569.0,,,1537.0,,,913.0,,19.0,,1437.0,,115.0,1424.0,41.0,1101.0,3578.0,,0.0,,8079.0,1578.0,464.0,,3915.0,,2724.0,156.0,1593.0,,,,183.0,0.0,2962.0,6188.0,,1752.0,1108.0,116.0,,2627.0,1634.0,3547.0,3125.0,1989.0,397.0,3860.0,141.0,2479.0,,853.0,35.0,,,449.0,2074.0,,0.0,0.0,,,3419.0,,996.0,,8060.0,,180.0,7516.0,352.0,1556.0,676.0,1537.0,1838.0,63.0,,5713.0,28210.0,555.0,5082.0,0.0,144.0,,1296.0,1646.0,1886.0,10.0,,1619.0,,,4613.0,,1125.0,1838.0,1090.0,2604.0,,8.0,734.0,1116.0,,126.0,7657.0,,0.0,,0.0,,479.0,1491.0,,,1298.0,10867.0,179.0,0.0,0.0,0.0,1082.0,,,,,0.0,0.0,0.0,242.0,82.0,232.0,110.0,6378.0,2554.0,3462.0,1889.0,1101.0,3214.0,,
2011-03,228.0,,,,,,,,,,,,,,,,,,,0.0,,,,,33.0,,5011.0,2557.0,1994.0,267.0,43.0,3153.0,6242.0,,2718.0,7664.0,283.0,3421.0,121.0,233.0,1135.0,930.0,,439.0,,522.0,,23.0,352.0,,2196.0,,0.0,0.0,2621.0,12957.0,0.0,,,516.0,,8209.0,318.0,467.0,512.0,,3453.0,1208.0,1405.0,,415.0,342.0,,2265.0,,265.0,542.0,0.0,177.0,0.0,785.0,1009.0,107.0,,124.0,504.0,,1725.0,757.0,5132.0,,2650.0,1523.0,477.0,1693.0,80.0,272.0,10473.0,1308.0,,,1674.0,671.0,,,1567.0,,,1563.0,,,936.0,,26.0,,1610.0,,116.0,1056.0,47.0,1041.0,2969.0,,0.0,,8127.0,1634.0,492.0,,3719.0,,2666.0,208.0,1476.0,,,,202.0,0.0,3406.0,6920.0,4191.0,1751.0,799.0,99.0,,2685.0,1260.0,2980.0,3684.0,2005.0,336.0,4390.0,142.0,2872.0,,798.0,42.0,,,423.0,1952.0,,0.0,0.0,,,3315.0,,1095.0,,8041.0,,170.0,7368.0,375.0,1548.0,693.0,1449.0,1913.0,53.0,,5555.0,26875.0,705.0,5499.0,0.0,164.0,,1429.0,1456.0,3248.0,16.0,,1619.0,,,5134.0,,1047.0,2133.0,1280.0,3015.0,,6.0,806.0,1062.0,,141.0,7641.0,,0.0,,0.0,,484.0,1468.0,,,1277.0,9414.0,162.0,0.0,0.0,0.0,947.0,,,,,0.0,0.0,0.0,249.0,126.0,70.0,76.0,7437.0,2463.0,3501.0,1982.0,1051.0,3081.0,,
2011-04,222.0,,,,,,,,,,,,,,,,,,,0.0,,,,,28.0,,4097.0,1895.0,1716.0,235.0,79.0,2576.0,5501.0,,2652.0,5494.0,243.0,3138.0,98.0,189.0,1050.0,824.0,,387.0,,361.0,,26.0,368.0,,2532.0,,0.0,0.0,2262.0,11259.0,0.0,,,496.0,,6241.0,233.0,483.0,452.0,,3505.0,954.0,1214.0,,331.0,275.0,,1898.0,,265.0,419.0,0.0,195.0,0.0,694.0,912.0,114.0,,110.0,429.0,,1459.0,793.0,4406.0,,2264.0,1545.0,517.0,1770.0,82.0,289.0,9242.0,1281.0,,,1341.0,582.0,,,1497.0,,,1405.0,,,996.0,,17.0,,1276.0,,110.0,733.0,40.0,812.0,2293.0,,0.0,,7177.0,1521.0,437.0,,2349.0,,2190.0,152.0,1154.0,,,,161.0,0.0,2971.0,6415.0,4348.0,1504.0,766.0,125.0,,2729.0,1118.0,2272.0,2872.0,1691.0,336.0,3630.0,127.0,2754.0,,791.0,38.0,,,384.0,1874.0,,0.0,0.0,,,2727.0,,909.0,,7485.0,,114.0,7256.0,276.0,1239.0,681.0,1379.0,1852.0,84.0,,4913.0,23786.0,547.0,5355.0,0.0,151.0,,1211.0,1606.0,2889.0,12.0,,1402.0,,,4008.0,,1012.0,1645.0,1110.0,2797.0,,12.0,573.0,999.0,,122.0,6451.0,,0.0,,0.0,,1046.0,1407.0,,,1118.0,7842.0,167.0,0.0,0.0,0.0,1044.0,,,,,0.0,0.0,0.0,250.0,101.0,73.0,68.0,4391.0,2269.0,3121.0,1822.0,1019.0,3215.0,,
2011-05,257.0,,,,,,,,,,,,,,,,,,,0.0,,,,,27.0,,3692.0,1526.0,1749.0,235.0,47.0,2220.0,5229.0,,2585.0,4093.0,269.0,2803.0,113.0,173.0,844.0,669.0,,390.0,,403.0,,25.0,350.0,,2306.0,,0.0,0.0,1948.0,10273.0,0.0,,,532.0,,6525.0,225.0,459.0,533.0,,3240.0,927.0,8676.0,,331.0,268.0,,1817.0,,249.0,347.0,0.0,185.0,0.0,592.0,857.0,98.0,,100.0,396.0,,1404.0,744.0,4104.0,,2100.0,1713.0,460.0,1865.0,54.0,248.0,8766.0,1363.0,,,1401.0,565.0,,,1470.0,,,1452.0,,,845.0,,28.0,,1170.0,,64.0,555.0,33.0,714.0,1663.0,,0.0,,6577.0,1461.0,432.0,,1422.0,,1830.0,180.0,1140.0,,,,180.0,0.0,2753.0,6317.0,4228.0,1320.0,794.0,84.0,,2662.0,1090.0,2247.0,2432.0,1411.0,322.0,3300.0,147.0,2510.0,,814.0,51.0,,,366.0,1879.0,,0.0,0.0,,,2625.0,,885.0,,7208.0,,127.0,6297.0,281.0,2970.0,686.0,1278.0,1751.0,110.0,,4506.0,19424.0,513.0,5026.0,0.0,209.0,,1221.0,1646.0,2503.0,10.0,,1325.0,,,3855.0,,1008.0,1368.0,1078.0,2566.0,11970.0,15.0,713.0,1059.0,0.0,126.0,6034.0,,0.0,,0.0,,664.0,1471.0,,,1061.0,7464.0,204.0,0.0,0.0,1.0,819.0,,,,,0.0,0.0,0.0,215.0,105.0,53.0,76.0,4026.0,2020.0,3103.0,1727.0,944.0,3158.0,,
2011-06,268.0,,,,,,,,,,,,,,,,,,,0.0,,,,,29.0,,3587.0,1490.0,1937.0,199.0,53.0,2382.0,5107.0,,2514.0,4794.0,263.0,2558.0,89.0,199.0,920.0,631.0,,454.0,,393.0,,33.0,384.0,,2434.0,,0.0,0.0,2176.0,10151.0,0.0,,,508.0,,6892.0,248.0,503.0,529.0,,3442.0,947.0,2809.0,,328.0,268.0,,1728.0,,281.0,321.0,0.0,188.0,0.0,611.0,796.0,113.0,,89.0,353.0,,1482.0,764.0,4200.0,,1991.0,1649.0,554.0,1801.0,47.0,285.0,8434.0,1496.0,,,1384.0,594.0,,,1479.0,,,1526.0,,,860.0,,30.0,,1251.0,,81.0,548.0,53.0,794.0,1370.0,,0.0,,7159.0,1646.0,426.0,,1062.0,,1912.0,137.0,1112.0,,,,158.0,0.0,2703.0,6535.0,4243.0,1288.0,835.0,118.0,,2581.0,967.0,2507.0,2555.0,1518.0,349.0,3298.0,172.0,2651.0,,866.0,48.0,,,365.0,1954.0,,0.0,0.0,,,2611.0,,862.0,,7137.0,,146.0,6033.0,283.0,1315.0,740.0,1225.0,1610.0,66.0,,4673.0,20252.0,574.0,5050.0,0.0,139.0,,1160.0,1762.0,2512.0,9.0,,1397.0,,,3995.0,,1045.0,1591.0,985.0,2835.0,12221.0,14.0,684.0,1154.0,0.0,110.0,6347.0,,0.0,,0.0,,499.0,1524.0,,,997.0,7658.0,193.0,0.0,0.0,0.0,872.0,,,,,0.0,0.0,0.0,265.0,90.0,61.0,100.0,3897.0,2101.0,3326.0,1783.0,1090.0,3360.0,,
2011-07,276.0,,,,,,,,,,,,,,,,,,,0.0,,,,,24.0,,3469.0,1562.0,2036.0,284.0,54.0,2155.0,5154.0,,2658.0,4013.0,254.0,2627.0,85.0,209.0,902.0,570.0,,390.0,,338.0,,29.0,398.0,,2033.0,,0.0,0.0,2102.0,11925.0,0.0,,,482.0,,6989.0,234.0,555.0,470.0,,3588.0,906.0,1288.0,,395.0,301.0,,1468.0,,362.0,350.0,0.0,192.0,0.0,617.0,778.0,110.0,,120.0,402.0,,1387.0,718.0,4156.0,,2070.0,1560.0,486.0,1754.0,47.0,289.0,6939.0,1211.0,,,1338.0,546.0,,,1422.0,,,1576.0,,,830.0,,20.0,,1230.0,,119.0,460.0,30.0,747.0,1115.0,,0.0,,7292.0,1682.0,426.0,,973.0,,1813.0,169.0,1122.0,,,,171.0,0.0,2577.0,6447.0,4087.0,1474.0,778.0,112.0,,2511.0,979.0,2406.0,2514.0,1499.0,326.0,3417.0,178.0,2878.0,,803.0,51.0,,,351.0,1848.0,,0.0,0.0,,,2764.0,,885.0,,7015.0,,148.0,5291.0,285.0,1074.0,695.0,1325.0,1677.0,52.0,,4362.0,21380.0,515.0,6331.0,0.0,145.0,,1175.0,1549.0,2590.0,11.0,,1805.0,,,4175.0,,1003.0,1672.0,898.0,2909.0,12717.0,7.0,579.0,1076.0,0.0,113.0,6263.0,,0.0,,0.0,,419.0,1474.0,1700.0,,1106.0,7961.0,216.0,0.0,0.0,0.0,859.0,,,,,0.0,0.0,0.0,256.0,100.0,50.0,100.0,4040.0,2056.0,3422.0,1854.0,1053.0,4226.0,,
2011-08,290.0,,,,,,,,,,,,,,,,,,,0.0,,,,,38.0,,3251.0,1558.0,2050.0,237.0,47.0,2221.0,5304.0,2739.0,2751.0,4264.0,242.0,2634.0,58.0,192.0,881.0,577.0,,409.0,,351.0,,18.0,405.0,,1744.0,,0.0,0.0,1919.0,10185.0,1.0,,,485.0,,6702.0,205.0,541.0,423.0,,3492.0,983.0,1203.0,,357.0,208.0,,1341.0,,252.0,422.0,0.0,206.0,0.0,643.0,843.0,97.0,,108.0,384.0,,1356.0,675.0,4090.0,,1997.0,1548.0,511.0,1574.0,51.0,264.0,6022.0,1136.0,,,1339.0,527.0,,,1397.0,,,1776.0,,,850.0,,22.0,,1267.0,,56.0,458.0,25.0,707.0,775.0,,0.0,,7313.0,1574.0,336.0,,1821.0,,1864.0,209.0,1130.0,,,,199.0,0.0,2858.0,6185.0,4106.0,1298.0,816.0,127.0,,2655.0,879.0,2237.0,2536.0,1447.0,369.0,3146.0,164.0,2699.0,,866.0,47.0,,,331.0,2362.0,,0.0,0.0,,,2671.0,,891.0,,7279.0,,95.0,4863.0,256.0,1243.0,692.0,1271.0,1708.0,39.0,,3926.0,22012.0,464.0,4982.0,0.0,134.0,,1170.0,1550.0,2548.0,9.0,,1859.0,27502.0,,3922.0,,980.0,1679.0,873.0,2741.0,13005.0,10.0,570.0,1476.0,0.0,110.0,7046.0,,0.0,,0.0,,515.0,1447.0,1533.0,,959.0,7593.0,199.0,0.0,0.0,1.0,809.0,,,,,0.0,0.0,0.0,219.0,87.0,69.0,81.0,3701.0,2127.0,3366.0,1761.0,945.0,3502.0,,
2011-09,298.0,94.0,,,,,,,,,,,,,,,,,,0.0,,,,,25.0,,3028.0,1522.0,1827.0,161.0,50.0,2157.0,5130.0,2541.0,2729.0,3500.0,236.0,2304.0,73.0,163.0,895.0,497.0,,389.0,,356.0,,21.0,334.0,,1691.0,,0.0,0.0,1815.0,8621.0,0.0,,,411.0,,6229.0,230.0,485.0,426.0,952.0,3226.0,918.0,1074.0,,323.0,222.0,,1055.0,,224.0,361.0,0.0,215.0,0.0,500.0,679.0,77.0,,56.0,418.0,,983.0,673.0,3936.0,,1772.0,1560.0,451.0,1640.0,50.0,193.0,5456.0,11486.0,,,1383.0,531.0,,,1278.0,,,1690.0,,,842.0,,19.0,,1089.0,,41.0,367.0,23.0,726.0,699.0,,0.0,,6955.0,1302.0,234.0,0.0,1036.0,,1768.0,202.0,1117.0,,,,168.0,0.0,2654.0,6124.0,4003.0,1390.0,684.0,124.0,,2403.0,786.0,2855.0,2641.0,1309.0,329.0,2670.0,129.0,2081.0,,828.0,26.0,,,242.0,1619.0,,0.0,0.0,,,2428.0,,760.0,189.0,6645.0,,79.0,4409.0,240.0,1219.0,583.0,1180.0,1468.0,50.0,,3694.0,19261.0,514.0,5115.0,0.0,111.0,,1115.0,1483.0,2159.0,7.0,,1619.0,26809.0,,3667.0,,838.0,1504.0,785.0,2491.0,11541.0,7.0,582.0,1306.0,0.0,96.0,6932.0,,0.0,,0.0,,1844.0,1521.0,1328.0,,943.0,7156.0,181.0,0.0,0.0,1.0,664.0,,,,,0.0,0.0,0.0,154.0,89.0,43.0,85.0,4630.0,2027.0,3115.0,1650.0,885.0,3101.0,,
2011-10,279.0,131.0,,,,,,,,,,,,,,,,,,0.0,,,,,27.0,,2904.0,1402.0,2058.0,148.0,46.0,2020.0,4984.0,2468.0,2667.0,3363.0,240.0,2243.0,62.0,179.0,881.0,496.0,,338.0,,303.0,,30.0,350.0,,1592.0,,0.0,0.0,1767.0,7531.0,0.0,,,427.0,,6011.0,248.0,478.0,376.0,1009.0,2968.0,912.0,1836.0,,281.0,209.0,,994.0,,217.0,321.0,0.0,185.0,0.0,551.0,880.0,70.0,,49.0,396.0,,988.0,573.0,3618.0,,1730.0,1462.0,483.0,1520.0,42.0,247.0,5336.0,1494.0,,,1207.0,498.0,,,1086.0,,,1589.0,,,949.0,,8.0,,1213.0,,61.0,326.0,37.0,851.0,481.0,,0.0,,7199.0,1154.0,218.0,0.0,730.0,,1695.0,135.0,995.0,,,,164.0,0.0,2653.0,5994.0,3835.0,1213.0,675.0,119.0,,2500.0,789.0,1879.0,2762.0,1445.0,281.0,2550.0,145.0,1905.0,,881.0,20.0,,,270.0,7753.0,,0.0,0.0,,,2333.0,,751.0,185.0,6976.0,,95.0,4416.0,216.0,1075.0,593.0,1135.0,2144.0,38.0,,3323.0,18882.0,415.0,4792.0,0.0,157.0,614.0,1143.0,1578.0,2070.0,6.0,10424.0,1460.0,26915.0,,3488.0,,780.0,1530.0,749.0,2360.0,11168.0,4.0,545.0,1444.0,0.0,130.0,6263.0,,0.0,,0.0,,396.0,1494.0,1389.0,,843.0,6784.0,193.0,0.0,0.0,0.0,677.0,,,,,0.0,0.0,0.0,154.0,81.0,37.0,59.0,3277.0,2066.0,2973.0,1631.0,893.0,3204.0,,
2011-11,253.0,109.0,,,,,,,,,,,,,,,,,,0.0,,,,,22.0,,2649.0,1226.0,2043.0,161.0,42.0,1880.0,4862.0,2447.0,2512.0,3361.0,216.0,2072.0,52.0,161.0,816.0,465.0,,307.0,,299.0,,31.0,280.0,,1516.0,,0.0,0.0,1741.0,7185.0,0.0,,,408.0,,5214.0,228.0,425.0,355.0,847.0,3068.0,806.0,1007.0,,240.0,196.0,,1075.0,,352.0,302.0,0.0,190.0,0.0,608.0,865.0,66.0,,48.0,361.0,,873.0,604.0,3357.0,,1617.0,1429.0,446.0,1430.0,52.0,189.0,5015.0,1154.0,,,1087.0,498.0,,,1081.0,,,1710.0,,,920.0,,17.0,,1134.0,,58.0,352.0,37.0,854.0,406.0,,0.0,,7356.0,1190.0,245.0,0.0,887.0,,1631.0,118.0,908.0,,,,171.0,0.0,2264.0,5954.0,3759.0,1104.0,692.0,112.0,,2452.0,770.0,1666.0,2988.0,1105.0,368.0,2573.0,264.0,2411.0,,1124.0,27.0,,,253.0,5499.0,,0.0,0.0,,,2081.0,,803.0,170.0,6634.0,,146.0,4148.0,228.0,1008.0,620.0,1505.0,1583.0,37.0,,3233.0,21255.0,390.0,4867.0,0.0,127.0,558.0,1068.0,1290.0,1984.0,6.0,10465.0,2051.0,30818.0,,3142.0,,741.0,1265.0,646.0,2323.0,11768.0,7.0,454.0,1151.0,0.0,81.0,6655.0,,0.0,,0.0,,386.0,1471.0,1346.0,,824.0,7367.0,198.0,0.0,0.0,0.0,626.0,,,,,0.0,0.0,0.0,163.0,90.0,37.0,58.0,2988.0,2022.0,3090.0,1619.0,1006.0,3322.0,,
2011-12,227.0,89.0,,,,,,,,,,,,,,,,,,0.0,,,,,30.0,,2829.0,1383.0,2314.0,166.0,37.0,1766.0,4562.0,2636.0,2184.0,3524.0,303.0,2131.0,59.0,156.0,717.0,466.0,,349.0,,354.0,,48.0,628.0,,1453.0,,0.0,0.0,1761.0,7087.0,0.0,,13216.0,499.0,,8570.0,256.0,452.0,365.0,914.0,2963.0,863.0,979.0,,293.0,230.0,,1158.0,,226.0,305.0,0.0,179.0,0.0,582.0,758.0,83.0,,87.0,349.0,,914.0,591.0,3756.0,,1671.0,1533.0,450.0,1414.0,44.0,226.0,4420.0,1125.0,,,1103.0,548.0,,,1078.0,,,1704.0,,,898.0,,17.0,,1153.0,,38.0,288.0,25.0,634.0,445.0,,0.0,,7104.0,1569.0,251.0,0.0,864.0,,1724.0,118.0,841.0,,,,140.0,0.0,2326.0,5714.0,3838.0,1188.0,666.0,102.0,,2535.0,729.0,2652.0,3439.0,1208.0,322.0,2484.0,168.0,2205.0,,928.0,24.0,,,240.0,2533.0,123.0,0.0,0.0,142.0,,2506.0,,779.0,190.0,7598.0,,96.0,3776.0,198.0,1005.0,649.0,1346.0,1546.0,31.0,,3171.0,19027.0,403.0,4479.0,0.0,164.0,665.0,1127.0,1349.0,1920.0,8.0,10173.0,1468.0,26373.0,,3322.0,,803.0,1451.0,754.0,2378.0,12281.0,11.0,521.0,1059.0,0.0,127.0,6776.0,,0.0,,0.0,,422.0,1565.0,1272.0,,895.0,7132.0,222.0,0.0,0.0,0.0,646.0,,,,450.0,0.0,0.0,0.0,164.0,61.0,37.0,76.0,3332.0,2050.0,2955.0,1663.0,928.0,3476.0,,
2011-13,249.0,92.0,,,,,,,,,,,,,,,,,,0.0,,,,,29.0,,2564.0,1335.0,2472.0,147.0,45.0,1856.0,4130.0,2509.0,2317.0,3633.0,267.0,2024.0,53.0,148.0,754.0,496.0,,302.0,,357.0,,21.0,355.0,,1374.0,,0.0,0.0,1757.0,6795.0,0.0,,12534.0,484.0,,5549.0,263.0,431.0,369.0,922.0,2799.0,806.0,1050.0,,284.0,214.0,,1159.0,,231.0,284.0,0.0,176.0,0.0,521.0,673.0,80.0,,83.0,352.0,,889.0,594.0,3713.0,,1683.0,1664.0,444.0,1357.0,37.0,231.0,4161.0,985.0,,,1088.0,538.0,,,1099.0,,,1830.0,,,608.0,,18.0,1575.0,1113.0,,40.0,310.0,29.0,684.0,301.0,,0.0,,6757.0,1287.0,306.0,0.0,578.0,,1816.0,190.0,1222.0,,,,148.0,0.0,2399.0,5814.0,3632.0,1114.0,664.0,84.0,,2118.0,742.0,2191.0,3100.0,1240.0,297.0,2669.0,194.0,2217.0,,953.0,29.0,,,265.0,2209.0,109.0,0.0,0.0,160.0,,2280.0,,835.0,196.0,6891.0,,79.0,3463.0,180.0,1003.0,618.0,1214.0,1639.0,37.0,,2873.0,16566.0,370.0,3997.0,0.0,147.0,616.0,1111.0,1124.0,1982.0,7.0,9840.0,1304.0,24887.0,,3586.0,,862.0,1232.0,730.0,2314.0,11846.0,7.0,476.0,889.0,0.0,104.0,6397.0,,0.0,,0.0,,323.0,1560.0,1162.0,,981.0,6644.0,175.0,0.0,0.0,0.0,647.0,,3726.0,,411.0,0.0,0.0,0.0,160.0,93.0,34.0,63.0,3225.0,1975.0,2820.0,1656.0,900.0,3033.0,,
2011-14,253.0,90.0,,,,,,,,,,,,,,,,,,0.0,,,,,29.0,,2653.0,1352.0,3338.0,188.0,42.0,1684.0,3679.0,2333.0,2165.0,3598.0,215.0,2150.0,48.0,189.0,719.0,515.0,,309.0,,312.0,,20.0,302.0,,1514.0,,0.0,0.0,1623.0,6279.0,0.0,,11413.0,459.0,,5267.0,212.0,416.0,356.0,1010.0,2683.0,826.0,1080.0,,297.0,234.0,,1178.0,,210.0,284.0,0.0,141.0,0.0,497.0,643.0,85.0,,56.0,331.0,,955.0,510.0,3725.0,,1649.0,1593.0,393.0,1382.0,33.0,188.0,4175.0,980.0,,,1066.0,554.0,,,983.0,,,2059.0,,,600.0,,18.0,1528.0,1061.0,,32.0,352.0,30.0,538.0,253.0,,0.0,,6316.0,1214.0,320.0,0.0,564.0,,1707.0,167.0,1172.0,,,,139.0,0.0,2322.0,5443.0,3463.0,1096.0,627.0,106.0,,2177.0,719.0,1620.0,3776.0,1247.0,278.0,2465.0,136.0,2257.0,,882.0,32.0,,,220.0,2496.0,104.0,0.0,0.0,134.0,,2350.0,,849.0,163.0,6031.0,,59.0,3476.0,202.0,1019.0,697.0,1142.0,2026.0,37.0,,2840.0,15872.0,363.0,3808.0,0.0,137.0,603.0,1348.0,1169.0,1943.0,6.0,10524.0,1273.0,24582.0,591.0,3388.0,,740.0,1255.0,727.0,2355.0,10789.0,4.0,552.0,885.0,0.0,97.0,6018.0,,0.0,,0.0,,407.0,1462.0,1219.0,,853.0,6557.0,174.0,0.0,0.0,0.0,627.0,,3679.0,,400.0,0.0,0.0,0.0,123.0,78.0,27.0,55.0,6093.0,1765.0,2522.0,1475.0,804.0,2728.0,,
2011-15,260.0,119.0,,,,,,,,,,,,,,,,,,0.0,,,,,30.0,,2777.0,1391.0,3204.0,196.0,36.0,1705.0,3606.0,2357.0,2328.0,3419.0,226.0,2020.0,61.0,170.0,684.0,482.0,,340.0,,311.0,,28.0,336.0,,1313.0,,0.0,0.0,1593.0,6069.0,0.0,,12371.0,395.0,,5444.0,211.0,357.0,326.0,963.0,2954.0,884.0,1082.0,,300.0,232.0,,1226.0,,246.0,324.0,0.0,179.0,0.0,485.0,613.0,88.0,,63.0,312.0,,974.0,625.0,3852.0,,1802.0,1533.0,437.0,1491.0,42.0,204.0,4035.0,1058.0,,,1056.0,474.0,,,978.0,,,1977.0,,,597.0,,15.0,1533.0,1070.0,862.0,55.0,330.0,28.0,616.0,271.0,,0.0,,6567.0,1254.0,331.0,0.0,443.0,,1727.0,134.0,998.0,,,,131.0,0.0,2226.0,5762.0,3498.0,1004.0,677.0,127.0,,2004.0,691.0,1612.0,3548.0,1123.0,288.0,2304.0,152.0,2204.0,,912.0,33.0,,,292.0,2135.0,107.0,0.0,0.0,151.0,,2247.0,,770.0,179.0,7418.0,,89.0,3574.0,186.0,1028.0,648.0,1158.0,1453.0,32.0,,2869.0,15428.0,368.0,4160.0,0.0,167.0,610.0,1449.0,1052.0,2038.0,3.0,9292.0,1291.0,25456.0,641.0,3392.0,,748.0,1572.0,799.0,2847.0,11316.0,4.0,577.0,1004.0,0.0,114.0,6331.0,,0.0,,0.0,1118.0,439.0,1391.0,1274.0,,918.0,6515.0,206.0,0.0,0.0,0.0,699.0,,3953.0,,406.0,0.0,0.0,0.0,176.0,69.0,29.0,60.0,3042.0,2009.0,2712.0,1541.0,810.0,2895.0,,
2011-16,199.0,87.0,,,,,,,,,,,,,,,,,,0.0,,,,,25.0,,2384.0,1161.0,2715.0,151.0,25.0,1417.0,2944.0,1860.0,2082.0,2651.0,188.0,1491.0,37.0,176.0,630.0,457.0,,297.0,,319.0,,29.0,295.0,,1216.0,,0.0,0.0,1458.0,3703.0,0.0,,9410.0,330.0,,4543.0,167.0,305.0,261.0,903.0,2389.0,707.0,853.0,1810.0,321.0,213.0,,812.0,,197.0,207.0,0.0,193.0,0.0,387.0,469.0,78.0,,63.0,236.0,,730.0,625.0,3022.0,,1333.0,1372.0,386.0,1179.0,29.0,163.0,3519.0,912.0,,,811.0,458.0,,,654.0,,,1120.0,,,587.0,,13.0,1405.0,837.0,683.0,60.0,282.0,25.0,643.0,206.0,,0.0,,5510.0,1095.0,215.0,0.0,397.0,,1525.0,117.0,786.0,,,,134.0,0.0,1880.0,4835.0,3080.0,909.0,535.0,101.0,,1613.0,673.0,1041.0,3539.0,1027.0,238.0,1826.0,126.0,1502.0,,715.0,27.0,,,224.0,1584.0,88.0,0.0,0.0,118.0,,1847.0,,545.0,205.0,5732.0,,86.0,3329.0,161.0,870.0,571.0,710.0,1136.0,26.0,,2662.0,13040.0,330.0,3454.0,0.0,115.0,403.0,1145.0,1088.0,1424.0,8.0,7443.0,950.0,25646.0,457.0,2426.0,,600.0,1152.0,661.0,1785.0,10032.0,7.0,534.0,951.0,0.0,85.0,5562.0,,0.0,,0.0,867.0,324.0,1442.0,1080.0,,725.0,5618.0,173.0,0.0,0.0,1.0,421.0,,3395.0,,323.0,0.0,0.0,0.0,128.0,95.0,34.0,51.0,2560.0,1838.0,2163.0,1258.0,700.0,2678.0,,
2011-17,229.0,100.0,,,,,,,,,,,,,,,,,,0.0,,,,,33.0,,2457.0,1413.0,2534.0,198.0,33.0,1685.0,3949.0,2236.0,2502.0,3433.0,215.0,1967.0,45.0,163.0,773.0,491.0,,292.0,,374.0,,26.0,296.0,,1313.0,,0.0,0.0,1661.0,5082.0,0.0,,11614.0,348.0,,4673.0,187.0,313.0,292.0,932.0,2790.0,826.0,1090.0,2674.0,354.0,203.0,,1013.0,,213.0,258.0,0.0,223.0,0.0,440.0,547.0,61.0,,64.0,281.0,,767.0,602.0,3494.0,,1557.0,1408.0,450.0,1252.0,34.0,167.0,3916.0,1008.0,,,1122.0,497.0,,,876.0,,,1712.0,,,583.0,,26.0,1646.0,1014.0,747.0,38.0,310.0,27.0,907.0,247.0,,0.0,,12178.0,1147.0,268.0,24.0,481.0,,1638.0,137.0,960.0,,,1409.0,206.0,0.0,2093.0,6063.0,3641.0,1115.0,623.0,96.0,,2169.0,696.0,1298.0,3712.0,1389.0,289.0,2243.0,123.0,1922.0,,725.0,10.0,,,271.0,1721.0,94.0,0.0,0.0,140.0,,1950.0,,589.0,191.0,7316.0,,77.0,3539.0,192.0,899.0,547.0,963.0,1375.0,24.0,,2649.0,18142.0,333.0,3864.0,0.0,176.0,495.0,1165.0,875.0,1656.0,7.0,17551.0,1261.0,27646.0,520.0,3229.0,,689.0,1359.0,712.0,2579.0,13369.0,9.0,447.0,1122.0,0.0,117.0,7554.0,,0.0,,0.0,972.0,412.0,1359.0,1121.0,,860.0,6074.0,150.0,0.0,0.0,0.0,585.0,,4086.0,,352.0,0.0,0.0,0.0,181.0,92.0,44.0,64.0,2707.0,2187.0,3220.0,1712.0,847.0,3449.0,,
2011-18,221.0,95.0,,,,,,,,,,,,,,,,,,0.0,,,,,25.0,,2670.0,1677.0,2675.0,171.0,33.0,1716.0,3829.0,2186.0,2444.0,4021.0,212.0,2117.0,35.0,121.0,729.0,501.0,,295.0,,304.0,,18.0,296.0,,1117.0,,0.0,0.0,1791.0,5705.0,0.0,,12035.0,404.0,,5070.0,216.0,359.0,340.0,962.0,2960.0,799.0,983.0,3277.0,292.0,239.0,,1140.0,,208.0,340.0,0.0,193.0,0.0,468.0,632.0,71.0,,50.0,364.0,,918.0,663.0,3488.0,,1652.0,1412.0,400.0,1313.0,40.0,194.0,3618.0,1425.0,,,1054.0,577.0,,,947.0,,,1919.0,,,541.0,,18.0,1560.0,1143.0,676.0,45.0,296.0,30.0,745.0,248.0,,0.0,,8221.0,1144.0,279.0,22.0,497.0,,1793.0,109.0,851.0,,,1711.0,186.0,0.0,2126.0,5879.0,3423.0,1111.0,601.0,129.0,,2203.0,738.0,1316.0,4577.0,1409.0,339.0,2637.0,143.0,2146.0,,827.0,12.0,,,362.0,1669.0,123.0,0.0,0.0,134.0,,2114.0,,719.0,205.0,6740.0,,72.0,3349.0,198.0,926.0,567.0,942.0,1548.0,37.0,,2659.0,19838.0,376.0,4118.0,0.0,160.0,552.0,1808.0,880.0,1895.0,13.0,12000.0,1509.0,25008.0,572.0,3251.0,,672.0,1318.0,751.0,2595.0,12281.0,9.0,619.0,1135.0,0.0,102.0,6444.0,,0.0,,0.0,999.0,390.0,1424.0,1050.0,,857.0,6660.0,162.0,0.0,0.0,1.0,618.0,,3749.0,,442.0,0.0,0.0,0.0,148.0,77.0,44.0,40.0,2759.0,1805.0,3354.0,1619.0,832.0,3663.0,,
2011-19,272.0,86.0,,,,,,,,,,,,,,,,,,0.0,,,,,40.0,,2954.0,1752.0,3116.0,167.0,35.0,1714.0,3691.0,2235.0,2706.0,3909.0,212.0,2144.0,36.0,177.0,905.0,544.0,,296.0,,289.0,,20.0,318.0,,1172.0,,0.0,0.0,1792.0,5064.0,0.0,,12015.0,405.0,,5490.0,204.0,418.0,365.0,849.0,3119.0,831.0,1080.0,4370.0,308.0,241.0,,1225.0,,236.0,335.0,0.0,197.0,0.0,493.0,669.0,72.0,,60.0,303.0,,911.0,618.0,3479.0,,1804.0,1491.0,468.0,1484.0,49.0,261.0,3920.0,1185.0,,,1088.0,541.0,,,925.0,,,1878.0,,,553.0,,15.0,1629.0,1122.0,764.0,38.0,320.0,35.0,1307.0,197.0,,0.0,,7302.0,1170.0,341.0,28.0,493.0,,1809.0,123.0,988.0,49034.0,,1792.0,159.0,0.0,2167.0,5885.0,3432.0,1197.0,654.0,104.0,,2155.0,792.0,1379.0,4818.0,1519.0,344.0,2891.0,132.0,2076.0,,911.0,25.0,,,296.0,1954.0,121.0,0.0,0.0,157.0,,2427.0,,720.0,216.0,6883.0,,84.0,3524.0,212.0,1013.0,587.0,1029.0,1766.0,37.0,,2995.0,21025.0,426.0,4858.0,0.0,151.0,608.0,1405.0,904.0,1734.0,14.0,10725.0,1517.0,27155.0,539.0,3502.0,,713.0,1427.0,759.0,2722.0,14837.0,4.0,1550.0,1062.0,0.0,107.0,6516.0,,0.0,,0.0,1045.0,392.0,1486.0,1028.0,,797.0,6936.0,172.0,0.0,0.0,0.0,775.0,357.0,4089.0,,433.0,0.0,0.0,0.0,149.0,83.0,36.0,46.0,2885.0,1770.0,3578.0,1695.0,861.0,3759.0,,
2011-20,249.0,81.0,,,,,,,,,,,,,,,,,,0.0,,,,,32.0,,2806.0,1806.0,2674.0,164.0,45.0,1695.0,3713.0,2376.0,2680.0,4059.0,247.0,2142.0,29.0,170.0,891.0,467.0,,314.0,,321.0,1933.0,32.0,327.0,,1079.0,,0.0,0.0,1927.0,6001.0,0.0,,11511.0,416.0,,5404.0,254.0,341.0,382.0,1297.0,2946.0,862.0,1087.0,5005.0,341.0,249.0,,1323.0,,268.0,294.0,0.0,221.0,0.0,527.0,636.0,87.0,,55.0,353.0,,950.0,661.0,3738.0,,1805.0,1500.0,427.0,1484.0,50.0,224.0,3782.0,1216.0,,,1106.0,515.0,,,990.0,,,1829.0,,,560.0,,19.0,1651.0,1158.0,718.0,46.0,247.0,28.0,1044.0,251.0,,0.0,,7522.0,1234.0,380.0,16.0,477.0,,4199.0,123.0,984.0,47856.0,,2174.0,151.0,0.0,2290.0,5807.0,3555.0,1226.0,718.0,107.0,,1916.0,837.0,1433.0,5315.0,1507.0,322.0,3112.0,152.0,2608.0,,869.0,23.0,,,286.0,1862.0,128.0,0.0,0.0,124.0,,2218.0,,831.0,195.0,6211.0,,94.0,3322.0,237.0,1005.0,591.0,1025.0,1903.0,34.0,,2732.0,24664.0,404.0,4491.0,0.0,170.0,636.0,1459.0,821.0,1921.0,7.0,9703.0,1721.0,24622.0,522.0,3585.0,,690.0,1411.0,725.0,3159.0,12746.0,5.0,773.0,1045.0,0.0,144.0,6099.0,,0.0,,0.0,1069.0,408.0,1530.0,988.0,81.0,785.0,6471.0,188.0,0.0,0.0,0.0,704.0,379.0,4365.0,,467.0,0.0,0.0,0.0,129.0,118.0,31.0,62.0,3295.0,1880.0,3571.0,1807.0,875.0,3823.0,,
2011-21,249.0,76.0,,,,,,,,,,,,,,,,,,0.0,,,,,34.0,,2755.0,1574.0,2409.0,253.0,31.0,1816.0,3853.0,3630.0,2613.0,3644.0,229.0,1881.0,42.0,124.0,913.0,495.0,,294.0,,300.0,2126.0,14.0,337.0,,997.0,,0.0,0.0,1822.0,6106.0,0.0,,11730.0,431.0,,5339.0,266.0,358.0,410.0,991.0,2825.0,802.0,1759.0,5490.0,304.0,218.0,,1546.0,,295.0,309.0,0.0,178.0,0.0,474.0,595.0,95.0,,90.0,382.0,,1048.0,632.0,3559.0,,2043.0,1459.0,400.0,1425.0,55.0,199.0,3858.0,1260.0,,,969.0,535.0,,,957.0,,,1971.0,,,514.0,,10.0,1670.0,1213.0,641.0,30.0,295.0,33.0,1056.0,204.0,,0.0,,6929.0,1242.0,392.0,15.0,471.0,,1959.0,128.0,999.0,47342.0,,2347.0,156.0,0.0,2548.0,5684.0,4282.0,1204.0,707.0,124.0,,2047.0,757.0,1456.0,5063.0,1627.0,400.0,3006.0,162.0,2807.0,,865.0,29.0,,,309.0,1734.0,114.0,0.0,0.0,148.0,,2134.0,,856.0,270.0,5984.0,,88.0,2989.0,223.0,1013.0,566.0,998.0,2237.0,26.0,,2739.0,26048.0,391.0,4920.0,0.0,191.0,639.0,1409.0,685.0,1975.0,12.0,9428.0,1623.0,23176.0,547.0,3969.0,,653.0,1368.0,831.0,3035.0,12793.0,7.0,501.0,1031.0,0.0,110.0,6279.0,,0.0,,0.0,1204.0,473.0,1371.0,1011.0,103.0,885.0,6838.0,200.0,0.0,0.0,1.0,819.0,393.0,4523.0,,430.0,0.0,0.0,0.0,168.0,118.0,26.0,53.0,3409.0,1826.0,3559.0,1786.0,912.0,3809.0,,
2011-22,248.0,116.0,,,,,,,,,,,,,,,,,,0.0,,,,,22.0,,2706.0,1589.0,2013.0,245.0,30.0,1751.0,6005.0,4268.0,2543.0,3320.0,215.0,2103.0,45.0,168.0,913.0,461.0,,288.0,,266.0,2948.0,30.0,767.0,,772.0,,0.0,0.0,1705.0,5076.0,0.0,,12359.0,363.0,,4992.0,272.0,377.0,456.0,988.0,2730.0,774.0,1073.0,5550.0,291.0,245.0,,1438.0,,288.0,251.0,0.0,216.0,0.0,519.0,562.0,96.0,,77.0,329.0,,1024.0,587.0,3331.0,,2259.0,942.0,396.0,1273.0,51.0,221.0,3743.0,1356.0,,,1083.0,509.0,,,1048.0,,,1506.0,,,536.0,,22.0,1571.0,1188.0,697.0,68.0,518.0,47.0,1285.0,387.0,,0.0,,6915.0,1391.0,369.0,16.0,440.0,,2169.0,109.0,924.0,52759.0,,1992.0,163.0,0.0,2142.0,5452.0,3430.0,1163.0,790.0,111.0,,2072.0,702.0,1202.0,4960.0,1562.0,317.0,2899.0,154.0,3079.0,,861.0,28.0,,,317.0,1798.0,119.0,0.0,0.0,134.0,,2101.0,,884.0,200.0,5915.0,,101.0,3096.0,227.0,965.0,568.0,955.0,1971.0,33.0,,2479.0,27175.0,395.0,4214.0,0.0,188.0,562.0,1374.0,619.0,1903.0,8.0,9162.0,1334.0,22627.0,773.0,3140.0,,599.0,1369.0,780.0,2996.0,11300.0,7.0,435.0,1110.0,0.0,133.0,6224.0,,0.0,,0.0,1312.0,486.0,1323.0,888.0,124.0,819.0,6750.0,201.0,0.0,0.0,1.0,705.0,319.0,4605.0,,507.0,0.0,0.0,0.0,213.0,140.0,29.0,51.0,2949.0,1779.0,3766.0,1806.0,866.0,4127.0,,
2011-23,306.0,94.0,,,,,,,,,,,,,,,,,,0.0,,,,,33.0,,2614.0,1610.0,1759.0,244.0,45.0,1710.0,3550.0,3286.0,2482.0,3439.0,218.0,2089.0,47.0,126.0,792.0,542.0,,283.0,,328.0,2517.0,23.0,571.0,,670.0,,0.0,0.0,1703.0,4783.0,0.0,,12226.0,379.0,,5310.0,197.0,355.0,424.0,966.0,2853.0,898.0,1208.0,6523.0,279.0,237.0,,1629.0,,285.0,307.0,0.0,178.0,0.0,476.0,621.0,109.0,,101.0,389.0,,1132.0,526.0,3405.0,,2184.0,1191.0,404.0,1432.0,45.0,271.0,3380.0,1260.0,,,1133.0,527.0,,,1000.0,,,1170.0,,,561.0,,28.0,1623.0,1205.0,640.0,68.0,542.0,37.0,990.0,325.0,,0.0,,6382.0,1397.0,414.0,18.0,464.0,,2006.0,130.0,1062.0,50260.0,,2235.0,173.0,0.0,2136.0,5228.0,3047.0,1219.0,739.0,102.0,,2156.0,717.0,1168.0,4811.0,1780.0,312.0,2757.0,180.0,3878.0,,970.0,35.0,,,314.0,1877.0,136.0,0.0,0.0,214.0,,2237.0,,1023.0,243.0,5512.0,,110.0,3002.0,265.0,1046.0,532.0,868.0,1359.0,28.0,,2429.0,28053.0,371.0,4924.0,0.0,219.0,501.0,1401.0,524.0,2225.0,10.0,8544.0,1139.0,20643.0,437.0,3049.0,,709.0,1404.0,770.0,2692.0,10041.0,3.0,530.0,1026.0,0.0,104.0,6975.0,,0.0,,0.0,1089.0,578.0,1332.0,902.0,119.0,938.0,7425.0,173.0,0.0,0.0,0.0,856.0,346.0,4647.0,,436.0,0.0,0.0,0.0,167.0,105.0,43.0,60.0,3026.0,1836.0,3807.0,1694.0,840.0,4016.0,,
2011-24,302.0,108.0,,,,,,,,,,,,,,,,,,0.0,,,,,25.0,,2457.0,1586.0,1631.0,212.0,45.0,1590.0,3458.0,2715.0,2467.0,2843.0,209.0,2003.0,33.0,135.0,696.0,482.0,,284.0,,306.0,2114.0,14.0,424.0,,693.0,,0.0,0.0,1615.0,4035.0,0.0,,9392.0,451.0,,5032.0,236.0,359.0,400.0,974.0,2696.0,819.0,1080.0,4100.0,322.0,244.0,,1475.0,,239.0,247.0,0.0,206.0,0.0,500.0,622.0,120.0,,89.0,355.0,570.0,1229.0,506.0,3284.0,,1963.0,1127.0,404.0,1368.0,78.0,210.0,3364.0,1177.0,,,1060.0,457.0,,,883.0,,,740.0,,,594.0,,19.0,1498.0,1139.0,589.0,51.0,352.0,37.0,862.0,228.0,,0.0,,5202.0,1325.0,387.0,19.0,436.0,,1840.0,116.0,960.0,45740.0,,2030.0,134.0,0.0,2021.0,5135.0,2787.0,1116.0,781.0,87.0,,1919.0,678.0,1216.0,4346.0,1542.0,242.0,2263.0,254.0,3128.0,,802.0,36.0,,,333.0,1775.0,149.0,0.0,0.0,184.0,,2069.0,,970.0,204.0,5018.0,,114.0,2954.0,258.0,904.0,551.0,819.0,1552.0,32.0,,2392.0,25001.0,410.0,4957.0,0.0,250.0,498.0,1534.0,510.0,2790.0,8.0,6676.0,916.0,19075.0,521.0,2622.0,,625.0,1312.0,697.0,2308.0,8869.0,5.0,652.0,1166.0,0.0,96.0,4885.0,,0.0,,0.0,1072.0,428.0,1195.0,725.0,103.0,909.0,6582.0,185.0,0.0,0.0,1.0,753.0,320.0,3752.0,,394.0,0.0,0.0,0.0,168.0,109.0,35.0,47.0,2954.0,1700.0,3322.0,1540.0,700.0,3630.0,,
2011-25,378.0,96.0,,,,,,,,,,,,,,,,,,0.0,,,,,29.0,,2282.0,1409.0,1634.0,206.0,48.0,1635.0,3421.0,2251.0,2531.0,2864.0,167.0,1805.0,32.0,133.0,725.0,507.0,,261.0,,301.0,1946.0,15.0,336.0,,738.0,,0.0,0.0,1561.0,3733.0,0.0,,9656.0,420.0,,4969.0,159.0,370.0,482.0,937.0,3123.0,845.0,1128.0,5624.0,312.0,217.0,,1440.0,,230.0,241.0,0.0,175.0,0.0,853.0,1285.0,102.0,,83.0,356.0,465.0,1169.0,596.0,3573.0,,1929.0,1164.0,481.0,1411.0,68.0,239.0,3663.0,1300.0,,,1040.0,546.0,,,882.0,,11168.0,841.0,,,578.0,,15.0,1576.0,1124.0,549.0,48.0,333.0,23.0,769.0,185.0,,0.0,,5441.0,1336.0,359.0,17.0,641.0,,1855.0,119.0,1026.0,43188.0,,1699.0,134.0,0.0,2049.0,5253.0,2958.0,1070.0,608.0,98.0,,1870.0,614.0,1076.0,4325.0,1425.0,271.0,2555.0,159.0,2947.0,,799.0,32.0,,,317.0,1795.0,125.0,0.0,0.0,162.0,,2127.0,,897.0,220.0,4926.0,,94.0,2943.0,248.0,891.0,574.0,835.0,1527.0,30.0,,2349.0,26453.0,370.0,4575.0,0.0,173.0,455.0,1573.0,476.0,2446.0,5.0,7178.0,794.0,19539.0,511.0,2684.0,,597.0,1313.0,743.0,2398.0,9636.0,3.0,493.0,1096.0,0.0,131.0,5162.0,,0.0,,0.0,1126.0,427.0,1251.0,746.0,112.0,879.0,6833.0,177.0,0.0,0.0,0.0,777.0,401.0,3793.0,,385.0,0.0,0.0,0.0,177.0,88.0,34.0,54.0,3159.0,1785.0,3621.0,2120.0,1211.0,3767.0,,
2011-26,403.0,87.0,,,,,,,,,,,,,,,,,,0.0,,,,,29.0,,2192.0,1218.0,1430.0,211.0,28.0,1505.0,3328.0,2078.0,2259.0,2077.0,188.0,1672.0,29.0,151.0,710.0,437.0,,241.0,,311.0,1699.0,13.0,296.0,,644.0,,0.0,0.0,1572.0,3179.0,0.0,,8927.0,404.0,,4713.0,229.0,367.0,393.0,1363.0,2658.0,812.0,972.0,1538.0,322.0,275.0,,1527.0,,220.0,223.0,0.0,186.0,0.0,505.0,680.0,110.0,,99.0,307.0,401.0,1129.0,537.0,3072.0,,1776.0,1091.0,478.0,1192.0,68.0,196.0,3645.0,1141.0,,,947.0,433.0,,,759.0,,9480.0,844.0,,,521.0,,14.0,1238.0,1031.0,578.0,40.0,272.0,33.0,660.0,171.0,,0.0,,4726.0,1221.0,313.0,15.0,436.0,,1898.0,129.0,967.0,42983.0,,1413.0,116.0,0.0,2061.0,4655.0,2829.0,990.0,521.0,92.0,,1760.0,583.0,1040.0,3513.0,1229.0,220.0,1790.0,132.0,2089.0,,782.0,32.0,,,268.0,1516.0,131.0,0.0,0.0,170.0,,1925.0,,799.0,208.0,5040.0,,76.0,2774.0,243.0,947.0,475.0,851.0,1286.0,29.0,,2112.0,20438.0,403.0,5168.0,0.0,140.0,410.0,1476.0,399.0,2251.0,4.0,6546.0,677.0,18356.0,423.0,2325.0,,576.0,1281.0,689.0,2015.0,8767.0,5.0,373.0,985.0,0.0,116.0,5408.0,,0.0,,0.0,989.0,451.0,1131.0,673.0,96.0,789.0,6160.0,153.0,0.0,0.0,0.0,746.0,302.0,3456.0,,321.0,0.0,0.0,0.0,175.0,104.0,45.0,60.0,2710.0,1643.0,2183.0,1375.0,720.0,2487.0,,
2011-27,765.0,75.0,,,,,,,,,,,,,,,,,,0.0,,,,,26.0,,2102.0,1207.0,1461.0,195.0,37.0,10955.0,3184.0,1862.0,2195.0,2031.0,180.0,1655.0,36.0,137.0,827.0,404.0,,239.0,,275.0,1620.0,7.0,298.0,,609.0,,0.0,0.0,1520.0,3104.0,0.0,,7930.0,354.0,,4544.0,178.0,326.0,364.0,1014.0,2704.0,770.0,986.0,979.0,303.0,217.0,,1392.0,,265.0,245.0,0.0,163.0,0.0,501.0,569.0,127.0,,94.0,306.0,342.0,1118.0,529.0,2989.0,,1840.0,968.0,463.0,1290.0,44.0,211.0,3626.0,1438.0,,,882.0,424.0,,,706.0,,8990.0,824.0,,,521.0,,20.0,1161.0,958.0,522.0,37.0,293.0,26.0,598.0,168.0,,0.0,,5102.0,1212.0,330.0,19.0,390.0,,1784.0,120.0,860.0,38424.0,,1434.0,124.0,0.0,1892.0,4610.0,2668.0,936.0,563.0,63.0,,1800.0,667.0,1038.0,3331.0,895.0,203.0,1580.0,128.0,1854.0,,752.0,44.0,,,307.0,1745.0,152.0,0.0,0.0,166.0,,1905.0,,902.0,175.0,5145.0,,80.0,2717.0,231.0,935.0,685.0,789.0,1060.0,44.0,198.0,2040.0,13681.0,378.0,3706.0,0.0,149.0,381.0,1349.0,402.0,2298.0,9.0,6691.0,695.0,18292.0,437.0,2205.0,,544.0,1406.0,633.0,2209.0,8522.0,7.0,392.0,839.0,0.0,106.0,5133.0,,0.0,,0.0,1461.0,594.0,918.0,676.0,71.0,960.0,6246.0,154.0,0.0,0.0,1.0,714.0,332.0,3165.0,,325.0,0.0,0.0,0.0,164.0,88.0,38.0,42.0,2734.0,1646.0,1830.0,1039.0,671.0,2065.0,,
2011-28,3833.0,86.0,,,,,,,,,,,,,,,,,,0.0,,,,,22.0,,2051.0,1175.0,1276.0,199.0,36.0,1331.0,3069.0,1736.0,2033.0,1861.0,199.0,1464.0,39.0,150.0,599.0,411.0,,223.0,,278.0,1541.0,8.0,258.0,,593.0,,0.0,0.0,1271.0,3136.0,0.0,,7568.0,311.0,,4142.0,192.0,316.0,371.0,1085.0,2492.0,685.0,964.0,609.0,307.0,234.0,,1146.0,,231.0,243.0,0.0,164.0,0.0,563.0,626.0,120.0,,87.0,315.0,323.0,927.0,501.0,2937.0,,1548.0,896.0,512.0,1178.0,44.0,172.0,3349.0,1268.0,,,889.0,426.0,,,617.0,,9308.0,575.0,,,538.0,,18.0,1112.0,876.0,506.0,32.0,288.0,27.0,486.0,189.0,,0.0,,4825.0,1279.0,257.0,18.0,445.0,,1752.0,104.0,800.0,37411.0,,1569.0,149.0,0.0,1800.0,4288.0,2360.0,881.0,417.0,79.0,,1816.0,547.0,943.0,3037.0,717.0,199.0,1410.0,117.0,1805.0,,810.0,35.0,,,238.0,1629.0,108.0,0.0,0.0,177.0,,1675.0,,724.0,139.0,4906.0,,54.0,2641.0,221.0,837.0,555.0,774.0,1068.0,45.0,244.0,1939.0,7354.0,357.0,4676.0,0.0,105.0,392.0,1282.0,299.0,2266.0,8.0,6333.0,601.0,18246.0,435.0,2161.0,,521.0,1174.0,602.0,1883.0,8384.0,7.0,289.0,972.0,0.0,105.0,5316.0,,0.0,,0.0,1122.0,404.0,855.0,607.0,76.0,954.0,6209.0,132.0,0.0,0.0,0.0,583.0,286.0,2715.0,,272.0,0.0,0.0,0.0,149.0,74.0,27.0,57.0,2539.0,1616.0,1380.0,942.0,579.0,1762.0,,
2011-29,383.0,79.0,,,,,,,,,,,,,,,,,,0.0,,,,,27.0,,2009.0,1195.0,1334.0,170.0,24.0,1468.0,3307.0,1654.0,2179.0,2042.0,155.0,1521.0,33.0,149.0,634.0,382.0,,259.0,,307.0,1405.0,7.0,245.0,,568.0,,0.0,0.0,1508.0,3400.0,1.0,,8200.0,360.0,,4025.0,196.0,245.0,268.0,1189.0,2516.0,667.0,957.0,704.0,261.0,167.0,,773.0,,253.0,219.0,0.0,158.0,0.0,581.0,641.0,91.0,,67.0,278.0,293.0,811.0,464.0,2872.0,,1354.0,901.0,522.0,1180.0,55.0,193.0,3199.0,1355.0,,,940.0,387.0,,,652.0,,9869.0,511.0,,,472.0,,13.0,1191.0,902.0,491.0,44.0,272.0,39.0,570.0,196.0,,0.0,,5086.0,1118.0,194.0,15.0,448.0,,1821.0,107.0,736.0,40129.0,,1263.0,127.0,0.0,1752.0,4431.0,2359.0,918.0,417.0,71.0,,2040.0,595.0,835.0,2540.0,586.0,168.0,1273.0,117.0,1500.0,861.0,695.0,28.0,,,215.0,1692.0,148.0,0.0,0.0,142.0,,1583.0,,573.0,156.0,5630.0,,70.0,2739.0,175.0,851.0,531.0,977.0,960.0,25.0,239.0,1875.0,7027.0,335.0,3401.0,0.0,80.0,408.0,1169.0,409.0,1850.0,10.0,6741.0,601.0,19369.0,602.0,1889.0,,490.0,1319.0,502.0,1468.0,8972.0,5.0,345.0,853.0,0.0,108.0,8737.0,,0.0,,0.0,1292.0,384.0,854.0,590.0,77.0,819.0,5906.0,147.0,0.0,0.0,0.0,508.0,278.0,2747.0,,458.0,0.0,0.0,0.0,131.0,72.0,32.0,45.0,2767.0,1680.0,1406.0,895.0,583.0,1657.0,,
2011-30,338.0,87.0,,,,,,,,,,,,,,,,,,0.0,,,,,29.0,,1858.0,1128.0,1122.0,134.0,36.0,1336.0,3032.0,1859.0,2112.0,1951.0,135.0,1349.0,34.0,248.0,693.0,390.0,,274.0,,283.0,950.0,10.0,241.0,,591.0,,0.0,0.0,1465.0,3228.0,0.0,,8744.0,332.0,,3692.0,201.0,288.0,217.0,966.0,2313.0,581.0,735.0,557.0,201.0,146.0,,460.0,,224.0,212.0,0.0,182.0,0.0,593.0,660.0,51.0,,29.0,285.0,272.0,567.0,414.0,2417.0,,1247.0,918.0,508.0,1095.0,26.0,134.0,3077.0,1143.0,,,731.0,478.0,,,599.0,,9865.0,481.0,,,607.0,,10.0,1184.0,853.0,413.0,38.0,209.0,17.0,415.0,160.0,,0.0,,4983.0,916.0,105.0,11.0,460.0,,1535.0,87.0,784.0,42509.0,,1351.0,127.0,0.0,1777.0,4695.0,2397.0,742.0,386.0,70.0,,1901.0,570.0,748.0,2064.0,622.0,178.0,1092.0,123.0,1086.0,873.0,658.0,14.0,,,191.0,1497.0,85.0,0.0,0.0,85.0,,1535.0,,508.0,166.0,5803.0,,45.0,2842.0,144.0,754.0,448.0,906.0,959.0,35.0,209.0,1805.0,7030.0,364.0,3053.0,0.0,42.0,362.0,920.0,410.0,1258.0,16.0,6803.0,560.0,19769.0,392.0,1697.0,,444.0,1218.0,394.0,1111.0,9068.0,3.0,337.0,983.0,0.0,132.0,9496.0,,0.0,,0.0,1020.0,341.0,982.0,635.0,37.0,673.0,5129.0,182.0,0.0,0.0,0.0,380.0,323.0,3025.0,,278.0,0.0,0.0,0.0,101.0,84.0,24.0,42.0,2439.0,1598.0,1636.0,964.0,641.0,1847.0,,
2011-31,305.0,97.0,,,,,,,,,,,,,,,,,,0.0,,,,,21.0,,1823.0,1042.0,1063.0,102.0,22.0,1227.0,2929.0,1581.0,1940.0,1850.0,187.0,1334.0,32.0,117.0,686.0,318.0,,215.0,,278.0,919.0,9.0,221.0,,591.0,,0.0,0.0,1203.0,3079.0,0.0,302.0,9184.0,284.0,,3107.0,186.0,210.0,215.0,1137.0,2039.0,545.0,784.0,456.0,202.0,119.0,,356.0,,224.0,214.0,0.0,154.0,0.0,657.0,740.0,38.0,,30.0,211.0,205.0,466.0,330.0,2598.0,,1168.0,890.0,475.0,1034.0,30.0,145.0,2844.0,1047.0,,,717.0,430.0,,,517.0,,10073.0,519.0,,,474.0,,25.0,1369.0,743.0,403.0,40.0,207.0,26.0,519.0,151.0,,0.0,,5008.0,766.0,74.0,21.0,423.0,,1509.0,77.0,622.0,40112.0,,1083.0,102.0,0.0,1852.0,4538.0,2243.0,737.0,364.0,71.0,,1833.0,518.0,527.0,1759.0,491.0,162.0,998.0,102.0,857.0,799.0,623.0,10.0,,,151.0,1433.0,40.0,0.0,0.0,77.0,,1164.0,,307.0,136.0,5666.0,,51.0,2500.0,126.0,743.0,472.0,933.0,915.0,44.0,195.0,1666.0,7037.0,318.0,4492.0,0.0,65.0,329.0,893.0,428.0,974.0,9.0,6473.0,531.0,18813.0,346.0,1744.0,,401.0,1062.0,415.0,1035.0,9268.0,6.0,283.0,943.0,0.0,109.0,6661.0,,0.0,,0.0,909.0,447.0,993.0,622.0,64.0,615.0,4988.0,163.0,0.0,0.0,0.0,315.0,281.0,2763.0,,271.0,0.0,0.0,0.0,68.0,54.0,18.0,26.0,2159.0,1516.0,1639.0,910.0,625.0,1767.0,,
2011-32,315.0,119.0,,,,,,,,,,,,,,,,,,0.0,,,,,33.0,,1925.0,930.0,1083.0,98.0,15.0,1078.0,2824.0,1534.0,1937.0,1520.0,144.0,1234.0,29.0,152.0,570.0,348.0,,218.0,799.0,333.0,823.0,14.0,217.0,,656.0,,0.0,0.0,1181.0,2969.0,0.0,256.0,7545.0,285.0,,2651.0,144.0,198.0,212.0,1018.0,1868.0,518.0,662.0,428.0,195.0,146.0,1962.0,391.0,2042.0,191.0,215.0,0.0,147.0,0.0,593.0,732.0,41.0,,36.0,172.0,205.0,451.0,365.0,2404.0,,1160.0,799.0,370.0,944.0,37.0,118.0,2734.0,887.0,,,829.0,572.0,,,476.0,,11002.0,578.0,,,512.0,,10.0,1145.0,645.0,381.0,43.0,261.0,26.0,433.0,154.0,,0.0,,6857.0,675.0,83.0,19.0,493.0,,1355.0,83.0,585.0,44991.0,,1256.0,116.0,0.0,1616.0,3953.0,2279.0,664.0,270.0,78.0,,2025.0,486.0,543.0,1547.0,482.0,161.0,950.0,84.0,912.0,747.0,581.0,10.0,,383.0,140.0,1655.0,62.0,0.0,0.0,61.0,,1158.0,,360.0,109.0,5491.0,,56.0,2605.0,131.0,745.0,435.0,1087.0,966.0,24.0,206.0,1591.0,6651.0,298.0,5176.0,0.0,45.0,332.0,988.0,487.0,853.0,9.0,6682.0,523.0,18274.0,350.0,2137.0,,387.0,982.0,376.0,1165.0,9808.0,4.0,344.0,903.0,0.0,76.0,5810.0,,0.0,,0.0,847.0,305.0,888.0,664.0,31.0,536.0,4420.0,115.0,0.0,0.0,0.0,326.0,289.0,2505.0,,275.0,0.0,0.0,0.0,78.0,55.0,21.0,32.0,2282.0,1322.0,1707.0,1006.0,601.0,1881.0,,
2011-33,244.0,108.0,,,,,,,,,,,,,,,,,,0.0,,,,,26.0,,1717.0,899.0,1007.0,90.0,20.0,1053.0,2575.0,10145.0,1533.0,1369.0,146.0,1073.0,42.0,156.0,640.0,259.0,946.0,163.0,762.0,294.0,783.0,2.0,198.0,,766.0,,0.0,0.0,1114.0,2717.0,0.0,244.0,7051.0,200.0,,2218.0,233.0,201.0,276.0,1006.0,1632.0,503.0,707.0,382.0,153.0,151.0,1912.0,349.0,1902.0,202.0,203.0,0.0,116.0,0.0,567.0,641.0,43.0,,30.0,151.0,218.0,381.0,318.0,2370.0,,1153.0,754.0,348.0,816.0,30.0,101.0,2511.0,784.0,,,787.0,313.0,,,427.0,,10024.0,601.0,,,520.0,,14.0,1006.0,611.0,366.0,25.0,314.0,24.0,436.0,129.0,,0.0,,4031.0,706.0,73.0,17.0,437.0,,1190.0,92.0,616.0,38503.0,,1194.0,76.0,0.0,1864.0,4881.0,2920.0,558.0,277.0,64.0,,1810.0,434.0,521.0,1186.0,411.0,146.0,929.0,77.0,956.0,663.0,480.0,12.0,,319.0,145.0,1491.0,60.0,0.0,0.0,62.0,,930.0,,376.0,123.0,4962.0,,47.0,2418.0,119.0,670.0,372.0,913.0,920.0,36.0,202.0,1529.0,6101.0,224.0,4115.0,0.0,37.0,302.0,961.0,429.0,787.0,13.0,5515.0,535.0,16366.0,316.0,1813.0,,360.0,873.0,343.0,985.0,8644.0,5.0,268.0,789.0,0.0,80.0,5174.0,,0.0,,0.0,777.0,300.0,813.0,643.0,48.0,472.0,3678.0,96.0,0.0,0.0,0.0,254.0,346.0,2516.0,,238.0,0.0,0.0,0.0,65.0,54.0,29.0,30.0,1646.0,1325.0,1316.0,972.0,540.0,1521.0,,
2011-34,247.0,88.0,,,,,,,,,,,,,,,,,,0.0,,,,,23.0,,1953.0,963.0,1359.0,113.0,25.0,1230.0,3113.0,1728.0,1862.0,1681.0,161.0,1325.0,34.0,189.0,659.0,326.0,1152.0,221.0,878.0,319.0,1265.0,8.0,228.0,,955.0,,0.0,0.0,1211.0,3853.0,0.0,222.0,7414.0,282.0,,3107.0,247.0,244.0,372.0,1316.0,2116.0,654.0,2086.0,503.0,207.0,152.0,1901.0,607.0,2260.0,206.0,266.0,0.0,163.0,0.0,692.0,831.0,58.0,,48.0,208.0,282.0,568.0,449.0,2936.0,,1521.0,794.0,467.0,1021.0,31.0,141.0,2904.0,993.0,,,1008.0,382.0,9288.0,,626.0,,11333.0,650.0,,,565.0,,14.0,1173.0,814.0,384.0,53.0,284.0,25.0,469.0,166.0,36.0,0.0,,4574.0,921.0,137.0,15.0,578.0,,1544.0,100.0,643.0,41822.0,,1469.0,107.0,0.0,1751.0,4453.0,2533.0,761.0,422.0,79.0,,2025.0,525.0,704.0,1393.0,617.0,183.0,1127.0,100.0,1269.0,749.0,582.0,22.0,,379.0,159.0,1646.0,77.0,0.0,0.0,92.0,,1264.0,,478.0,139.0,5640.0,,47.0,2728.0,171.0,863.0,429.0,1418.0,1049.0,34.0,218.0,1959.0,7232.0,282.0,3275.0,0.0,71.0,352.0,895.0,594.0,1245.0,9.0,6369.0,636.0,18925.0,357.0,2320.0,,390.0,918.0,416.0,1426.0,9137.0,5.0,328.0,817.0,0.0,61.0,5556.0,,0.0,,0.0,957.0,303.0,933.0,812.0,59.0,720.0,4444.0,114.0,0.0,0.0,0.0,358.0,334.0,2639.0,,309.0,0.0,0.0,0.0,172.0,62.0,21.0,29.0,2224.0,1364.0,1550.0,1076.0,627.0,1873.0,,
2011-35,270.0,94.0,,,,,,,,,,,,,,,,,,0.0,,,,,24.0,,2295.0,1128.0,1501.0,170.0,39.0,1427.0,3573.0,1929.0,2034.0,1806.0,216.0,1611.0,31.0,179.0,767.0,425.0,1380.0,256.0,784.0,331.0,1518.0,13.0,276.0,,997.0,,0.0,0.0,1420.0,5472.0,0.0,214.0,8846.0,319.0,,3806.0,369.0,345.0,523.0,4198.0,2440.0,788.0,2916.0,676.0,220.0,199.0,2209.0,900.0,2433.0,180.0,311.0,0.0,158.0,0.0,882.0,1039.0,73.0,,57.0,284.0,358.0,724.0,461.0,3934.0,,1922.0,992.0,594.0,1288.0,50.0,177.0,3213.0,1057.0,,,1129.0,420.0,10449.0,,745.0,,12460.0,873.0,,,589.0,,27.0,1192.0,919.0,586.0,47.0,493.0,28.0,521.0,189.0,44.0,0.0,,5480.0,1015.0,193.0,14.0,719.0,,1727.0,109.0,722.0,48346.0,,1526.0,179.0,0.0,1890.0,4987.0,2755.0,825.0,453.0,74.0,,2652.0,592.0,999.0,1336.0,744.0,193.0,1520.0,109.0,1889.0,932.0,708.0,19.0,,830.0,176.0,1650.0,105.0,0.0,0.0,139.0,,1571.0,,653.0,159.0,6947.0,,60.0,3004.0,265.0,1052.0,530.0,2090.0,1121.0,54.0,257.0,1978.0,8489.0,320.0,4052.0,0.0,83.0,473.0,812.0,708.0,1765.0,14.0,8113.0,848.0,21113.0,393.0,2805.0,,491.0,1231.0,530.0,1896.0,9892.0,2.0,345.0,905.0,0.0,64.0,7031.0,,0.0,,0.0,1019.0,407.0,993.0,911.0,67.0,749.0,5305.0,131.0,0.0,0.0,0.0,526.0,266.0,2880.0,,404.0,0.0,0.0,0.0,149.0,54.0,28.0,45.0,2301.0,1572.0,1887.0,1387.0,762.0,2143.0,,
2011-36,216.0,73.0,,,,,,,,,,,,,,,,,,0.0,,,,,27.0,,2126.0,1073.0,1375.0,153.0,34.0,1398.0,3008.0,1648.0,1776.0,1744.0,157.0,1608.0,25.0,135.0,597.0,396.0,1332.0,204.0,761.0,311.0,1523.0,13.0,302.0,,881.0,,0.0,0.0,1399.0,5733.0,0.0,224.0,7387.0,327.0,,3621.0,343.0,295.0,335.0,1086.0,2100.0,772.0,1320.0,574.0,273.0,177.0,2243.0,1135.0,2327.0,162.0,316.0,0.0,161.0,0.0,621.0,887.0,79.0,,69.0,257.0,368.0,749.0,438.0,3965.0,,1588.0,785.0,581.0,1277.0,44.0,173.0,2869.0,979.0,,,1267.0,360.0,9013.0,,794.0,,9625.0,771.0,,,630.0,,13.0,1175.0,907.0,755.0,40.0,371.0,30.0,511.0,202.0,61.0,0.0,,4968.0,1023.0,218.0,12.0,709.0,,1531.0,77.0,674.0,43369.0,,1532.0,132.0,0.0,1544.0,4548.0,2763.0,781.0,441.0,59.0,,2238.0,592.0,832.0,1215.0,746.0,183.0,1353.0,112.0,1874.0,824.0,601.0,18.0,,355.0,201.0,1487.0,95.0,0.0,0.0,136.0,97.0,1622.0,,717.0,114.0,5316.0,,79.0,2814.0,216.0,982.0,449.0,1541.0,1049.0,48.0,210.0,1867.0,7567.0,309.0,4914.0,0.0,81.0,445.0,877.0,584.0,1999.0,8.0,6583.0,774.0,17652.0,329.0,4060.0,,477.0,1021.0,465.0,1633.0,8251.0,4.0,319.0,868.0,0.0,78.0,5191.0,,0.0,,0.0,874.0,339.0,892.0,858.0,68.0,648.0,5563.0,90.0,0.0,0.0,0.0,884.0,288.0,2407.0,,426.0,0.0,0.0,0.0,124.0,54.0,35.0,52.0,2255.0,1492.0,1669.0,1268.0,703.0,2046.0,48.0,
2011-37,220.0,71.0,,,,,,,,,,,,,,,,,,0.0,,,,,35.0,,2063.0,872.0,1353.0,172.0,36.0,2044.0,3376.0,1638.0,1723.0,1716.0,167.0,1497.0,33.0,161.0,651.0,384.0,1371.0,218.0,946.0,294.0,1534.0,21.0,291.0,,855.0,,0.0,0.0,1425.0,6566.0,0.0,188.0,7806.0,368.0,,3866.0,435.0,357.0,291.0,1094.0,2033.0,833.0,1882.0,772.0,231.0,209.0,3659.0,1125.0,2637.0,333.0,383.0,0.0,146.0,0.0,636.0,954.0,91.0,,66.0,304.0,383.0,884.0,447.0,3016.0,,1643.0,764.0,584.0,1264.0,37.0,177.0,2927.0,879.0,,,1615.0,352.0,11098.0,,706.0,,9599.0,1093.0,,,554.0,,11.0,1176.0,905.0,558.0,34.0,345.0,30.0,561.0,243.0,59.0,0.0,,5555.0,1105.0,235.0,24.0,811.0,,1529.0,104.0,730.0,42144.0,,1383.0,141.0,0.0,2453.0,6326.0,4956.0,878.0,500.0,62.0,,2306.0,541.0,1204.0,1196.0,777.0,215.0,1450.0,99.0,1587.0,758.0,684.0,25.0,,309.0,185.0,1385.0,109.0,0.0,0.0,150.0,83.0,1676.0,,700.0,144.0,4924.0,,68.0,2646.0,204.0,1091.0,421.0,1137.0,1388.0,32.0,245.0,1768.0,8357.0,369.0,4816.0,0.0,91.0,466.0,809.0,701.0,1603.0,9.0,7867.0,1259.0,17306.0,337.0,4049.0,,501.0,1457.0,479.0,1522.0,8668.0,3.0,321.0,733.0,0.0,96.0,5516.0,,0.0,,0.0,800.0,291.0,888.0,905.0,68.0,1303.0,5193.0,97.0,0.0,0.0,0.0,858.0,264.0,2348.0,,376.0,0.0,0.0,0.0,132.0,60.0,24.0,55.0,2459.0,1402.0,2066.0,1512.0,913.0,2196.0,44.0,
2011-38,236.0,77.0,,,,,,,,,,,,,,,,,,0.0,,,,,17.0,,2352.0,927.0,1341.0,164.0,41.0,1963.0,3526.0,1526.0,1815.0,1863.0,151.0,1435.0,30.0,149.0,774.0,381.0,1540.0,279.0,1138.0,330.0,1663.0,19.0,259.0,,932.0,,0.0,0.0,1377.0,8949.0,0.0,285.0,7420.0,352.0,,3980.0,386.0,326.0,222.0,1290.0,2331.0,875.0,992.0,828.0,316.0,204.0,4184.0,1037.0,2281.0,273.0,335.0,0.0,145.0,0.0,876.0,1336.0,84.0,,55.0,291.0,406.0,808.0,528.0,3228.0,,1581.0,841.0,588.0,1421.0,46.0,195.0,3268.0,889.0,,,1694.0,355.0,10832.0,,668.0,,10492.0,1119.0,,,560.0,,15.0,1240.0,836.0,769.0,39.0,329.0,26.0,715.0,272.0,69.0,0.0,,5934.0,1112.0,221.0,21.0,1538.0,,1703.0,123.0,750.0,41832.0,,1440.0,134.0,0.0,2391.0,5768.0,4701.0,915.0,456.0,82.0,,2150.0,591.0,1882.0,1215.0,1046.0,229.0,1431.0,101.0,1505.0,711.0,572.0,24.0,2334.0,356.0,205.0,1961.0,99.0,0.0,0.0,127.0,85.0,1878.0,,656.0,153.0,5022.0,,80.0,2964.0,193.0,1182.0,455.0,1198.0,1887.0,29.0,153.0,1755.0,8313.0,332.0,5516.0,0.0,101.0,485.0,820.0,1086.0,1489.0,10.0,7906.0,1558.0,17634.0,399.0,3405.0,,425.0,1662.0,579.0,1607.0,9594.0,5.0,343.0,731.0,0.0,70.0,4870.0,,0.0,,0.0,807.0,313.0,888.0,897.0,60.0,1123.0,4718.0,153.0,0.0,0.0,0.0,844.0,243.0,2248.0,,436.0,0.0,0.0,0.0,113.0,54.0,39.0,67.0,2289.0,1415.0,2384.0,1571.0,894.0,2140.0,65.0,
2011-39,241.0,75.0,,,,,,,,,,,,,,,,,,1.0,,,,,22.0,,2459.0,1127.0,1480.0,153.0,37.0,1939.0,3529.0,1953.0,1938.0,2156.0,147.0,1432.0,33.0,177.0,811.0,388.0,1654.0,292.0,1388.0,412.0,1796.0,34.0,231.0,,1088.0,,0.0,0.0,1531.0,9396.0,0.0,203.0,8187.0,346.0,,4406.0,260.0,386.0,204.0,1055.0,2555.0,927.0,1101.0,1264.0,270.0,206.0,3685.0,1076.0,2403.0,170.0,399.0,0.0,172.0,0.0,768.0,1188.0,60.0,,49.0,353.0,412.0,858.0,581.0,3606.0,,1594.0,1081.0,564.0,1481.0,48.0,197.0,3476.0,855.0,,,1563.0,418.0,10616.0,,749.0,,12062.0,1044.0,,,615.0,,17.0,1464.0,926.0,921.0,56.0,344.0,41.0,592.0,248.0,67.0,0.0,,6543.0,1090.0,290.0,21.0,876.0,,1589.0,143.0,868.0,44383.0,846.0,1648.0,163.0,0.0,2438.0,5639.0,4496.0,919.0,452.0,63.0,,2420.0,576.0,2251.0,1317.0,1292.0,208.0,1646.0,93.0,1347.0,810.0,663.0,21.0,2496.0,420.0,210.0,1667.0,116.0,1.0,1.0,118.0,110.0,2007.0,,689.0,157.0,5333.0,,84.0,3637.0,212.0,1063.0,536.0,1569.0,1956.0,30.0,161.0,1786.0,7744.0,357.0,5277.0,0.0,107.0,516.0,997.0,1593.0,1449.0,9.0,8130.0,1801.0,19646.0,407.0,3675.0,,582.0,1072.0,627.0,1497.0,10090.0,7.0,451.0,823.0,2.0,72.0,5113.0,,0.0,,0.0,793.0,301.0,1041.0,1219.0,67.0,1083.0,5075.0,130.0,0.0,0.0,0.0,798.0,242.0,2390.0,,373.0,0.0,0.0,0.0,159.0,68.0,78.0,57.0,2618.0,1551.0,2378.0,1576.0,899.0,2418.0,50.0,
2011-40,222.0,86.0,,,354.0,,,,,,,,847.0,,,,,,,1.0,,,,,38.0,,2942.0,1268.0,1669.0,159.0,35.0,2198.0,4167.0,2032.0,2102.0,2484.0,138.0,1619.0,27.0,155.0,820.0,374.0,1757.0,276.0,1016.0,307.0,2005.0,24.0,264.0,,1241.0,,2.0,0.0,1666.0,12006.0,0.0,244.0,9419.0,392.0,,4750.0,350.0,323.0,269.0,955.0,2921.0,911.0,1006.0,1444.0,308.0,181.0,3908.0,1182.0,2211.0,132.0,422.0,0.0,155.0,0.0,889.0,1485.0,53.0,,43.0,383.0,364.0,1001.0,597.0,4107.0,,1639.0,1034.0,598.0,1582.0,57.0,206.0,3835.0,818.0,,,1989.0,369.0,12534.0,,767.0,,11910.0,1100.0,,,577.0,,19.0,1445.0,907.0,1114.0,52.0,333.0,24.0,522.0,311.0,53.0,0.0,,7331.0,1013.0,250.0,18.0,1163.0,,1700.0,165.0,1013.0,64707.0,719.0,1897.0,168.0,0.0,2362.0,6536.0,4811.0,1206.0,536.0,78.0,,2455.0,574.0,2643.0,1281.0,1466.0,233.0,1709.0,93.0,1443.0,818.0,545.0,16.0,2277.0,332.0,222.0,1820.0,110.0,0.0,0.0,122.0,77.0,2097.0,,764.0,183.0,6004.0,474.0,82.0,4266.0,262.0,1079.0,545.0,1892.0,1836.0,41.0,158.0,2026.0,10726.0,397.0,5272.0,3.0,124.0,478.0,989.0,1859.0,1660.0,6.0,8662.0,1946.0,30936.0,394.0,4703.0,,559.0,1007.0,634.0,1946.0,12555.0,8.0,472.0,666.0,8.0,67.0,5318.0,,1.0,,0.0,868.0,331.0,1104.0,1384.0,65.0,971.0,6363.0,103.0,1.0,2.0,0.0,762.0,230.0,2372.0,,396.0,0.0,0.0,0.0,120.0,79.0,100.0,61.0,3478.0,1576.0,2520.0,1672.0,791.0,2198.0,37.0,
2011-41,246.0,93.0,,,368.0,398.0,,,,,582.0,,1029.0,,,,,,,2.0,,,,,21.0,,3036.0,1152.0,1547.0,155.0,53.0,2076.0,3984.0,1749.0,2067.0,2606.0,174.0,1770.0,47.0,189.0,997.0,396.0,1907.0,326.0,931.0,313.0,1878.0,21.0,267.0,,1259.0,,1.0,0.0,1604.0,11370.0,0.0,190.0,8623.0,371.0,,4790.0,332.0,427.0,229.0,897.0,2634.0,989.0,894.0,1326.0,304.0,187.0,3478.0,1093.0,2165.0,206.0,435.0,0.0,171.0,0.0,757.0,1290.0,59.0,1.0,57.0,361.0,370.0,935.0,647.0,4221.0,,2054.0,1029.0,580.0,1481.0,60.0,209.0,3502.0,925.0,,,1505.0,386.0,10924.0,,761.0,,11975.0,1325.0,,,584.0,,11.0,1427.0,969.0,1101.0,49.0,307.0,39.0,710.0,270.0,75.0,0.0,,6184.0,1090.0,325.0,27.0,1040.0,,1593.0,159.0,1021.0,56353.0,750.0,1915.0,200.0,0.0,2422.0,5855.0,4278.0,1084.0,555.0,74.0,,2144.0,541.0,2627.0,1528.0,1584.0,249.0,1950.0,101.0,1449.0,873.0,671.0,26.0,2325.0,352.0,242.0,1647.0,115.0,1.0,3.0,136.0,110.0,2106.0,,717.0,185.0,5841.0,611.0,106.0,4331.0,256.0,1134.0,541.0,1851.0,6001.0,37.0,179.0,2248.0,10717.0,394.0,5102.0,0.0,152.0,520.0,957.0,2095.0,1478.0,8.0,9445.0,1704.0,21915.0,432.0,3407.0,,569.0,1111.0,611.0,1482.0,12189.0,8.0,499.0,798.0,4.0,87.0,5228.0,,5.0,,0.0,828.0,386.0,1101.0,1491.0,93.0,891.0,5659.0,161.0,0.0,0.0,0.0,820.0,251.0,2578.0,,401.0,0.0,0.0,0.0,170.0,69.0,86.0,63.0,2893.0,1659.0,2357.0,1537.0,797.0,2236.0,49.0,
2011-42,211.0,82.0,,329.0,380.0,400.0,,534.0,,524.0,529.0,,1007.0,,,,1065.0,1299.0,,0.0,,,,,25.0,,2995.0,1390.0,1450.0,162.0,42.0,1888.0,4035.0,1568.0,2130.0,2976.0,146.0,1663.0,39.0,161.0,1007.0,391.0,1830.0,306.0,1025.0,415.0,1917.0,18.0,318.0,,1539.0,,0.0,0.0,1529.0,11365.0,0.0,234.0,9047.0,412.0,,4855.0,332.0,398.0,245.0,818.0,2599.0,994.0,1003.0,1398.0,316.0,240.0,3351.0,1155.0,2252.0,202.0,429.0,0.0,199.0,0.0,799.0,1156.0,70.0,1.0,50.0,288.0,379.0,1027.0,698.0,4170.0,22690.0,1962.0,1105.0,475.0,1493.0,63.0,258.0,3507.0,833.0,,,1173.0,433.0,11734.0,,831.0,,11834.0,1062.0,,,677.0,,19.0,1449.0,936.0,1176.0,76.0,276.0,28.0,535.0,261.0,80.0,0.0,,5549.0,1037.0,265.0,17.0,1251.0,,1608.0,156.0,957.0,48001.0,878.0,1664.0,178.0,0.0,2300.0,5656.0,4044.0,1139.0,508.0,88.0,,2259.0,590.0,2607.0,1428.0,1562.0,229.0,2038.0,70.0,1411.0,832.0,670.0,18.0,2468.0,391.0,228.0,1712.0,138.0,0.0,2.0,148.0,100.0,2449.0,,771.0,155.0,5670.0,547.0,113.0,4485.0,219.0,1080.0,612.0,1852.0,2194.0,16.0,142.0,2550.0,11722.0,378.0,4944.0,2.0,130.0,554.0,976.0,1898.0,1536.0,15.0,8379.0,1924.0,21734.0,385.0,2678.0,,649.0,1079.0,610.0,1610.0,11622.0,11.0,454.0,740.0,2.0,65.0,5023.0,,3.0,,0.0,807.0,311.0,1235.0,1663.0,104.0,815.0,5072.0,155.0,0.0,2.0,0.0,838.0,258.0,2473.0,,411.0,0.0,0.0,0.0,136.0,66.0,80.0,73.0,3501.0,1724.0,2388.0,1571.0,841.0,2127.0,68.0,
2011-43,252.0,76.0,460.0,410.0,381.0,386.0,,494.0,718.0,614.0,638.0,,1071.0,,,,1080.0,1417.0,,2.0,,,,,20.0,,3488.0,1410.0,1607.0,183.0,42.0,1748.0,3989.0,1764.0,2193.0,2943.0,180.0,1836.0,39.0,148.0,894.0,385.0,1869.0,349.0,982.0,375.0,1834.0,15.0,297.0,,1765.0,,1.0,0.0,1696.0,9383.0,0.0,229.0,9811.0,458.0,,5177.0,265.0,418.0,215.0,842.0,2853.0,1043.0,942.0,1586.0,301.0,236.0,3574.0,1317.0,2547.0,179.0,458.0,0.0,191.0,0.0,833.0,1196.0,88.0,0.0,65.0,342.0,413.0,1004.0,712.0,4330.0,21866.0,1962.0,1357.0,481.0,1658.0,51.0,221.0,3696.0,905.0,,,1136.0,463.0,13370.0,,780.0,2445.0,12725.0,1113.0,,,737.0,,24.0,1601.0,968.0,1119.0,70.0,354.0,25.0,631.0,260.0,64.0,0.0,,6024.0,1158.0,296.0,21.0,1266.0,,1776.0,158.0,1078.0,53895.0,931.0,1972.0,199.0,0.0,2336.0,6078.0,4077.0,1131.0,611.0,88.0,,2456.0,670.0,2438.0,1752.0,1430.0,281.0,2295.0,82.0,1378.0,889.0,691.0,24.0,2771.0,382.0,215.0,1564.0,122.0,0.0,1.0,125.0,117.0,2245.0,,742.0,158.0,6286.0,515.0,83.0,4848.0,224.0,1090.0,643.0,1546.0,1815.0,29.0,163.0,2835.0,14074.0,446.0,6548.0,0.0,165.0,524.0,969.0,1747.0,1474.0,8.0,9269.0,1789.0,21159.0,447.0,2960.0,,752.0,1041.0,673.0,1525.0,12178.0,11.0,454.0,1063.0,9.0,94.0,5892.0,,3.0,,0.0,883.0,353.0,1349.0,1947.0,85.0,886.0,5212.0,143.0,0.0,2.0,0.0,819.0,255.0,2655.0,,421.0,0.0,0.0,0.0,127.0,57.0,104.0,69.0,3143.0,1825.0,2503.0,1457.0,889.0,2315.0,67.0,
2011-44,311.0,87.0,1064.0,537.0,379.0,462.0,469.0,686.0,671.0,756.0,738.0,955.0,1262.0,,,,2011.0,1919.0,,2.0,,4484.0,,,74.0,,3872.0,1699.0,1622.0,224.0,43.0,2084.0,4434.0,2020.0,2426.0,2747.0,185.0,1863.0,53.0,208.0,1197.0,449.0,1981.0,390.0,1076.0,433.0,2121.0,16.0,319.0,7581.0,1923.0,,0.0,0.0,2074.0,9538.0,0.0,363.0,11107.0,440.0,,5578.0,279.0,479.0,271.0,1080.0,3251.0,1175.0,1009.0,1898.0,276.0,255.0,3895.0,1458.0,2676.0,182.0,408.0,0.0,173.0,0.0,826.0,1215.0,69.0,0.0,56.0,359.0,433.0,946.0,778.0,5634.0,23198.0,2124.0,1514.0,547.0,1751.0,67.0,268.0,3962.0,1011.0,,,1222.0,527.0,21637.0,,925.0,3038.0,23119.0,1278.0,,,834.0,,10.0,1642.0,1023.0,1309.0,48.0,298.0,19.0,819.0,309.0,119.0,0.0,,22281.0,1295.0,369.0,19.0,1665.0,3551.0,1912.0,203.0,1270.0,63736.0,1109.0,2110.0,162.0,0.0,2588.0,6325.0,4579.0,1246.0,514.0,84.0,,2662.0,715.0,2436.0,1895.0,1628.0,279.0,2454.0,129.0,1717.0,1103.0,759.0,31.0,2813.0,617.0,240.0,2000.0,145.0,1.0,2.0,117.0,119.0,2061.0,,779.0,177.0,7588.0,646.0,100.0,4973.0,277.0,1213.0,724.0,1805.0,2228.0,27.0,160.0,2859.0,27029.0,410.0,8236.0,1.0,160.0,596.0,1020.0,1783.0,1766.0,19.0,11335.0,1936.0,26325.0,489.0,3497.0,,726.0,1421.0,689.0,1705.0,15643.0,9.0,498.0,1278.0,5.0,74.0,7384.0,,4.0,,0.0,968.0,336.0,1612.0,2211.0,88.0,892.0,6217.0,203.0,1.0,2.0,0.0,920.0,342.0,2985.0,,332.0,0.0,0.0,0.0,168.0,96.0,117.0,68.0,3387.0,2173.0,2561.0,1628.0,988.0,2469.0,62.0,
2011-45,282.0,92.0,713.0,397.0,479.0,374.0,426.0,539.0,689.0,730.0,988.0,881.0,1154.0,1307.0,1248.0,1223.0,1094.0,1939.0,2507.0,2.0,,3037.0,,,45.0,,3651.0,1576.0,1680.0,221.0,35.0,2075.0,4690.0,2006.0,2537.0,3408.0,227.0,2105.0,45.0,163.0,1156.0,466.0,2465.0,368.0,1176.0,399.0,2439.0,12.0,368.0,9416.0,2046.0,,0.0,0.0,2306.0,11459.0,0.0,377.0,10399.0,471.0,,6267.0,294.0,409.0,289.0,915.0,3729.0,1171.0,1208.0,1879.0,305.0,289.0,4814.0,1698.0,2939.0,270.0,405.0,0.0,182.0,0.0,964.0,1452.0,84.0,0.0,51.0,366.0,425.0,1097.0,803.0,6118.0,25303.0,2238.0,1490.0,633.0,1931.0,64.0,270.0,4158.0,1014.0,,,1409.0,616.0,18611.0,,1098.0,3226.0,16543.0,1570.0,,,833.0,,16.0,1717.0,1128.0,1352.0,47.0,343.0,22.0,784.0,275.0,70.0,0.0,,9033.0,1438.0,360.0,25.0,1882.0,3294.0,2195.0,235.0,1331.0,76100.0,1068.0,2567.0,193.0,0.0,2729.0,6500.0,4541.0,1369.0,664.0,81.0,,2921.0,748.0,2393.0,2056.0,2154.0,309.0,3787.0,123.0,1922.0,1109.0,841.0,20.0,3509.0,453.0,290.0,2013.0,130.0,1.0,2.0,151.0,119.0,2505.0,,1044.0,186.0,7866.0,637.0,93.0,4787.0,313.0,1321.0,797.0,1974.0,2193.0,34.0,248.0,3019.0,20516.0,459.0,10827.0,2.0,141.0,657.0,1035.0,1545.0,1809.0,8.0,11981.0,2207.0,23914.0,571.0,3856.0,,796.0,1393.0,713.0,1947.0,15005.0,3.0,483.0,1359.0,7.0,113.0,6336.0,,1.0,,0.0,1019.0,404.0,1523.0,2268.0,125.0,999.0,6844.0,169.0,0.0,1.0,394.0,955.0,388.0,3197.0,,435.0,0.0,0.0,0.0,136.0,65.0,104.0,69.0,4099.0,2118.0,3085.0,1769.0,932.0,2663.0,55.0,
2011-46,240.0,87.0,418.0,401.0,365.0,462.0,446.0,548.0,815.0,709.0,836.0,829.0,1245.0,1415.0,1688.0,1020.0,1397.0,1597.0,2108.0,0.0,,3243.0,,,26.0,,4001.0,1573.0,1635.0,290.0,35.0,1934.0,4211.0,1975.0,2426.0,3207.0,187.0,2241.0,43.0,186.0,1080.0,464.0,2278.0,346.0,1128.0,379.0,2465.0,15.0,334.0,8478.0,2038.0,,1.0,0.0,2009.0,10719.0,0.0,268.0,10618.0,447.0,,6511.0,314.0,457.0,360.0,937.0,3742.0,1214.0,1160.0,2259.0,278.0,298.0,4655.0,1795.0,2756.0,246.0,451.0,0.0,165.0,0.0,816.0,1187.0,106.0,1.0,53.0,355.0,450.0,1042.0,824.0,5794.0,25587.0,2127.0,1437.0,584.0,1918.0,59.0,260.0,4139.0,935.0,,,1519.0,508.0,17370.0,,947.0,2807.0,16492.0,1465.0,,,931.0,,20.0,2444.0,1141.0,1420.0,40.0,371.0,21.0,725.0,210.0,97.0,0.0,,8533.0,1313.0,330.0,20.0,2274.0,3414.0,2044.0,267.0,1386.0,78493.0,1037.0,2375.0,185.0,0.0,2940.0,6384.0,4053.0,1309.0,610.0,128.0,,2875.0,722.0,2632.0,1911.0,2132.0,332.0,3222.0,113.0,2050.0,967.0,776.0,15.0,3266.0,436.0,275.0,1740.0,145.0,0.0,3.0,170.0,123.0,2505.0,,998.0,187.0,8018.0,581.0,93.0,4935.0,279.0,1202.0,651.0,1875.0,2248.0,36.0,274.0,3028.0,15515.0,489.0,10525.0,0.0,148.0,751.0,1139.0,1789.0,1949.0,11.0,12186.0,1844.0,23319.0,598.0,3824.0,,810.0,1513.0,739.0,1990.0,15435.0,7.0,513.0,1087.0,4.0,108.0,5916.0,,2.0,,0.0,1012.0,348.0,1499.0,2140.0,74.0,1059.0,6691.0,162.0,0.0,2.0,826.0,1036.0,346.0,3118.0,,408.0,0.0,0.0,0.0,229.0,100.0,104.0,81.0,3542.0,2110.0,2904.0,1910.0,1104.0,2458.0,67.0,
2011-47,259.0,96.0,380.0,446.0,405.0,392.0,403.0,561.0,847.0,636.0,647.0,874.0,1161.0,1601.0,1356.0,1144.0,1099.0,1480.0,2199.0,2.0,,2497.0,2759.0,,24.0,,3795.0,1468.0,1733.0,252.0,60.0,1972.0,4554.0,1847.0,2459.0,3999.0,186.0,1985.0,48.0,179.0,1102.0,437.0,2177.0,405.0,1154.0,456.0,2583.0,8.0,389.0,9934.0,2018.0,,0.0,0.0,2200.0,10532.0,0.0,208.0,10196.0,463.0,,6436.0,325.0,504.0,372.0,977.0,3557.0,1202.0,1180.0,2439.0,327.0,292.0,4129.0,1604.0,2788.0,269.0,441.0,0.0,182.0,0.0,804.0,1103.0,110.0,0.0,63.0,415.0,440.0,1045.0,817.0,5008.0,23199.0,2244.0,1512.0,563.0,1969.0,79.0,225.0,4367.0,1168.0,,,1597.0,576.0,15196.0,,1193.0,2615.0,16561.0,1299.0,,3937.0,811.0,,11.0,3715.0,1195.0,1558.0,78.0,414.0,50.0,867.0,250.0,102.0,0.0,,8021.0,1409.0,324.0,28.0,3731.0,3449.0,2043.0,264.0,1485.0,74233.0,960.0,1920.0,195.0,0.0,2677.0,6630.0,4099.0,1271.0,698.0,94.0,,3122.0,791.0,2453.0,2026.0,2155.0,324.0,3109.0,118.0,2114.0,1078.0,870.0,39.0,2877.0,419.0,283.0,1718.0,170.0,1.0,3.0,187.0,137.0,2495.0,,842.0,201.0,7879.0,665.0,117.0,6523.0,309.0,1272.0,868.0,1688.0,1956.0,62.0,295.0,3388.0,16083.0,489.0,8306.0,0.0,144.0,768.0,1107.0,1830.0,1804.0,15.0,11154.0,1743.0,24365.0,511.0,3511.0,,755.0,1346.0,786.0,2271.0,15997.0,7.0,564.0,1037.0,7.0,90.0,6073.0,,0.0,,0.0,1270.0,478.0,1709.0,2277.0,87.0,1111.0,6380.0,143.0,1.0,0.0,1129.0,1032.0,358.0,3258.0,,990.0,0.0,0.0,0.0,177.0,107.0,98.0,85.0,3796.0,2276.0,2725.0,1573.0,914.0,2404.0,59.0,
2011-48,204.0,102.0,408.0,430.0,506.0,402.0,411.0,501.0,812.0,676.0,644.0,1156.0,1427.0,1249.0,1335.0,1020.0,1069.0,1952.0,2162.0,2.0,2477.0,2601.0,3324.0,3398.0,27.0,,3726.0,1647.0,1634.0,243.0,41.0,1928.0,4227.0,1932.0,2503.0,4280.0,218.0,2023.0,34.0,170.0,1057.0,462.0,2134.0,319.0,1114.0,390.0,2429.0,10.0,343.0,8076.0,2029.0,,1.0,0.0,2037.0,10464.0,0.0,289.0,11244.0,479.0,,6078.0,281.0,439.0,325.0,898.0,3314.0,1192.0,1867.0,2927.0,281.0,307.0,4177.0,1618.0,2710.0,250.0,488.0,0.0,165.0,0.0,757.0,1103.0,126.0,3.0,85.0,406.0,552.0,1073.0,794.0,5057.0,23875.0,2146.0,1532.0,712.0,2033.0,56.0,273.0,4403.0,1050.0,,,1486.0,506.0,15944.0,,1210.0,3989.0,16239.0,1415.0,,5877.0,768.0,,15.0,3722.0,1109.0,1534.0,60.0,1470.0,37.0,853.0,290.0,111.0,0.0,,7671.0,1431.0,314.0,35.0,3498.0,3277.0,2004.0,219.0,1268.0,59240.0,913.0,2009.0,155.0,0.0,2676.0,6573.0,3792.0,1308.0,606.0,88.0,3745.0,3434.0,716.0,2513.0,2168.0,2095.0,332.0,3244.0,139.0,2120.0,1103.0,834.0,49.0,3682.0,478.0,279.0,1789.0,135.0,1.0,4.0,200.0,121.0,2539.0,,870.0,170.0,7541.0,1007.0,121.0,5040.0,301.0,1305.0,785.0,1560.0,2123.0,33.0,199.0,3392.0,17258.0,455.0,9484.0,1.0,138.0,694.0,1075.0,1831.0,1975.0,11.0,10792.0,1597.0,25745.0,546.0,3447.0,,791.0,1457.0,806.0,2063.0,13236.0,11.0,498.0,1246.0,5.0,74.0,6240.0,2660.0,1.0,,0.0,980.0,381.0,1645.0,2179.0,78.0,1006.0,6292.0,164.0,2.0,1.0,761.0,933.0,317.0,2979.0,407.0,1637.0,0.0,0.0,0.0,201.0,87.0,85.0,116.0,3811.0,2437.0,2859.0,1704.0,1161.0,2436.0,78.0,
2011-49,206.0,86.0,444.0,404.0,395.0,462.0,421.0,628.0,736.0,782.0,888.0,787.0,1023.0,1217.0,961.0,1300.0,1067.0,1818.0,2713.0,1.0,3434.0,2866.0,2605.0,3862.0,23.0,,3438.0,1474.0,1481.0,185.0,37.0,1635.0,3933.0,1884.0,2377.0,3524.0,175.0,1822.0,42.0,181.0,1141.0,439.0,1947.0,350.0,1079.0,370.0,2308.0,10.0,308.0,8384.0,1877.0,,0.0,0.0,1880.0,9283.0,0.0,236.0,9968.0,465.0,,4973.0,299.0,421.0,294.0,1018.0,3008.0,915.0,1489.0,2189.0,245.0,267.0,3567.0,1640.0,2591.0,216.0,425.0,0.0,152.0,0.0,604.0,877.0,110.0,1.0,71.0,306.0,439.0,933.0,823.0,4691.0,22983.0,1971.0,1395.0,910.0,2285.0,51.0,221.0,4161.0,1085.0,,,1194.0,469.0,16667.0,,1011.0,2469.0,15169.0,1224.0,,3969.0,808.0,,25.0,3462.0,1060.0,1387.0,46.0,478.0,28.0,786.0,209.0,109.0,0.0,,7452.0,1255.0,314.0,29.0,2806.0,2783.0,1870.0,189.0,1007.0,59445.0,824.0,1815.0,148.0,0.0,2313.0,6010.0,3710.0,1101.0,504.0,89.0,3109.0,2585.0,652.0,2390.0,2184.0,1782.0,308.0,2806.0,97.0,1805.0,1028.0,738.0,30.0,2817.0,324.0,298.0,1526.0,162.0,0.0,4.0,173.0,161.0,2055.0,,922.0,208.0,7332.0,657.0,92.0,4729.0,306.0,1073.0,764.0,1351.0,2120.0,24.0,204.0,3044.0,15919.0,397.0,7979.0,0.0,163.0,549.0,963.0,1566.0,1823.0,9.0,10945.0,1350.0,21568.0,504.0,3391.0,,723.0,1398.0,1340.0,1935.0,11541.0,10.0,498.0,1391.0,6.0,83.0,6231.0,2375.0,1.0,,0.0,948.0,372.0,1567.0,2051.0,90.0,851.0,5652.0,151.0,1.0,3.0,453.0,1026.0,348.0,2964.0,325.0,1440.0,0.0,0.0,0.0,155.0,116.0,73.0,71.0,3255.0,2152.0,3220.0,1930.0,1114.0,3075.0,94.0,
2011-50,228.0,102.0,451.0,426.0,425.0,374.0,392.0,651.0,832.0,660.0,899.0,729.0,1141.0,1463.0,1069.0,1076.0,1278.0,1738.0,2788.0,1.0,3188.0,2456.0,2566.0,3033.0,33.0,,3443.0,1620.0,1450.0,252.0,52.0,1682.0,3847.0,1872.0,2596.0,4430.0,199.0,2128.0,53.0,211.0,1344.0,425.0,1899.0,368.0,1041.0,449.0,2336.0,9.0,292.0,8820.0,1998.0,,0.0,0.0,1937.0,9637.0,0.0,246.0,10572.0,479.0,,5613.0,283.0,456.0,301.0,1064.0,3176.0,1001.0,1437.0,2393.0,303.0,247.0,3961.0,1621.0,2792.0,193.0,464.0,0.0,181.0,0.0,704.0,1051.0,105.0,0.0,87.0,311.0,422.0,1030.0,890.0,5223.0,22492.0,1933.0,1507.0,729.0,2134.0,57.0,266.0,4339.0,1209.0,,,1087.0,499.0,15876.0,,1078.0,2632.0,16099.0,1370.0,,3531.0,772.0,,18.0,3472.0,1056.0,1463.0,44.0,438.0,22.0,736.0,186.0,91.0,0.0,,9263.0,1361.0,360.0,27.0,3440.0,2865.0,1957.0,168.0,1029.0,56589.0,949.0,1477.0,177.0,0.0,2233.0,12083.0,4362.0,1216.0,582.0,148.0,3190.0,2508.0,719.0,2379.0,2131.0,1717.0,315.0,3100.0,116.0,2175.0,1130.0,852.0,32.0,2813.0,392.0,273.0,1474.0,153.0,1.0,2.0,193.0,125.0,2292.0,,924.0,197.0,7714.0,591.0,107.0,4900.0,317.0,1176.0,804.0,1421.0,1953.0,31.0,173.0,3121.0,18535.0,376.0,7803.0,0.0,152.0,659.0,1063.0,1533.0,2106.0,13.0,12274.0,1359.0,21277.0,438.0,3448.0,,744.0,1496.0,880.0,2115.0,12159.0,11.0,518.0,1460.0,8.0,70.0,5764.0,2697.0,1.0,,0.0,1018.0,388.0,1576.0,1935.0,86.0,1037.0,5931.0,153.0,0.0,0.0,345.0,990.0,323.0,3194.0,330.0,487.0,0.0,0.0,0.0,194.0,87.0,79.0,124.0,3426.0,2093.0,3148.0,1533.0,977.0,3515.0,69.0,
2011-51,131.0,43.0,288.0,254.0,229.0,357.0,249.0,374.0,541.0,322.0,403.0,401.0,594.0,606.0,591.0,607.0,583.0,964.0,1046.0,3.0,1135.0,1290.0,1365.0,1465.0,10.0,,1833.0,844.0,745.0,124.0,22.0,788.0,1984.0,869.0,1219.0,1746.0,119.0,1100.0,29.0,104.0,572.0,213.0,976.0,167.0,574.0,266.0,1159.0,6.0,150.0,3845.0,1214.0,111.0,0.0,0.0,903.0,3990.0,0.0,89.0,5896.0,274.0,,2885.0,135.0,241.0,155.0,539.0,1653.0,517.0,818.0,1043.0,167.0,115.0,1516.0,769.0,1527.0,131.0,211.0,0.0,96.0,0.0,445.0,690.0,41.0,0.0,34.0,198.0,234.0,482.0,476.0,2601.0,10057.0,1029.0,851.0,346.0,870.0,18.0,131.0,2475.0,513.0,,,651.0,268.0,7854.0,,503.0,1185.0,7484.0,564.0,45.0,1741.0,365.0,1188.0,14.0,2047.0,545.0,834.0,39.0,747.0,19.0,482.0,145.0,65.0,0.0,,3517.0,734.0,173.0,11.0,4991.0,1503.0,1083.0,107.0,520.0,37960.0,693.0,716.0,80.0,0.0,1097.0,2887.0,1860.0,579.0,281.0,31.0,1541.0,1176.0,371.0,875.0,1214.0,787.0,184.0,1373.0,67.0,975.0,554.0,400.0,18.0,1462.0,199.0,131.0,842.0,74.0,0.0,0.0,101.0,81.0,1068.0,,390.0,108.0,3720.0,401.0,70.0,3480.0,113.0,607.0,455.0,572.0,1030.0,13.0,90.0,1968.0,8351.0,212.0,4255.0,0.0,66.0,319.0,513.0,1143.0,1061.0,3.0,4888.0,561.0,11346.0,228.0,1599.0,,424.0,805.0,482.0,941.0,6314.0,5.0,285.0,503.0,7.0,60.0,3144.0,1443.0,0.0,,0.0,488.0,196.0,888.0,1121.0,43.0,462.0,3181.0,75.0,0.0,1.0,147.0,531.0,245.0,2440.0,190.0,228.0,0.0,0.0,0.0,72.0,34.0,35.0,71.0,1733.0,1191.0,1214.0,764.0,501.0,1275.0,35.0,
2011-52,252.0,106.0,370.0,388.0,421.0,458.0,433.0,614.0,1007.0,689.0,700.0,754.0,1088.0,1244.0,1567.0,1195.0,1206.0,1618.0,2334.0,0.0,2614.0,2960.0,3529.0,3218.0,30.0,,4031.0,1862.0,1167.0,175.0,19.0,1997.0,3323.0,1639.0,2420.0,2499.0,194.0,2530.0,72.0,275.0,1306.0,336.0,1809.0,349.0,1456.0,548.0,1410.0,8.0,253.0,6406.0,2453.0,233.0,0.0,0.0,1527.0,4437.0,2.0,240.0,11155.0,360.0,2277.0,3718.0,235.0,301.0,163.0,1034.0,2421.0,709.0,1194.0,1068.0,233.0,201.0,2079.0,814.0,2357.0,219.0,327.0,0.0,150.0,0.0,607.0,807.0,50.0,0.0,40.0,253.0,302.0,579.0,849.0,3870.0,17109.0,1514.0,1585.0,457.0,1266.0,28.0,171.0,6398.0,884.0,,,947.0,450.0,11882.0,,739.0,2768.0,13604.0,766.0,60.0,2684.0,786.0,1209.0,7.0,3086.0,916.0,2011.0,75.0,605.0,39.0,804.0,318.0,78.0,0.0,,7152.0,1048.0,204.0,28.0,1855.0,2631.0,1563.0,129.0,823.0,59322.0,1218.0,1270.0,117.0,0.0,2091.0,4924.0,3073.0,931.0,450.0,95.0,2790.0,2446.0,706.0,924.0,2294.0,942.0,200.0,1517.0,102.0,1132.0,1168.0,605.0,15.0,3522.0,450.0,177.0,1908.0,85.0,1.0,0.0,132.0,138.0,1763.0,,705.0,547.0,6293.0,534.0,95.0,6952.0,181.0,868.0,877.0,673.0,1266.0,46.0,285.0,3950.0,12893.0,368.0,4962.0,0.0,68.0,348.0,727.0,2048.0,927.0,10.0,8956.0,783.0,23864.0,419.0,2108.0,,601.0,1161.0,921.0,1238.0,11250.0,10.0,605.0,1090.0,4.0,89.0,6024.0,2669.0,1.0,,0.0,865.0,391.0,1558.0,2111.0,54.0,791.0,5130.0,110.0,0.0,1.0,142.0,541.0,391.0,3967.0,313.0,376.0,0.0,0.0,0.0,115.0,48.0,62.0,90.0,2911.0,2894.0,2542.0,1614.0,785.0,2342.0,72.0,
2011-53,0.0,0.0,0.0,0.0,0.0,0.0,0.0,0.0,0.0,0.0,0.0,0.0,0.0,0.0,0.0,0.0,0.0,0.0,0.0,0.0,0.0,0.0,0.0,0.0,0.0,,0.0,0.0,0.0,0.0,0.0,0.0,0.0,0.0,0.0,0.0,0.0,0.0,0.0,0.0,0.0,0.0,0.0,0.0,0.0,0.0,0.0,0.0,0.0,0.0,0.0,0.0,0.0,0.0,0.0,0.0,0.0,0.0,0.0,0.0,0.0,0.0,0.0,0.0,0.0,0.0,0.0,0.0,0.0,0.0,0.0,0.0,0.0,0.0,0.0,0.0,0.0,0.0,0.0,0.0,0.0,0.0,0.0,0.0,0.0,0.0,0.0,0.0,0.0,0.0,0.0,0.0,0.0,0.0,0.0,0.0,0.0,0.0,0.0,,,0.0,0.0,0.0,,0.0,0.0,0.0,0.0,0.0,0.0,0.0,0.0,0.0,0.0,0.0,0.0,0.0,0.0,0.0,0.0,0.0,0.0,0.0,,0.0,0.0,0.0,0.0,0.0,0.0,0.0,0.0,0.0,0.0,0.0,0.0,0.0,0.0,0.0,0.0,0.0,0.0,0.0,0.0,0.0,0.0,0.0,0.0,0.0,0.0,0.0,0.0,0.0,0.0,0.0,0.0,0.0,0.0,0.0,0.0,0.0,0.0,0.0,0.0,0.0,0.0,0.0,,0.0,0.0,0.0,0.0,0.0,0.0,0.0,0.0,0.0,0.0,0.0,0.0,0.0,0.0,0.0,0.0,0.0,0.0,0.0,0.0,0.0,0.0,0.0,0.0,0.0,0.0,0.0,0.0,0.0,,0.0,0.0,0.0,0.0,0.0,0.0,0.0,0.0,0.0,0.0,0.0,0.0,0.0,,0.0,0.0,0.0,0.0,0.0,0.0,0.0,0.0,0.0,0.0,0.0,0.0,0.0,0.0,0.0,0.0,0.0,0.0,0.0,0.0,0.0,0.0,0.0,0.0,0.0,0.0,0.0,0.0,0.0,0.0,0.0,
