Week,1948,1950-1959,1957,1958,1960-1969,1968,1970-1979,1994,1997,1999,2000,2002,2003,2004,2005,2006,2007,20e_eeuw,AIDS,Aandoening,Acetylsalicylzuur,Afrika,Afweer,Aids,Amantadine,Aminozuur,Antibioticum,Antigene_drift,Antigene_shift,Antistof,Arts,Aspirine,Astma,Aves,Aviaire_influenza,Aziatische_griep,Azië,B-cel,Bacterie,Bacteriën,Basalecelcarcinoom,Beenmerg,Beenmergtransplantatie,België,Bestraling,Bevalling,Bindweefsel,Biologie,Bloed,Bloed-hersenbarrière,Bloedarmoede,Bloedplaatje,Bof,Bronchitis,Buikgriep,COPD,Cel_(biologie),Celmembraan,Chemotherapie,Chirurgie,Chordadieren,Chromosoom,Conserveermiddel,Coronavirus,Coronavirussen,Creative_Commons,Cytoplasma,Cytosol,Cytostaticum,Desoxyribonucleïnezuur,Diabetes_mellitus,Diarree,Dierenrijk,Dierproef,Dizuurstof,Dood,Dopamine,Drop,Duitsland,Eerste_Wereldoorlog,Eetlust,Eiwitmantel,Emfyseem,Endemie_(geneeskunde),Engeland,Engels,Enzym,Epidemie,Eten,Ethylkwik,Eukaryoten,Europa_(werelddeel),Ex_vivo,Fagocytose,Frankrijk,Fruitvlieg,Gen,Geneeskunde,Geneesmiddel,Genetica,Genoom,Geslacht_(biologie),Giftigheid,Grieks,Griep,Griepprik,H1N1,H2N2,H3N2,H5N1,H5N2,H7N7,H7N9,Hart,Hart-_en_vaatziekten,Hartaandoening,Hartinfarct,Hemagglutinine,Hematologie,Hemoglobine,Hersenen,Hersenvliesontsteking,Hiv,Hoest,Hoesten,Hong_Kong_griep,Honger,Hongkong,Hongkonggriep,Hoofdpijn,Huid,Immuniteit,Immuniteit_(grondstuk),Immunoglobuline,Immunologie,Immuundeficiëntie,Immuunsuppressiva,Immuunsuppressivum,Immuunsysteem,In_silico,In_vitro,In_vivo,India,Inenting,Infectie,Infectieziekte,Influenza,Influenzavirus_A,Ion_(deeltje),Italië,Japan,Kanker,Keel_(anatomie),Keelpijn,Koolstof,Koorts,Koude_rilling,Koude_rillingen,LD50,Latijn,Leukemie,Lever,Lichaamstemperatuur,Long_(orgaan),Longaandoening,Longemfyseem,Longontsteking,Lymfeklier,Lymfeklierkanker,Lymfoom,Maag,Maag-darmstelsel,Macrofaag,Malaria,Meiose,Mens,Messenger_RNA,Mexicaanse_griep,Mexico_(land),Micro-organisme,Middellandse_Zeegebied,Molecuul,Morbiditeitsgraad,Mortaliteit,Mutant,Mutatie,Mutatie_(biologie),Nederland,Neuraminidase,Nier_(biologie),Ontsteking_(geneeskunde),Open_access,Oraal,Orgaan,Organisme,Orthomyxovirus,Oseltamivir,Palmitoylethanolamide,Pandemie,Parasiet,Pathogeen,Peptide,Pest_(ziekte),Pijn,Planten,Pokken,Polio,Polyploïdie,Proefdier,Proteïne,Pulmonologie,RNA-polymerase,RNA-virus,Radiotherapie,Recombinatie_(genetica),Resistentie,Rhinovirus,Ribonucleïnezuur,Rinovirus,Rode_bloedcel,Roken_(tabak),Rooms-Katholieke_Kerk,Rusland,SARS,Salicylaat,Schimmels,Slijm,Slijmvlies,Soort,Spaanse_griep,Spanje,Spier_(anatomie),Spierpijn,Stamceltransplantatie,Steenpuist,Sterfte,Sterftecijfer,Stikstof_(element),Stofwisseling,Structuurformule,Symptoom,Tamiflu,Temperatuur,Turkije,Tweede_Wereldoorlog,Urine,Vaccin,Vaccinatie,Varkensgriep,Verenigd_Koninkrijk,Verenigde_Naties,Verenigde_Staten,Verkoudheid,Virus_(biologie),Virusinfectie,Vlaams,Vlaanderen,Vogelgriep,Vogelpest,Vogels,Volksrepubliek_China,Vrije_kennis,Water,Waterpokken,Waterstof_(element),Weefsel_(biologie),Wereldgezondheidsorganisatie,Witte_bloedcel,Ziekte,Ziekte_van_Parkinson,Zoogdieren,Zuurstof_(element),Zwangerschap,Zweden
2019-01,,,,,,,,,,,,,,,,,,693.0,,113.0,1296.0,,179.0,,,1515.0,763.0,31.0,36.0,57.0,,,,,11.0,57.0,1663.0,301.0,142.0,1200.0,5.0,520.0,24.0,,13.0,440.0,716.0,,492.0,200.0,661.0,411.0,,,1390.0,,0.0,392.0,417.0,228.0,701.0,1497.0,114.0,,141.0,,221.0,,11.0,1659.0,,474.0,835.0,139.0,367.0,,,,,5968.0,7.0,26.0,394.0,0.0,,,835.0,,,5.0,739.0,0.0,,307.0,3689.0,10.0,,371.0,586.0,,706.0,0.0,100.0,492.0,1291.0,134.0,,,,,,,,,60.0,3.0,697.0,52.0,287.0,,702.0,1776.0,,144.0,8.0,1.0,138.0,,65.0,196.0,701.0,112.0,0.0,,187.0,175.0,2.0,131.0,729.0,,,,,213.0,482.0,172.0,,,0.0,3146.0,,,0.0,124.0,841.0,1108.0,298.0,52.0,,1012.0,752.0,,600.0,0.0,1.0,40.0,1606.0,899.0,289.0,23.0,561.0,646.0,461.0,,479.0,,,601.0,0.0,300.0,176.0,428.0,66.0,139.0,,190.0,0.0,,,0.0,0.0,,,406.0,352.0,,,,,498.0,308.0,,0.0,306.0,489.0,,,67.0,2.0,1097.0,58.0,164.0,91.0,231.0,0.0,11.0,,544.0,,527.0,0.0,1331.0,,,7.0,797.0,148.0,288.0,385.0,896.0,2822.0,0.0,143.0,167.0,555.0,11.0,159.0,0.0,858.0,218.0,174.0,,742.0,2888.0,5628.0,,,47.0,167.0,,,6586.0,1046.0,0.0,9.0,,,7.0,105.0,,2584.0,54.0,,1183.0,0.0,0.0,262.0,915.0,339.0,1874.0,1083.0,0.0,629.0,
2019-02,,547.0,,,,,731.0,,,,,,,,,,,1296.0,,202.0,2005.0,,326.0,,,2400.0,976.0,28.0,38.0,78.0,,,,,11.0,59.0,2519.0,424.0,208.0,2693.0,5.0,822.0,24.0,,6.0,624.0,1032.0,,845.0,335.0,1035.0,711.0,,,1318.0,,0.0,806.0,495.0,401.0,1028.0,2299.0,238.0,,175.0,,403.0,,9.0,2303.0,,523.0,1477.0,226.0,667.0,,,,,10241.0,14.0,52.0,535.0,0.0,,,1675.0,,,12.0,1244.0,0.0,,512.0,5524.0,18.0,,929.0,960.0,,650.0,0.0,174.0,859.0,1530.0,121.0,,,,,,,,,174.0,7.0,1011.0,55.0,360.0,,1144.0,1962.0,,181.0,9.0,0.0,168.0,,91.0,234.0,1237.0,85.0,0.0,,286.0,204.0,6.0,157.0,1293.0,,,,,396.0,753.0,339.0,,,0.0,5060.0,,,0.0,124.0,1563.0,1480.0,322.0,61.0,,1396.0,1013.0,,1065.0,0.0,0.0,37.0,2140.0,1399.0,394.0,27.0,929.0,868.0,704.0,,1030.0,,,577.0,0.0,662.0,307.0,1035.0,73.0,164.0,89.0,409.0,0.0,,,0.0,0.0,,,735.0,691.0,,,,,734.0,469.0,,0.0,452.0,986.0,,,124.0,7.0,1623.0,80.0,281.0,109.0,359.0,0.0,40.0,,684.0,,1025.0,0.0,2141.0,,,10.0,1643.0,237.0,418.0,586.0,869.0,4652.0,0.0,206.0,223.0,612.0,17.0,240.0,0.0,1175.0,420.0,237.0,,760.0,4538.0,9091.0,,,32.0,151.0,,,9540.0,1094.0,0.0,4.0,,,21.0,154.0,,2975.0,56.0,,1259.0,0.0,0.0,547.0,1540.0,498.0,1864.0,2100.0,0.0,911.0,
2019-03,,489.0,,,,,663.0,,,,,,,,,,,1395.0,,233.0,1762.0,3440.0,332.0,,,2551.0,958.0,36.0,51.0,52.0,,,,,9.0,73.0,2786.0,445.0,227.0,3048.0,6.0,841.0,19.0,,12.0,652.0,1187.0,,970.0,321.0,1168.0,808.0,,,1376.0,,0.0,809.0,582.0,399.0,1079.0,2321.0,267.0,,160.0,,344.0,,12.0,2100.0,,532.0,1580.0,218.0,845.0,,,,,11724.0,19.0,54.0,628.0,0.0,,,1670.0,,,16.0,1379.0,0.0,,494.0,5894.0,16.0,,547.0,956.0,,622.0,0.0,190.0,879.0,1415.0,96.0,,,,,,,,,181.0,4.0,1064.0,46.0,349.0,,1182.0,1903.0,,179.0,19.0,0.0,188.0,,64.0,242.0,1299.0,110.0,0.0,,302.0,170.0,6.0,150.0,1466.0,,,,,367.0,725.0,321.0,,,0.0,5507.0,,,0.0,102.0,1720.0,1521.0,507.0,78.0,,1564.0,1071.0,,835.0,0.0,2.0,46.0,2148.0,1330.0,363.0,29.0,969.0,949.0,868.0,,1088.0,,,440.0,0.0,691.0,275.0,1441.0,53.0,160.0,78.0,363.0,0.0,,,0.0,0.0,,,774.0,670.0,,,,,724.0,496.0,,0.0,449.0,943.0,,77.0,139.0,5.0,1799.0,89.0,345.0,105.0,351.0,0.0,43.0,,702.0,,1064.0,0.0,2142.0,,,6.0,1601.0,215.0,427.0,581.0,814.0,4906.0,0.0,242.0,238.0,715.0,21.0,287.0,0.0,1205.0,472.0,241.0,,931.0,4807.0,10493.0,,,57.0,132.0,,,9432.0,1071.0,0.0,4.0,,,9.0,154.0,,2862.0,87.0,,1247.0,0.0,0.0,495.0,1628.0,513.0,1922.0,2037.0,0.0,896.0,
2019-04,,483.0,,,,,734.0,,,,,,,,,,,1257.0,,213.0,1913.0,3220.0,282.0,,,2452.0,928.0,50.0,69.0,64.0,,,,,10.0,90.0,2465.0,471.0,206.0,2872.0,7.0,837.0,8.0,,9.0,647.0,1090.0,,838.0,295.0,964.0,805.0,,,1487.0,,0.0,675.0,501.0,817.0,1237.0,2134.0,230.0,,182.0,,392.0,,8.0,1779.0,,554.0,1556.0,237.0,683.0,,,,,11161.0,20.0,44.0,621.0,0.0,,,1748.0,,,28.0,1881.0,0.0,,550.0,5583.0,17.0,,556.0,954.0,,658.0,0.0,184.0,823.0,1584.0,149.0,,,,,,,,,174.0,6.0,945.0,49.0,380.0,,1094.0,2016.0,,187.0,14.0,0.0,160.0,,56.0,235.0,1175.0,82.0,0.0,,306.0,186.0,2.0,174.0,1136.0,,,,,381.0,675.0,292.0,,,0.0,5127.0,,,0.0,140.0,1765.0,1642.0,405.0,76.0,,1570.0,1112.0,,684.0,0.0,2.0,45.0,2162.0,1071.0,288.0,34.0,896.0,985.0,704.0,,1089.0,,,416.0,0.0,719.0,268.0,973.0,47.0,185.0,86.0,333.0,0.0,,,0.0,0.0,,,725.0,637.0,,,,,772.0,513.0,,0.0,420.0,1023.0,,46.0,152.0,7.0,1714.0,84.0,311.0,110.0,333.0,0.0,28.0,,697.0,,1010.0,0.0,2018.0,,,6.0,1794.0,180.0,421.0,691.0,877.0,4723.0,0.0,212.0,222.0,630.0,18.0,226.0,0.0,1205.0,480.0,248.0,,903.0,5479.0,10451.0,,,58.0,129.0,,,9165.0,1186.0,0.0,7.0,,,33.0,185.0,,2943.0,156.0,,1445.0,0.0,0.0,442.0,1429.0,459.0,2005.0,1944.0,0.0,857.0,
2019-05,,482.0,,,,,725.0,,,,,,,,,,,1142.0,,157.0,1975.0,3010.0,249.0,,,2013.0,987.0,34.0,57.0,43.0,,,,,19.0,102.0,2509.0,420.0,211.0,2728.0,9.0,699.0,13.0,,10.0,600.0,1024.0,,978.0,291.0,930.0,660.0,,,1552.0,,0.0,481.0,462.0,461.0,1158.0,1885.0,236.0,,196.0,,329.0,,6.0,1647.0,,525.0,1519.0,253.0,546.0,,,,,9794.0,34.0,52.0,523.0,0.0,,,1483.0,,,18.0,2329.0,0.0,,368.0,5520.0,15.0,,526.0,938.0,,531.0,0.0,174.0,749.0,2106.0,128.0,,,,,,,,,202.0,6.0,963.0,66.0,386.0,,1062.0,1932.0,,197.0,7.0,0.0,175.0,,119.0,272.0,1134.0,74.0,0.0,,249.0,172.0,1.0,151.0,1060.0,,,,,328.0,651.0,320.0,,,0.0,5499.0,,,0.0,132.0,1486.0,1766.0,365.0,94.0,,1533.0,1067.0,,642.0,0.0,1.0,52.0,2222.0,993.0,332.0,33.0,832.0,858.0,572.0,,975.0,,,1842.0,0.0,726.0,251.0,890.0,36.0,163.0,74.0,316.0,0.0,,,0.0,0.0,,,731.0,662.0,,,,,689.0,412.0,,0.0,363.0,1098.0,,60.0,103.0,4.0,1574.0,111.0,178.0,116.0,298.0,0.0,33.0,,552.0,,909.0,0.0,1934.0,,,8.0,1826.0,207.0,396.0,628.0,1833.0,4892.0,0.0,215.0,195.0,645.0,15.0,200.0,0.0,1067.0,360.0,214.0,,901.0,4581.0,9454.0,619.0,,47.0,893.0,,,9383.0,1152.0,0.0,4.0,,,32.0,228.0,,2814.0,52.0,,1514.0,0.0,0.0,407.0,1369.0,446.0,1950.0,2063.0,0.0,788.0,
2019-06,,521.0,,,,,769.0,,,,,,,,,,,1113.0,,151.0,1942.0,2850.0,320.0,,,1925.0,1102.0,64.0,74.0,64.0,,,,,21.0,128.0,2312.0,378.0,210.0,3102.0,7.0,680.0,15.0,,10.0,549.0,934.0,,755.0,264.0,969.0,667.0,,,1627.0,,0.0,490.0,459.0,389.0,1156.0,1816.0,203.0,,152.0,,272.0,,9.0,1585.0,,557.0,1497.0,261.0,648.0,,,,,9081.0,22.0,22.0,637.0,0.0,,,1411.0,,,13.0,1312.0,0.0,,326.0,5417.0,17.0,,565.0,946.0,,445.0,0.0,208.0,720.0,2398.0,96.0,,,,,,,,,182.0,5.0,947.0,54.0,405.0,,1028.0,3017.0,,222.0,9.0,0.0,180.0,,80.0,279.0,1193.0,65.0,0.0,,277.0,138.0,2.0,140.0,1118.0,,,,,345.0,883.0,285.0,,,0.0,5216.0,,,0.0,141.0,1584.0,1848.0,381.0,113.0,,1348.0,1176.0,,709.0,0.0,0.0,51.0,2410.0,953.0,356.0,25.0,944.0,915.0,658.0,,686.0,,,1495.0,0.0,717.0,199.0,771.0,60.0,198.0,73.0,321.0,0.0,,,0.0,0.0,,,685.0,703.0,,,,,676.0,464.0,,0.0,345.0,922.0,,66.0,65.0,6.0,1383.0,90.0,103.0,98.0,321.0,0.0,32.0,,469.0,,807.0,0.0,1755.0,,,5.0,1567.0,176.0,345.0,648.0,1250.0,4830.0,0.0,213.0,181.0,615.0,12.0,257.0,0.0,1010.0,349.0,190.0,,720.0,4582.0,8978.0,650.0,,42.0,578.0,,,9034.0,1317.0,0.0,6.0,456.0,,21.0,169.0,,2988.0,57.0,,1587.0,0.0,0.0,445.0,1384.0,483.0,1818.0,2059.0,0.0,774.0,
2019-07,,584.0,,,,,736.0,,,,,,,,,,,958.0,,181.0,2100.0,2939.0,285.0,,,1728.0,939.0,24.0,29.0,49.0,,,,,11.0,83.0,2192.0,362.0,169.0,2723.0,6.0,566.0,9.0,,10.0,491.0,903.0,,703.0,240.0,839.0,636.0,,,1487.0,,0.0,554.0,471.0,381.0,1097.0,1951.0,208.0,,175.0,,268.0,,6.0,1824.0,,504.0,1334.0,268.0,635.0,1020.0,,,,7782.0,19.0,25.0,814.0,0.0,,,1226.0,,,11.0,1019.0,0.0,,309.0,4821.0,14.0,,489.0,812.0,,432.0,0.0,155.0,745.0,1983.0,122.0,,,,,,,,,184.0,5.0,885.0,54.0,331.0,,922.0,2824.0,,199.0,8.0,0.0,157.0,,59.0,382.0,1022.0,58.0,0.0,,242.0,169.0,3.0,131.0,936.0,,,,,459.0,652.0,325.0,,,0.0,4689.0,,,0.0,117.0,1512.0,1682.0,310.0,90.0,,1253.0,882.0,1343.0,597.0,0.0,3.0,43.0,2038.0,892.0,301.0,29.0,892.0,748.0,512.0,,656.0,,,1053.0,0.0,612.0,204.0,726.0,43.0,133.0,70.0,305.0,0.0,,44.0,0.0,0.0,,,638.0,577.0,,,,,604.0,421.0,,0.0,324.0,852.0,,56.0,56.0,8.0,1391.0,85.0,104.0,77.0,259.0,0.0,41.0,,469.0,,710.0,0.0,1879.0,,,9.0,1443.0,222.0,339.0,558.0,812.0,4743.0,0.0,211.0,166.0,617.0,14.0,170.0,0.0,949.0,310.0,222.0,,657.0,4159.0,8330.0,534.0,,49.0,225.0,,,7797.0,1103.0,0.0,9.0,351.0,,14.0,127.0,,2423.0,48.0,,1562.0,0.0,0.0,457.0,1213.0,395.0,1663.0,1696.0,0.0,766.0,
2019-08,,459.0,,,,,722.0,,,,,,,,,,,1011.0,,175.0,1974.0,2564.0,324.0,,,1741.0,934.0,69.0,78.0,36.0,,,,,9.0,100.0,2184.0,400.0,179.0,2392.0,6.0,587.0,21.0,,10.0,493.0,782.0,,713.0,202.0,990.0,599.0,,,1594.0,,0.0,414.0,378.0,384.0,1050.0,1598.0,224.0,,149.0,,246.0,,3.0,1629.0,,549.0,1298.0,203.0,496.0,1111.0,,,,8095.0,18.0,35.0,506.0,0.0,,,1155.0,,,23.0,948.0,0.0,,295.0,4637.0,16.0,,590.0,826.0,,581.0,0.0,139.0,686.0,1876.0,166.0,,,,,,,,,121.0,6.0,852.0,73.0,351.0,,962.0,2575.0,,190.0,21.0,0.0,191.0,,114.0,248.0,1088.0,74.0,0.0,,277.0,180.0,1.0,126.0,1049.0,,,,,331.0,648.0,250.0,,,0.0,4511.0,,,0.0,121.0,1374.0,1686.0,350.0,88.0,,1356.0,878.0,1367.0,523.0,0.0,3.0,43.0,2265.0,998.0,330.0,37.0,871.0,775.0,517.0,,711.0,,,850.0,0.0,571.0,222.0,718.0,40.0,128.0,77.0,284.0,0.0,,47.0,0.0,0.0,,,595.0,536.0,,,,,686.0,421.0,,0.0,280.0,830.0,,69.0,50.0,6.0,1342.0,98.0,121.0,103.0,259.0,0.0,38.0,,482.0,,707.0,0.0,1984.0,,,14.0,1170.0,187.0,362.0,568.0,930.0,4262.0,0.0,202.0,198.0,762.0,20.0,177.0,0.0,943.0,356.0,209.0,,587.0,3886.0,8484.0,548.0,,43.0,182.0,,,8777.0,1083.0,0.0,6.0,406.0,,16.0,153.0,,2488.0,47.0,,1703.0,0.0,0.0,431.0,1208.0,408.0,1903.0,1719.0,0.0,807.0,
2019-09,,380.0,,,,,539.0,,,,,,,,,,,794.0,,109.0,1216.0,2029.0,163.0,1833.0,,1342.0,671.0,19.0,13.0,34.0,,,,,13.0,63.0,1622.0,232.0,118.0,1857.0,14.0,423.0,13.0,,10.0,403.0,622.0,,484.0,207.0,688.0,481.0,,,1157.0,,0.0,283.0,306.0,332.0,790.0,1154.0,171.0,,124.0,,151.0,58.0,7.0,1175.0,,435.0,1091.0,177.0,353.0,1025.0,,,,6332.0,8.0,12.0,371.0,0.0,,,799.0,,,13.0,694.0,0.0,,207.0,4175.0,10.0,,381.0,581.0,,339.0,0.0,113.0,537.0,1260.0,40.0,,,,,,,,,92.0,7.0,698.0,31.0,294.0,,717.0,1790.0,,149.0,8.0,0.0,122.0,1895.0,48.0,246.0,801.0,51.0,0.0,,149.0,122.0,3.0,110.0,669.0,,,,,258.0,510.0,238.0,,,0.0,3654.0,,,0.0,100.0,976.0,1219.0,232.0,43.0,,932.0,740.0,1199.0,405.0,0.0,0.0,37.0,1744.0,726.0,265.0,13.0,574.0,671.0,340.0,,407.0,,,581.0,0.0,449.0,214.0,532.0,28.0,113.0,55.0,206.0,0.0,,31.0,0.0,0.0,,,408.0,427.0,,,,,541.0,298.0,,0.0,260.0,692.0,,49.0,72.0,5.0,1027.0,67.0,81.0,70.0,236.0,0.0,18.0,,331.0,,547.0,0.0,1432.0,,,4.0,984.0,135.0,272.0,406.0,611.0,3425.0,0.0,208.0,135.0,554.0,10.0,113.0,0.0,757.0,262.0,150.0,,592.0,3149.0,6382.0,434.0,,29.0,88.0,,,6042.0,742.0,0.0,3.0,354.0,,5.0,97.0,,2102.0,33.0,,1317.0,0.0,0.0,415.0,897.0,302.0,1353.0,1256.0,0.0,590.0,
2019-10,,272.0,,,,,449.0,,,,,,,,,,,696.0,,96.0,1137.0,1805.0,193.0,1851.0,,1258.0,613.0,8.0,15.0,41.0,,,,,7.0,58.0,1343.0,273.0,122.0,1578.0,4.0,571.0,12.0,,6.0,340.0,567.0,,495.0,159.0,687.0,475.0,,,1019.0,,0.0,288.0,355.0,322.0,947.0,1138.0,115.0,,111.0,,145.0,55.0,5.0,975.0,,368.0,1067.0,184.0,358.0,896.0,,,,5366.0,10.0,29.0,303.0,0.0,,,693.0,,,13.0,649.0,0.0,,241.0,3398.0,17.0,,339.0,576.0,,294.0,0.0,107.0,482.0,946.0,61.0,,,,,,,,,94.0,13.0,713.0,30.0,513.0,,703.0,1583.0,,136.0,4.0,0.0,117.0,1756.0,49.0,193.0,692.0,36.0,0.0,,151.0,99.0,4.0,99.0,659.0,,,,,260.0,461.0,159.0,,,0.0,3245.0,,,0.0,104.0,833.0,1048.0,259.0,46.0,,893.0,763.0,1115.0,351.0,0.0,0.0,21.0,1532.0,721.0,207.0,16.0,547.0,599.0,343.0,,366.0,,,376.0,0.0,345.0,152.0,483.0,54.0,109.0,51.0,202.0,0.0,,40.0,0.0,0.0,,,424.0,7406.0,,,,,575.0,256.0,,0.0,249.0,720.0,,47.0,54.0,5.0,1132.0,39.0,85.0,70.0,218.0,0.0,17.0,,289.0,,511.0,0.0,1164.0,,,8.0,944.0,158.0,253.0,408.0,523.0,3632.0,0.0,132.0,442.0,516.0,11.0,127.0,0.0,646.0,205.0,156.0,,399.0,2687.0,6256.0,326.0,,29.0,65.0,,,5843.0,649.0,0.0,5.0,293.0,,7.0,108.0,,1770.0,36.0,,1092.0,0.0,0.0,303.0,839.0,257.0,1255.0,1166.0,0.0,525.0,
2019-11,,354.0,,,,,552.0,,,,,,,,,,,1170.0,,170.0,1343.0,2629.0,296.0,1914.0,,1603.0,793.0,13.0,19.0,44.0,,,,,15.0,60.0,1929.0,373.0,143.0,2359.0,3.0,596.0,12.0,,13.0,471.0,721.0,,745.0,189.0,982.0,703.0,,,1283.0,,0.0,373.0,369.0,425.0,1185.0,1562.0,179.0,,153.0,,153.0,66.0,5.0,1302.0,,402.0,1411.0,281.0,505.0,1042.0,,,,8397.0,15.0,29.0,376.0,0.0,,,1017.0,,,8.0,906.0,0.0,,380.0,4669.0,18.0,,425.0,708.0,,381.0,0.0,148.0,620.0,1104.0,52.0,,,,,,,,,125.0,1.0,890.0,49.0,586.0,,945.0,1731.0,,141.0,7.0,0.0,133.0,1946.0,47.0,219.0,1003.0,75.0,0.0,,219.0,151.0,2.0,116.0,926.0,,,,,378.0,666.0,290.0,,,0.0,4642.0,,,0.0,138.0,1352.0,1387.0,282.0,64.0,,1053.0,798.0,1495.0,462.0,0.0,0.0,30.0,1915.0,862.0,240.0,19.0,771.0,777.0,478.0,,558.0,,,488.0,0.0,602.0,223.0,665.0,41.0,112.0,62.0,296.0,0.0,,39.0,0.0,0.0,,,601.0,1377.0,,,,,649.0,403.0,,0.0,341.0,864.0,,54.0,102.0,4.0,1271.0,67.0,107.0,78.0,244.0,0.0,27.0,,387.0,,758.0,0.0,1528.0,,491.0,12.0,1256.0,171.0,312.0,591.0,667.0,4450.0,0.0,207.0,178.0,607.0,7.0,199.0,0.0,954.0,365.0,184.0,,638.0,4602.0,9385.0,608.0,,32.0,47.0,,,6961.0,733.0,0.0,8.0,343.0,,8.0,118.0,,2263.0,42.0,,1254.0,0.0,0.0,563.0,1197.0,405.0,1603.0,1729.0,0.0,703.0,
2019-12,,515.0,,,,,617.0,,,,,,,,,,,891.0,,123.0,1177.0,2416.0,246.0,1395.0,,1287.0,616.0,16.0,6.0,29.0,,,,,6.0,40.0,1599.0,323.0,135.0,1717.0,5.0,485.0,9.0,,9.0,385.0,553.0,,486.0,168.0,794.0,577.0,,,884.0,,0.0,323.0,283.0,307.0,820.0,1384.0,126.0,,79.0,,134.0,52.0,2.0,1008.0,,383.0,1018.0,165.0,382.0,865.0,,,,6325.0,9.0,26.0,291.0,0.0,,,823.0,,,5.0,713.0,0.0,,253.0,3740.0,15.0,,321.0,644.0,,354.0,0.0,108.0,544.0,646.0,48.0,,,,,,,,,132.0,3.0,761.0,35.0,294.0,,761.0,1563.0,,128.0,8.0,0.0,112.0,1909.0,38.0,181.0,819.0,39.0,0.0,,185.0,113.0,0.0,106.0,830.0,,,,,351.0,530.0,172.0,,,0.0,3311.0,,,0.0,105.0,982.0,938.0,272.0,34.0,,941.0,736.0,1134.0,384.0,0.0,1.0,31.0,1346.0,739.0,332.0,20.0,672.0,618.0,394.0,,431.0,,,330.0,0.0,373.0,158.0,519.0,38.0,85.0,54.0,224.0,0.0,,31.0,0.0,0.0,,,443.0,469.0,,,,,497.0,289.0,,0.0,233.0,741.0,,35.0,79.0,6.0,929.0,50.0,112.0,38.0,195.0,0.0,34.0,,335.0,,711.0,0.0,1252.0,,184.0,1.0,952.0,130.0,246.0,497.0,573.0,3373.0,0.0,198.0,145.0,689.0,9.0,112.0,0.0,722.0,280.0,173.0,,422.0,3571.0,7234.0,428.0,,27.0,67.0,,,5355.0,561.0,0.0,2.0,269.0,,21.0,99.0,,2044.0,44.0,,1526.0,0.0,0.0,319.0,928.0,296.0,1282.0,1501.0,0.0,592.0,
2019-13,,521.0,,,,,771.0,,,,,,,,,,,1212.0,,157.0,1589.0,2589.0,338.0,1722.0,,1695.0,936.0,28.0,27.0,64.0,,,,,13.0,80.0,1928.0,426.0,158.0,2494.0,6.0,567.0,14.0,,10.0,555.0,728.0,,739.0,205.0,1074.0,812.0,,,1210.0,,0.0,373.0,454.0,350.0,1158.0,1686.0,206.0,28.0,103.0,,225.0,66.0,5.0,1306.0,,755.0,1349.0,291.0,438.0,1053.0,,,,8875.0,14.0,45.0,368.0,0.0,,,1116.0,,,15.0,807.0,0.0,,307.0,4994.0,22.0,,427.0,926.0,,442.0,0.0,149.0,639.0,741.0,36.0,,,,,,,6.0,,143.0,8.0,864.0,39.0,337.0,,1116.0,2071.0,,173.0,5.0,0.0,118.0,2025.0,57.0,242.0,1231.0,64.0,0.0,,192.0,162.0,0.0,161.0,1228.0,,,,,391.0,744.0,306.0,,,0.0,4220.0,,,0.0,170.0,1245.0,1222.0,284.0,42.0,,1240.0,1098.0,1443.0,473.0,0.0,0.0,38.0,1633.0,817.0,269.0,26.0,967.0,1086.0,520.0,,639.0,,,483.0,0.0,539.0,211.0,720.0,50.0,102.0,73.0,269.0,0.0,,60.0,0.0,0.0,,,637.0,692.0,,,,,694.0,447.0,,0.0,387.0,853.0,,57.0,72.0,7.0,1352.0,79.0,133.0,93.0,263.0,0.0,30.0,,473.0,,876.0,0.0,1564.0,,427.0,11.0,1264.0,156.0,316.0,556.0,566.0,4747.0,0.0,224.0,225.0,789.0,5.0,138.0,0.0,1035.0,359.0,206.0,,637.0,4296.0,9241.0,576.0,,27.0,61.0,,,7112.0,765.0,0.0,3.0,383.0,,8.0,128.0,,2464.0,100.0,,1765.0,0.0,0.0,417.0,1218.0,400.0,1958.0,1925.0,0.0,775.0,
2019-14,,445.0,,,,,695.0,,,,,,,,,,,1459.0,,156.0,1536.0,2526.0,267.0,1624.0,,1681.0,926.0,23.0,25.0,51.0,,,,,12.0,40.0,1765.0,423.0,153.0,2226.0,10.0,543.0,20.0,,2.0,546.0,753.0,,772.0,261.0,1067.0,773.0,,,1153.0,,0.0,367.0,429.0,415.0,962.0,1600.0,194.0,26.0,100.0,,215.0,63.0,5.0,1331.0,,539.0,1360.0,243.0,411.0,1048.0,,,,9126.0,13.0,34.0,348.0,0.0,,,1045.0,,,8.0,745.0,0.0,,304.0,4529.0,16.0,,395.0,969.0,,355.0,0.0,170.0,612.0,762.0,59.0,,,,,,,10.0,,129.0,4.0,956.0,43.0,386.0,,892.0,1865.0,,167.0,12.0,0.0,166.0,1838.0,34.0,250.0,1015.0,49.0,0.0,,190.0,181.0,4.0,117.0,1002.0,,,,,384.0,747.0,281.0,,,0.0,4273.0,,,0.0,125.0,1081.0,1296.0,320.0,28.0,,1224.0,896.0,1482.0,486.0,0.0,1.0,31.0,1677.0,913.0,262.0,19.0,982.0,831.0,482.0,,616.0,,,337.0,0.0,540.0,209.0,665.0,55.0,144.0,88.0,290.0,0.0,,32.0,0.0,0.0,,,607.0,576.0,,,,,644.0,348.0,,0.0,389.0,926.0,,57.0,67.0,3.0,1289.0,75.0,119.0,86.0,277.0,0.0,37.0,,419.0,,868.0,0.0,1665.0,,255.0,4.0,1365.0,187.0,304.0,502.0,553.0,4355.0,0.0,215.0,190.0,765.0,16.0,169.0,0.0,1050.0,329.0,194.0,,559.0,4917.0,9764.0,553.0,,44.0,37.0,,,6948.0,796.0,0.0,3.0,372.0,,8.0,141.0,,2137.0,127.0,,1789.0,0.0,0.0,489.0,1089.0,342.0,1845.0,1535.0,0.0,699.0,
2019-15,,385.0,,,,,720.0,,,,,,,,,,,966.0,,149.0,1323.0,2536.0,234.0,1637.0,,1729.0,897.0,34.0,38.0,52.0,,,,,9.0,46.0,1901.0,412.0,126.0,2050.0,10.0,602.0,15.0,,6.0,545.0,735.0,,784.0,228.0,1041.0,813.0,,,1197.0,,0.0,431.0,541.0,396.0,1125.0,1690.0,259.0,21.0,78.0,,244.0,82.0,8.0,1646.0,,583.0,1430.0,330.0,452.0,1198.0,1679.0,,,10914.0,13.0,44.0,403.0,0.0,,,1025.0,,,28.0,878.0,0.0,32.0,298.0,5059.0,22.0,,537.0,948.0,,339.0,0.0,163.0,720.0,646.0,56.0,,,,,,,9.0,,151.0,8.0,994.0,38.0,419.0,,997.0,2196.0,,161.0,11.0,0.0,151.0,2299.0,43.0,234.0,1137.0,45.0,0.0,,221.0,193.0,3.0,151.0,1031.0,,,,,516.0,758.0,260.0,44.0,,0.0,4573.0,,,0.0,137.0,1178.0,1391.0,321.0,49.0,,1250.0,917.0,1563.0,508.0,0.0,1.0,27.0,1840.0,942.0,353.0,24.0,942.0,889.0,604.0,,567.0,,,423.0,0.0,453.0,221.0,640.0,66.0,146.0,97.0,258.0,0.0,,38.0,0.0,0.0,,,599.0,566.0,,,,,687.0,398.0,,0.0,408.0,1015.0,,67.0,59.0,6.0,1497.0,60.0,179.0,104.0,293.0,0.0,23.0,,486.0,,893.0,0.0,1932.0,,292.0,9.0,1352.0,208.0,349.0,614.0,901.0,4629.0,0.0,236.0,247.0,892.0,17.0,171.0,0.0,1244.0,328.0,222.0,,605.0,4528.0,10568.0,665.0,,53.0,55.0,,,7279.0,728.0,0.0,6.0,401.0,,7.0,105.0,1408.0,2473.0,127.0,,2176.0,0.0,0.0,500.0,1154.0,375.0,2307.0,1608.0,0.0,787.0,
2019-16,,311.0,,,,,571.0,,,,,,,,,,,887.0,,125.0,1293.0,2270.0,207.0,1210.0,,1510.0,780.0,9.0,17.0,46.0,,,,,3.0,26.0,1870.0,344.0,152.0,1800.0,11.0,550.0,21.0,,9.0,477.0,701.0,,598.0,189.0,1192.0,672.0,,,1048.0,,0.0,376.0,456.0,319.0,1017.0,1465.0,161.0,22.0,57.0,,214.0,54.0,9.0,1373.0,,773.0,1373.0,235.0,385.0,1133.0,1630.0,,5305.0,8691.0,11.0,25.0,389.0,0.0,,,944.0,,,14.0,746.0,0.0,29.0,213.0,5474.0,12.0,,427.0,808.0,,299.0,0.0,126.0,676.0,496.0,43.0,,,,,,,4.0,,127.0,7.0,845.0,29.0,345.0,,850.0,2068.0,,154.0,11.0,0.0,148.0,1995.0,37.0,194.0,985.0,67.0,0.0,,190.0,157.0,1.0,156.0,826.0,,,,,460.0,618.0,244.0,27.0,,0.0,4248.0,,,0.0,150.0,1016.0,1308.0,275.0,44.0,,1222.0,795.0,1277.0,475.0,0.0,0.0,25.0,1653.0,883.0,344.0,23.0,782.0,800.0,361.0,,449.0,,,319.0,0.0,451.0,185.0,602.0,40.0,111.0,96.0,205.0,0.0,,21.0,0.0,0.0,,,558.0,546.0,,,,,556.0,313.0,,0.0,298.0,859.0,,56.0,62.0,8.0,1418.0,58.0,130.0,67.0,275.0,0.0,23.0,,429.0,,652.0,0.0,2929.0,,259.0,9.0,1043.0,160.0,314.0,552.0,689.0,3963.0,0.0,181.0,199.0,875.0,14.0,135.0,0.0,962.0,248.0,145.0,,484.0,3815.0,8980.0,571.0,,33.0,33.0,,,6284.0,714.0,0.0,4.0,405.0,1716.0,5.0,120.0,1237.0,8435.0,61.0,,2036.0,0.0,0.0,404.0,943.0,333.0,1610.0,1432.0,0.0,724.0,
2019-17,,344.0,,,,,555.0,,,,,,,,,,,761.0,,173.0,1487.0,2442.0,226.0,1626.0,,1563.0,751.0,10.0,16.0,47.0,,,,,8.0,33.0,1870.0,343.0,154.0,1840.0,6.0,546.0,13.0,,16.0,474.0,642.0,,598.0,198.0,1143.0,748.0,,,1239.0,,0.0,303.0,458.0,381.0,986.0,1234.0,189.0,31.0,58.0,,207.0,54.0,9.0,1342.0,,692.0,1276.0,123.0,458.0,1057.0,1541.0,,5083.0,8992.0,15.0,21.0,366.0,0.0,,,986.0,,,8.0,779.0,0.0,35.0,281.0,4761.0,12.0,,397.0,768.0,,364.0,0.0,163.0,648.0,596.0,33.0,,,,,,,16.0,,125.0,8.0,953.0,52.0,359.0,,788.0,2016.0,,180.0,11.0,0.0,156.0,2349.0,31.0,289.0,868.0,41.0,0.0,,180.0,166.0,3.0,119.0,861.0,,,,,321.0,632.0,242.0,20.0,,0.0,4125.0,,,0.0,160.0,987.0,1203.0,281.0,27.0,,1207.0,898.0,1187.0,482.0,0.0,1.0,35.0,1771.0,907.0,421.0,30.0,794.0,712.0,419.0,,457.0,,,336.0,0.0,498.0,192.0,508.0,63.0,111.0,70.0,230.0,0.0,,26.0,0.0,0.0,,,451.0,493.0,,,,,585.0,325.0,,0.0,401.0,838.0,,69.0,94.0,5.0,1271.0,73.0,147.0,78.0,240.0,0.0,29.0,,466.0,,729.0,0.0,1931.0,,312.0,12.0,980.0,166.0,302.0,638.0,789.0,4359.0,0.0,183.0,198.0,953.0,10.0,106.0,0.0,959.0,286.0,202.0,,611.0,4010.0,7131.0,442.0,244.0,38.0,49.0,,,6375.0,799.0,0.0,3.0,442.0,1914.0,14.0,172.0,1216.0,2601.0,96.0,,2050.0,0.0,0.0,492.0,902.0,343.0,1855.0,1384.0,0.0,708.0,
2019-18,,361.0,,,,,535.0,,,,,,,,,,,862.0,,133.0,1607.0,2530.0,217.0,1350.0,,1658.0,807.0,19.0,12.0,65.0,,,,,11.0,21.0,1971.0,376.0,146.0,1758.0,11.0,548.0,14.0,,10.0,563.0,785.0,,644.0,243.0,1183.0,743.0,,,1221.0,,0.0,339.0,517.0,356.0,972.0,1516.0,184.0,24.0,102.0,,186.0,61.0,9.0,1262.0,,577.0,1323.0,118.0,462.0,1134.0,1933.0,,5524.0,14348.0,6.0,18.0,422.0,0.0,,,985.0,,,17.0,884.0,0.0,31.0,263.0,4798.0,5.0,,448.0,868.0,,340.0,0.0,143.0,713.0,486.0,27.0,,,,,,,7.0,,132.0,2.0,1591.0,23.0,435.0,,826.0,1713.0,,169.0,13.0,0.0,159.0,2355.0,49.0,272.0,963.0,66.0,0.0,,196.0,146.0,5.0,140.0,980.0,,,,,421.0,709.0,214.0,31.0,,0.0,4236.0,,,0.0,99.0,1062.0,1181.0,291.0,36.0,,1227.0,1091.0,1334.0,468.0,0.0,1.0,31.0,1531.0,921.0,421.0,17.0,835.0,828.0,426.0,,559.0,,,343.0,0.0,512.0,175.0,492.0,66.0,137.0,95.0,241.0,0.0,,24.0,0.0,0.0,,,481.0,408.0,,,,,580.0,347.0,,0.0,350.0,849.0,,59.0,69.0,6.0,1414.0,100.0,196.0,67.0,327.0,0.0,22.0,,458.0,,794.0,0.0,1637.0,,393.0,12.0,1095.0,168.0,335.0,636.0,881.0,4654.0,0.0,209.0,180.0,864.0,8.0,161.0,0.0,1105.0,360.0,172.0,,558.0,3955.0,16952.0,572.0,254.0,57.0,57.0,,,6999.0,660.0,0.0,4.0,417.0,1936.0,4.0,146.0,1407.0,2476.0,80.0,,1902.0,0.0,0.0,529.0,1044.0,359.0,2238.0,1551.0,0.0,723.0,
2019-19,,561.0,,,,,687.0,,,,,,,,,,,1121.0,,193.0,1969.0,2900.0,280.0,1548.0,,2129.0,969.0,25.0,24.0,74.0,,,,,11.0,268.0,2232.0,572.0,202.0,2736.0,11.0,700.0,18.0,,14.0,580.0,791.0,,767.0,211.0,1198.0,765.0,,,1274.0,,0.0,514.0,505.0,458.0,1224.0,1986.0,189.0,23.0,80.0,,267.0,74.0,7.0,1654.0,,580.0,1583.0,259.0,484.0,1339.0,1874.0,,6020.0,12322.0,16.0,42.0,463.0,0.0,,,1266.0,,,15.0,1123.0,0.0,24.0,420.0,5818.0,16.0,,402.0,954.0,,407.0,0.0,166.0,757.0,611.0,39.0,,,,,,,10.0,,165.0,3.0,1478.0,41.0,465.0,,1127.0,1761.0,,160.0,13.0,0.0,200.0,2370.0,47.0,262.0,1213.0,50.0,0.0,,245.0,173.0,7.0,165.0,1337.0,,,,,397.0,910.0,278.0,43.0,,0.0,5353.0,,,0.0,120.0,1273.0,1324.0,317.0,16.0,,1235.0,1013.0,1671.0,543.0,0.0,1.0,38.0,1695.0,1153.0,435.0,27.0,938.0,1024.0,621.0,,935.0,,,362.0,0.0,604.0,221.0,730.0,57.0,201.0,74.0,261.0,0.0,,49.0,0.0,0.0,,,737.0,598.0,,,,,745.0,448.0,,0.0,361.0,1192.0,,60.0,82.0,4.0,1853.0,87.0,225.0,107.0,345.0,0.0,29.0,,509.0,,1103.0,0.0,2385.0,,282.0,8.0,1531.0,150.0,336.0,827.0,882.0,5045.0,0.0,274.0,215.0,952.0,6.0,186.0,0.0,1239.0,483.0,259.0,,684.0,4890.0,14426.0,677.0,343.0,34.0,74.0,,,8067.0,704.0,0.0,5.0,432.0,1891.0,9.0,229.0,1622.0,2821.0,48.0,,1879.0,0.0,0.0,560.0,1385.0,440.0,1997.0,2103.0,0.0,808.0,
2019-20,,592.0,,,,,757.0,,,,,,,,,,,1127.0,,168.0,1793.0,2987.0,362.0,1732.0,,1986.0,1041.0,30.0,37.0,65.0,,,,,7.0,17.0,3004.0,657.0,216.0,2693.0,8.0,663.0,15.0,,11.0,629.0,934.0,,869.0,262.0,1250.0,797.0,,,1105.0,,0.0,440.0,564.0,461.0,1142.0,1829.0,225.0,26.0,54.0,295.0,214.0,75.0,9.0,1512.0,,541.0,1743.0,304.0,466.0,1248.0,1793.0,,6090.0,11340.0,9.0,37.0,613.0,0.0,,,1306.0,,,10.0,999.0,0.0,35.0,512.0,5973.0,12.0,,468.0,1021.0,,428.0,0.0,159.0,827.0,583.0,41.0,,,,,,,5.0,,178.0,4.0,1212.0,43.0,438.0,,1112.0,1749.0,,161.0,8.0,0.0,133.0,2314.0,33.0,240.0,1259.0,70.0,0.0,,277.0,196.0,4.0,141.0,1411.0,,,,,438.0,819.0,316.0,38.0,,0.0,5922.0,,,0.0,137.0,1361.0,1380.0,300.0,38.0,,1332.0,992.0,1664.0,527.0,0.0,3.0,41.0,1685.0,1015.0,500.0,25.0,952.0,898.0,777.0,,783.0,,,329.0,0.0,529.0,276.0,752.0,82.0,152.0,111.0,272.0,0.0,,29.0,0.0,0.0,,,722.0,647.0,51.0,,,,975.0,362.0,,0.0,449.0,1219.0,,71.0,93.0,3.0,1637.0,83.0,191.0,87.0,364.0,0.0,56.0,,634.0,,1024.0,0.0,2260.0,,254.0,10.0,1408.0,186.0,346.0,1088.0,635.0,5578.0,0.0,238.0,163.0,891.0,9.0,214.0,0.0,1162.0,370.0,213.0,,765.0,5759.0,11608.0,672.0,365.0,40.0,55.0,,3234.0,8891.0,804.0,0.0,4.0,475.0,1879.0,11.0,162.0,1432.0,2769.0,42.0,,1818.0,0.0,0.0,470.0,1560.0,451.0,2152.0,2010.0,0.0,856.0,
2019-21,,642.0,,,,,799.0,,,,,,,,,,,1156.0,,167.0,1669.0,3090.0,239.0,1940.0,,1727.0,909.0,42.0,60.0,47.0,,,,,26.0,38.0,2536.0,444.0,185.0,2478.0,7.0,571.0,26.0,,11.0,635.0,858.0,,850.0,236.0,1178.0,801.0,,,1203.0,,0.0,364.0,465.0,654.0,1062.0,1625.0,208.0,42.0,57.0,320.0,199.0,74.0,8.0,1343.0,,557.0,1644.0,292.0,498.0,1436.0,1792.0,,6639.0,10140.0,14.0,51.0,419.0,0.0,,,1128.0,,,3.0,894.0,0.0,48.0,327.0,6546.0,11.0,,451.0,898.0,,410.0,0.0,151.0,777.0,577.0,23.0,,,,,,,6.0,,172.0,4.0,1165.0,55.0,439.0,,1136.0,2241.0,,169.0,11.0,0.0,160.0,2185.0,39.0,266.0,1147.0,75.0,0.0,,184.0,156.0,1.0,133.0,1122.0,,,,,407.0,790.0,267.0,38.0,,0.0,6542.0,,,0.0,122.0,1282.0,1430.0,278.0,24.0,,1522.0,948.0,1383.0,493.0,0.0,3.0,26.0,1586.0,945.0,508.0,27.0,995.0,831.0,497.0,,650.0,,,273.0,0.0,639.0,269.0,808.0,86.0,164.0,103.0,251.0,0.0,,69.0,0.0,0.0,,,574.0,780.0,47.0,,,,800.0,416.0,,0.0,445.0,1190.0,,57.0,88.0,6.0,1518.0,68.0,169.0,112.0,377.0,0.0,23.0,,459.0,,885.0,0.0,2167.0,,253.0,5.0,1345.0,137.0,315.0,814.0,596.0,5890.0,0.0,257.0,201.0,902.0,23.0,224.0,0.0,1156.0,361.0,246.0,,612.0,5241.0,10315.0,589.0,302.0,43.0,56.0,,3128.0,8334.0,684.0,0.0,12.0,509.0,2322.0,10.0,209.0,1486.0,2665.0,39.0,,1851.0,0.0,0.0,503.0,1345.0,402.0,2043.0,1936.0,0.0,863.0,
2019-22,,389.0,,,,,538.0,,,,,,,,,,,852.0,,137.0,1462.0,2469.0,247.0,1528.0,,1914.0,858.0,28.0,25.0,52.0,,,,,8.0,32.0,1882.0,335.0,158.0,1924.0,6.0,526.0,35.0,,9.0,585.0,713.0,,699.0,214.0,1084.0,700.0,,,1134.0,,0.0,359.0,496.0,392.0,1013.0,1523.0,222.0,36.0,36.0,259.0,202.0,78.0,7.0,1485.0,,630.0,1535.0,201.0,418.0,1286.0,1886.0,,6065.0,8231.0,13.0,31.0,409.0,0.0,,,1039.0,,,9.0,858.0,0.0,30.0,389.0,5327.0,5.0,,390.0,834.0,,391.0,0.0,137.0,1005.0,508.0,20.0,,,,,,,6.0,,138.0,2.0,913.0,45.0,350.0,,895.0,1783.0,,161.0,11.0,0.0,144.0,2073.0,30.0,206.0,972.0,55.0,0.0,,157.0,188.0,1.0,113.0,1076.0,,,,,329.0,656.0,260.0,31.0,,0.0,5659.0,,,0.0,134.0,1146.0,1252.0,200.0,20.0,,1229.0,908.0,1270.0,449.0,0.0,1.0,44.0,1371.0,801.0,510.0,27.0,819.0,703.0,596.0,,583.0,,,257.0,0.0,531.0,249.0,641.0,76.0,160.0,140.0,215.0,0.0,,55.0,0.0,0.0,,,486.0,573.0,43.0,,,224.0,756.0,357.0,,0.0,356.0,996.0,,49.0,90.0,4.0,1478.0,58.0,184.0,79.0,344.0,0.0,36.0,,436.0,,731.0,0.0,1823.0,,296.0,11.0,1100.0,133.0,309.0,697.0,550.0,4770.0,0.0,202.0,257.0,853.0,9.0,149.0,0.0,1057.0,318.0,172.0,,621.0,4488.0,8678.0,549.0,264.0,50.0,50.0,,2449.0,7507.0,658.0,0.0,3.0,503.0,3229.0,10.0,204.0,1272.0,2431.0,53.0,,1854.0,0.0,0.0,489.0,1032.0,397.0,1997.0,1703.0,0.0,827.0,
2019-23,,450.0,,,,,682.0,,,,,,,,,,,1299.0,7.0,175.0,1413.0,2796.0,271.0,1661.0,,2081.0,939.0,33.0,25.0,52.0,,,,,13.0,22.0,2089.0,423.0,172.0,2023.0,51.0,614.0,32.0,,10.0,704.0,756.0,,929.0,360.0,1220.0,904.0,,,1293.0,,0.0,471.0,544.0,420.0,953.0,1778.0,195.0,18.0,67.0,397.0,216.0,86.0,5.0,1487.0,,606.0,1588.0,247.0,489.0,1143.0,2176.0,,6618.0,10758.0,14.0,42.0,434.0,0.0,,2136.0,1172.0,,,7.0,909.0,0.0,30.0,349.0,6305.0,15.0,,421.0,945.0,,385.0,0.0,143.0,871.0,500.0,28.0,,,,,,,7.0,,131.0,5.0,1032.0,52.0,426.0,,1233.0,2601.0,,154.0,15.0,0.0,176.0,5731.0,39.0,350.0,1098.0,68.0,0.0,,207.0,201.0,0.0,167.0,1217.0,,,,,339.0,857.0,245.0,29.0,,0.0,6059.0,,,0.0,99.0,1404.0,1855.0,363.0,37.0,,1401.0,1040.0,1376.0,900.0,0.0,2.0,31.0,1417.0,972.0,548.0,25.0,830.0,1010.0,602.0,,734.0,,,303.0,0.0,502.0,250.0,746.0,94.0,137.0,118.0,328.0,0.0,,65.0,0.0,0.0,,,639.0,660.0,26.0,,,284.0,898.0,415.0,,0.0,464.0,1124.0,,62.0,79.0,2.0,1685.0,93.0,177.0,69.0,393.0,0.0,34.0,,461.0,,864.0,0.0,2054.0,,258.0,12.0,1114.0,145.0,316.0,698.0,693.0,5764.0,0.0,335.0,211.0,998.0,20.0,225.0,0.0,1241.0,353.0,264.0,,680.0,4938.0,13874.0,696.0,279.0,46.0,57.0,,3189.0,8557.0,655.0,0.0,7.0,454.0,1906.0,8.0,153.0,1696.0,2918.0,44.0,,2182.0,0.0,0.0,522.0,1244.0,417.0,1859.0,1736.0,0.0,844.0,
2019-24,,533.0,,,,,746.0,,,,,,,,,,,963.0,7.0,151.0,1443.0,3013.0,314.0,1561.0,,2219.0,815.0,18.0,32.0,61.0,,,,,3.0,37.0,2003.0,498.0,170.0,2280.0,11.0,666.0,41.0,10025.0,11.0,635.0,895.0,,814.0,206.0,1048.0,789.0,,,1376.0,,0.0,435.0,539.0,405.0,1126.0,1786.0,210.0,14.0,44.0,344.0,201.0,78.0,12.0,1530.0,1814.0,591.0,1333.0,213.0,451.0,1154.0,2208.0,,6667.0,9697.0,11.0,35.0,405.0,0.0,,2016.0,1252.0,,,8.0,1040.0,0.0,36.0,441.0,6410.0,17.0,,451.0,954.0,,426.0,0.0,197.0,733.0,539.0,49.0,,,,,,,8.0,,127.0,6.0,991.0,51.0,459.0,,957.0,2071.0,,148.0,9.0,0.0,175.0,17201.0,48.0,281.0,1078.0,62.0,0.0,,216.0,161.0,6.0,160.0,1199.0,,,,,353.0,880.0,276.0,27.0,,0.0,5913.0,,,0.0,146.0,1347.0,1941.0,404.0,33.0,,1400.0,1201.0,1301.0,1007.0,0.0,1.0,34.0,1432.0,946.0,420.0,19.0,849.0,1001.0,633.0,,809.0,,,334.0,0.0,510.0,238.0,811.0,76.0,213.0,123.0,233.0,0.0,,51.0,0.0,0.0,,,553.0,560.0,44.0,,,303.0,836.0,412.0,,0.0,476.0,1050.0,,101.0,141.0,7.0,1843.0,89.0,212.0,99.0,437.0,0.0,28.0,,484.0,,856.0,0.0,1946.0,,346.0,10.0,1231.0,168.0,357.0,691.0,691.0,6011.0,0.0,350.0,254.0,1060.0,10.0,233.0,0.0,1268.0,441.0,196.0,,652.0,4968.0,9654.0,602.0,294.0,42.0,70.0,,3609.0,9077.0,678.0,0.0,7.0,414.0,1878.0,9.0,142.0,1398.0,3505.0,58.0,,1792.0,0.0,0.0,521.0,1283.0,372.0,1845.0,1659.0,0.0,1097.0,3488.0
2019-25,,458.0,,,,,675.0,,,,,,,,,,,965.0,5.0,158.0,1548.0,2834.0,285.0,1355.0,,1960.0,889.0,20.0,40.0,53.0,,,,,5.0,24.0,2001.0,492.0,127.0,2072.0,9.0,716.0,26.0,7952.0,7.0,528.0,751.0,,855.0,206.0,1123.0,799.0,,,1189.0,,0.0,433.0,547.0,330.0,1077.0,1740.0,179.0,14.0,57.0,357.0,197.0,80.0,8.0,1417.0,1680.0,609.0,1322.0,170.0,453.0,1212.0,1917.0,,6513.0,8838.0,11.0,31.0,606.0,0.0,,2037.0,1194.0,,,7.0,881.0,0.0,39.0,419.0,5691.0,11.0,,368.0,844.0,,414.0,0.0,157.0,680.0,500.0,28.0,,,,,,,5.0,,125.0,7.0,969.0,39.0,423.0,,903.0,1989.0,,118.0,8.0,0.0,139.0,7333.0,32.0,263.0,1094.0,48.0,0.0,,216.0,148.0,0.0,148.0,1096.0,,,,,366.0,840.0,248.0,29.0,,0.0,5255.0,,,0.0,118.0,1508.0,1884.0,406.0,30.0,,1322.0,1550.0,1316.0,1054.0,0.0,0.0,37.0,1374.0,1000.0,497.0,14.0,806.0,947.0,582.0,,770.0,,,295.0,0.0,434.0,228.0,855.0,68.0,132.0,106.0,258.0,0.0,,48.0,0.0,0.0,,,527.0,566.0,24.0,,,249.0,775.0,443.0,,0.0,366.0,1029.0,,57.0,127.0,8.0,1543.0,98.0,230.0,79.0,357.0,0.0,23.0,,466.0,,875.0,0.0,1831.0,,256.0,2.0,1164.0,110.0,347.0,752.0,612.0,5043.0,0.0,284.0,252.0,1077.0,10.0,154.0,0.0,1114.0,404.0,182.0,,897.0,5218.0,8862.0,591.0,271.0,41.0,59.0,,3612.0,8338.0,538.0,0.0,5.0,416.0,1682.0,3.0,123.0,1185.0,2656.0,48.0,,2051.0,0.0,0.0,491.0,1300.0,495.0,1914.0,1528.0,0.0,973.0,3335.0
2019-26,,396.0,,,,,467.0,,,,,,,,,,,749.0,5.0,143.0,1151.0,2909.0,189.0,947.0,,1379.0,806.0,29.0,34.0,48.0,,,,,12.0,33.0,1788.0,373.0,246.0,1598.0,4.0,567.0,23.0,6409.0,15.0,483.0,667.0,,661.0,175.0,1031.0,678.0,,,1132.0,,0.0,290.0,486.0,291.0,855.0,1249.0,269.0,13.0,43.0,347.0,156.0,70.0,8.0,1427.0,1198.0,644.0,1236.0,181.0,706.0,1067.0,1501.0,939.0,5273.0,6623.0,13.0,29.0,1007.0,0.0,,1833.0,761.0,,,12.0,726.0,0.0,32.0,219.0,5422.0,26.0,,337.0,699.0,,279.0,0.0,463.0,601.0,349.0,20.0,,,,,,,6.0,,105.0,3.0,818.0,30.0,411.0,,759.0,1822.0,,151.0,15.0,0.0,104.0,2252.0,38.0,215.0,970.0,27.0,0.0,,151.0,127.0,2.0,89.0,760.0,,,,,337.0,709.0,210.0,145.0,,0.0,5108.0,,,0.0,95.0,1065.0,1733.0,394.0,35.0,,1213.0,2048.0,1101.0,1082.0,0.0,1.0,49.0,1067.0,823.0,377.0,22.0,678.0,748.0,359.0,,564.0,,,234.0,0.0,733.0,210.0,835.0,36.0,123.0,117.0,224.0,0.0,,35.0,0.0,0.0,,,417.0,450.0,31.0,,,158.0,706.0,380.0,,0.0,343.0,796.0,,58.0,83.0,12.0,1259.0,71.0,160.0,68.0,335.0,0.0,21.0,,662.0,,641.0,0.0,1532.0,,326.0,6.0,954.0,129.0,293.0,984.0,475.0,4099.0,0.0,251.0,313.0,971.0,14.0,140.0,0.0,1292.0,277.0,173.0,,906.0,4518.0,6550.0,611.0,250.0,42.0,52.0,,2017.0,6779.0,434.0,0.0,10.0,363.0,1504.0,16.0,120.0,1023.0,2162.0,52.0,,2429.0,0.0,0.0,326.0,926.0,329.0,2145.0,1359.0,0.0,685.0,3246.0
2019-27,,291.0,,,,,465.0,,,,,,,,,,,672.0,5.0,200.0,911.0,2640.0,136.0,3209.0,,1072.0,680.0,20.0,57.0,29.0,,,,,8.0,27.0,1582.0,240.0,113.0,1269.0,8.0,449.0,18.0,7428.0,7.0,509.0,579.0,,701.0,136.0,942.0,565.0,,,1225.0,,0.0,178.0,439.0,260.0,731.0,1042.0,124.0,16.0,51.0,244.0,93.0,26.0,8.0,811.0,1170.0,777.0,1069.0,72.0,278.0,1077.0,1445.0,784.0,4858.0,5771.0,14.0,14.0,2054.0,0.0,,1803.0,666.0,,,16.0,554.0,0.0,23.0,165.0,5632.0,20.0,,309.0,580.0,,259.0,0.0,101.0,626.0,315.0,17.0,,,,,,,36.0,,97.0,5.0,732.0,23.0,394.0,,675.0,1641.0,,130.0,7.0,0.0,141.0,5284.0,25.0,202.0,741.0,33.0,0.0,,102.0,206.0,4.0,117.0,630.0,,,,,257.0,951.0,196.0,14.0,,0.0,4728.0,,,0.0,124.0,766.0,1769.0,403.0,31.0,,1135.0,936.0,1101.0,817.0,0.0,2.0,31.0,1114.0,964.0,430.0,24.0,541.0,768.0,420.0,,366.0,,,201.0,0.0,303.0,175.0,433.0,22.0,114.0,75.0,208.0,0.0,,19.0,0.0,0.0,,,434.0,399.0,17.0,,,188.0,570.0,265.0,,0.0,325.0,672.0,,49.0,55.0,4.0,1173.0,77.0,96.0,43.0,258.0,0.0,22.0,,231.0,,556.0,0.0,1366.0,,331.0,6.0,805.0,123.0,249.0,546.0,592.0,3907.0,0.0,256.0,184.0,1018.0,11.0,121.0,0.0,909.0,218.0,181.0,,504.0,3697.0,5385.0,470.0,181.0,36.0,26.0,,1637.0,9138.0,477.0,0.0,7.0,449.0,1864.0,11.0,117.0,876.0,2431.0,72.0,,1574.0,0.0,0.0,376.0,774.0,290.0,2039.0,1116.0,0.0,733.0,4847.0
2019-28,,234.0,,,,,427.0,,,,,,,,,,,618.0,6.0,178.0,1046.0,2616.0,106.0,836.0,,1085.0,692.0,20.0,39.0,34.0,,,,,3.0,17.0,1546.0,192.0,148.0,1188.0,12.0,466.0,13.0,7512.0,14.0,487.0,469.0,,457.0,108.0,1148.0,580.0,,,1322.0,,0.0,174.0,408.0,252.0,783.0,884.0,163.0,15.0,28.0,283.0,98.0,30.0,9.0,802.0,1141.0,642.0,1008.0,36.0,270.0,1111.0,1307.0,1074.0,4739.0,5596.0,16.0,11.0,690.0,0.0,,1729.0,531.0,,,8.0,488.0,0.0,17.0,124.0,6228.0,25.0,,330.0,575.0,,245.0,0.0,115.0,604.0,327.0,28.0,,,,,,,10.0,,92.0,4.0,725.0,19.0,363.0,,608.0,1732.0,,114.0,15.0,0.0,111.0,5110.0,33.0,255.0,712.0,23.0,0.0,,118.0,238.0,1.0,111.0,549.0,,,,,219.0,840.0,170.0,21.0,,0.0,4564.0,,,0.0,99.0,649.0,1779.0,467.0,33.0,,1103.0,1450.0,943.0,916.0,0.0,0.0,26.0,991.0,1267.0,767.0,21.0,652.0,803.0,174.0,,204.0,,,210.0,0.0,285.0,232.0,346.0,23.0,113.0,64.0,182.0,0.0,,13.0,0.0,0.0,,,352.0,352.0,19.0,,,221.0,487.0,223.0,,0.0,263.0,652.0,,45.0,36.0,2.0,1163.0,76.0,43.0,56.0,277.0,0.0,10.0,,208.0,,506.0,0.0,1427.0,,272.0,9.0,718.0,102.0,263.0,494.0,485.0,3876.0,0.0,281.0,283.0,1085.0,10.0,84.0,0.0,812.0,130.0,234.0,,418.0,3693.0,4885.0,463.0,146.0,30.0,34.0,,1559.0,7309.0,523.0,0.0,4.0,414.0,1835.0,11.0,97.0,942.0,2170.0,50.0,,1202.0,0.0,0.0,286.0,747.0,294.0,1729.0,1101.0,0.0,746.0,3318.0
2019-29,,207.0,,,438.0,,345.0,,,,,,,,,,,568.0,8.0,112.0,992.0,2219.0,113.0,934.0,,969.0,667.0,11.0,18.0,41.0,,,,,8.0,37.0,1486.0,148.0,149.0,971.0,10.0,395.0,15.0,8269.0,11.0,417.0,453.0,,408.0,123.0,1084.0,542.0,,,1283.0,742.0,0.0,109.0,411.0,248.0,694.0,747.0,128.0,19.0,28.0,215.0,65.0,22.0,7.0,688.0,1176.0,664.0,1023.0,46.0,294.0,1150.0,1174.0,937.0,4689.0,5322.0,15.0,11.0,393.0,0.0,,1645.0,441.0,,171.0,0.0,457.0,0.0,11.0,88.0,5255.0,17.0,,354.0,512.0,,184.0,0.0,93.0,613.0,343.0,11.0,,,,,,,4.0,,64.0,6.0,701.0,17.0,367.0,,519.0,1650.0,,112.0,9.0,0.0,136.0,2554.0,32.0,244.0,551.0,21.0,0.0,,101.0,167.0,1.0,108.0,530.0,,,,,202.0,629.0,168.0,17.0,,0.0,4463.0,,,0.0,115.0,560.0,1820.0,439.0,31.0,,969.0,918.0,1035.0,867.0,0.0,1.0,31.0,1098.0,1000.0,586.0,11.0,535.0,691.0,174.0,,128.0,,,247.0,0.0,290.0,191.0,288.0,23.0,148.0,80.0,183.0,0.0,,12.0,0.0,0.0,,,329.0,424.0,17.0,,,214.0,546.0,243.0,,0.0,239.0,571.0,,58.0,22.0,2.0,987.0,63.0,31.0,42.0,280.0,0.0,12.0,,226.0,,430.0,0.0,1173.0,,255.0,2.0,593.0,98.0,215.0,521.0,524.0,4033.0,0.0,292.0,165.0,1042.0,12.0,91.0,0.0,774.0,117.0,173.0,,405.0,3939.0,4344.0,435.0,164.0,31.0,46.0,,1386.0,6671.0,543.0,0.0,13.0,399.0,1510.0,4.0,82.0,803.0,1902.0,54.0,,1287.0,0.0,0.0,323.0,688.0,269.0,1438.0,1005.0,0.0,721.0,3378.0
2019-30,,172.0,,,381.0,,345.0,,,,,,,,,,,504.0,11.0,86.0,882.0,1923.0,97.0,875.0,,877.0,612.0,7.0,9.0,25.0,,,,,3.0,34.0,1611.0,124.0,135.0,857.0,7.0,306.0,8.0,7904.0,11.0,445.0,427.0,,442.0,121.0,901.0,514.0,,,1009.0,805.0,0.0,116.0,360.0,236.0,729.0,612.0,116.0,13.0,27.0,242.0,51.0,28.0,7.0,652.0,1238.0,655.0,995.0,17.0,281.0,1130.0,1154.0,781.0,5011.0,5513.0,11.0,20.0,370.0,0.0,,1866.0,441.0,,161.0,7.0,442.0,0.0,27.0,70.0,5507.0,26.0,,283.0,494.0,,196.0,0.0,85.0,655.0,275.0,23.0,,,,,,,2.0,,74.0,3.0,657.0,23.0,393.0,,435.0,1678.0,,108.0,8.0,0.0,121.0,4862.0,37.0,243.0,562.0,23.0,0.0,,112.0,126.0,0.0,94.0,443.0,,,,,159.0,635.0,150.0,22.0,,0.0,4387.0,,,0.0,86.0,556.0,1972.0,402.0,17.0,,1008.0,778.0,849.0,1360.0,0.0,0.0,32.0,1007.0,909.0,490.0,17.0,481.0,722.0,159.0,,95.0,,,231.0,0.0,254.0,263.0,259.0,18.0,92.0,78.0,139.0,0.0,,16.0,0.0,0.0,,,298.0,333.0,19.0,,,193.0,496.0,196.0,,0.0,226.0,554.0,,43.0,25.0,6.0,1079.0,64.0,26.0,32.0,224.0,0.0,0.0,,179.0,,380.0,0.0,1247.0,,198.0,4.0,592.0,103.0,270.0,522.0,446.0,3838.0,0.0,217.0,149.0,1153.0,11.0,75.0,0.0,687.0,98.0,151.0,,1681.0,3198.0,4115.0,388.0,119.0,33.0,42.0,,1315.0,6399.0,388.0,0.0,3.0,395.0,1449.0,8.0,64.0,848.0,1834.0,69.0,1003.0,1266.0,0.0,0.0,310.0,608.0,243.0,1268.0,843.0,0.0,584.0,3589.0
2019-31,,198.0,,,384.0,,367.0,,,,,,,,,,,605.0,7.0,120.0,940.0,2009.0,89.0,1544.0,,918.0,701.0,1.0,16.0,37.0,,,,,4.0,27.0,1491.0,111.0,124.0,958.0,8.0,421.0,14.0,7423.0,5.0,466.0,506.0,,504.0,122.0,959.0,563.0,,,1224.0,796.0,0.0,137.0,401.0,255.0,844.0,706.0,132.0,21.0,35.0,271.0,77.0,23.0,6.0,733.0,1040.0,766.0,1013.0,41.0,247.0,1099.0,1189.0,848.0,4913.0,6391.0,16.0,32.0,350.0,0.0,,1833.0,439.0,,160.0,11.0,447.0,0.0,15.0,98.0,4979.0,25.0,,347.0,499.0,,201.0,0.0,78.0,647.0,312.0,30.0,,,,,,,3.0,,83.0,7.0,1483.0,19.0,393.0,,517.0,1678.0,,121.0,10.0,0.0,136.0,4402.0,262.0,254.0,597.0,26.0,0.0,,115.0,115.0,1.0,110.0,496.0,,,,,122.0,708.0,168.0,24.0,,0.0,4261.0,,924.0,0.0,84.0,639.0,2066.0,382.0,19.0,,1050.0,819.0,922.0,846.0,0.0,0.0,20.0,996.0,874.0,447.0,9.0,481.0,769.0,164.0,,106.0,,,265.0,0.0,258.0,209.0,316.0,17.0,103.0,72.0,150.0,0.0,,13.0,0.0,0.0,,,362.0,258.0,17.0,,,252.0,507.0,202.0,,0.0,200.0,521.0,,42.0,23.0,5.0,994.0,65.0,33.0,60.0,253.0,0.0,5.0,,192.0,,370.0,0.0,1313.0,,225.0,3.0,641.0,118.0,254.0,496.0,520.0,4208.0,0.0,243.0,200.0,1419.0,4.0,71.0,0.0,842.0,115.0,163.0,,421.0,3091.0,4648.0,372.0,137.0,27.0,34.0,,1459.0,6863.0,426.0,0.0,2.0,408.0,1414.0,4.0,79.0,1754.0,1978.0,68.0,984.0,1211.0,0.0,0.0,309.0,651.0,240.0,1497.0,993.0,0.0,698.0,3645.0
2019-32,,237.0,,,423.0,,359.0,,,,,,,,,,,598.0,6.0,105.0,1132.0,2068.0,97.0,1068.0,,1124.0,654.0,13.0,12.0,36.0,,,,12.0,9.0,30.0,1616.0,159.0,160.0,1169.0,7.0,498.0,23.0,7346.0,10.0,497.0,507.0,,435.0,126.0,1133.0,575.0,,,1370.0,765.0,0.0,135.0,414.0,270.0,814.0,741.0,134.0,24.0,49.0,290.0,98.0,25.0,6.0,779.0,1174.0,816.0,1086.0,37.0,279.0,1109.0,1257.0,873.0,5052.0,6939.0,16.0,16.0,347.0,0.0,,1663.0,494.0,,151.0,13.0,509.0,0.0,25.0,106.0,4900.0,21.0,,412.0,478.0,,235.0,0.0,93.0,700.0,365.0,22.0,,,,,,,10.0,,81.0,7.0,885.0,22.0,410.0,,519.0,1617.0,,109.0,15.0,2.0,129.0,6520.0,31.0,257.0,589.0,98.0,0.0,,116.0,112.0,3.0,87.0,526.0,,,,,140.0,725.0,184.0,19.0,,0.0,4700.0,,877.0,0.0,107.0,623.0,1876.0,423.0,16.0,,1024.0,967.0,1160.0,962.0,0.0,1.0,26.0,1083.0,872.0,454.0,17.0,638.0,846.0,186.0,,153.0,,,273.0,0.0,256.0,224.0,314.0,33.0,138.0,73.0,140.0,0.0,,12.0,0.0,0.0,,,338.0,303.0,15.0,,,251.0,547.0,213.0,,0.0,263.0,560.0,,39.0,30.0,4.0,1058.0,90.0,42.0,72.0,246.0,0.0,9.0,,231.0,,410.0,0.0,1313.0,,427.0,4.0,644.0,110.0,321.0,465.0,675.0,3889.0,0.0,324.0,178.0,1230.0,14.0,132.0,0.0,826.0,152.0,146.0,,385.0,3144.0,4974.0,441.0,134.0,31.0,51.0,,1548.0,7596.0,469.0,0.0,2.0,395.0,1580.0,6.0,83.0,794.0,2418.0,52.0,1018.0,922.0,0.0,0.0,379.0,689.0,249.0,1526.0,985.0,0.0,745.0,3997.0
2019-33,,260.0,,,604.0,,384.0,,,,,,,,,,,579.0,7.0,114.0,1170.0,2015.0,108.0,1455.0,,1085.0,657.0,10.0,16.0,41.0,,,,6.0,1.0,31.0,1537.0,180.0,146.0,974.0,8.0,513.0,12.0,7751.0,11.0,502.0,499.0,,432.0,141.0,1001.0,526.0,,,1269.0,738.0,0.0,193.0,421.0,247.0,844.0,825.0,134.0,33.0,25.0,254.0,103.0,56.0,3.0,774.0,1158.0,818.0,993.0,70.0,322.0,1334.0,1367.0,862.0,4894.0,6537.0,15.0,24.0,373.0,0.0,,1619.0,534.0,,155.0,6.0,574.0,0.0,19.0,148.0,4591.0,14.0,,331.0,539.0,,216.0,0.0,95.0,680.0,307.0,37.0,,,,,,,9.0,,95.0,4.0,769.0,25.0,410.0,,586.0,1547.0,,134.0,9.0,0.0,135.0,24839.0,35.0,299.0,663.0,41.0,0.0,,155.0,135.0,2.0,105.0,579.0,,,,,135.0,626.0,227.0,36.0,,0.0,5630.0,,938.0,0.0,100.0,675.0,1996.0,518.0,36.0,,1141.0,1070.0,942.0,614.0,0.0,4.0,38.0,1065.0,877.0,628.0,10.0,626.0,959.0,213.0,,198.0,,,206.0,0.0,243.0,213.0,360.0,29.0,115.0,79.0,109.0,0.0,16789.0,28.0,0.0,0.0,,,348.0,291.0,19.0,,,201.0,784.0,224.0,,0.0,253.0,560.0,,46.0,57.0,3.0,1106.0,62.0,84.0,51.0,254.0,0.0,6.0,,251.0,,386.0,0.0,1529.0,,360.0,6.0,729.0,101.0,260.0,444.0,606.0,3788.0,0.0,327.0,183.0,1131.0,7.0,95.0,0.0,933.0,165.0,150.0,,357.0,3175.0,5205.0,441.0,139.0,50.0,33.0,,1499.0,7446.0,481.0,0.0,5.0,485.0,2640.0,8.0,92.0,679.0,3072.0,58.0,985.0,1219.0,0.0,0.0,335.0,800.0,269.0,1697.0,1053.0,0.0,760.0,3768.0
2019-34,,225.0,,,465.0,,390.0,,,,,,,,,,,714.0,4.0,120.0,1228.0,2139.0,130.0,942.0,,1219.0,672.0,9.0,13.0,31.0,,,,2.0,2.0,65.0,1525.0,215.0,153.0,1116.0,6.0,546.0,22.0,7118.0,11.0,455.0,531.0,,437.0,163.0,972.0,639.0,,,1193.0,869.0,0.0,255.0,406.0,245.0,804.0,794.0,99.0,33.0,61.0,292.0,118.0,52.0,6.0,854.0,1209.0,654.0,1008.0,56.0,388.0,1139.0,1396.0,911.0,4670.0,6516.0,18.0,18.0,357.0,0.0,,1578.0,623.0,,176.0,5.0,604.0,0.0,26.0,166.0,4256.0,31.0,,406.0,519.0,,271.0,0.0,90.0,665.0,342.0,28.0,,,,,,,14.0,,93.0,1.0,726.0,27.0,413.0,,546.0,1578.0,,138.0,11.0,0.0,138.0,7010.0,35.0,316.0,710.0,28.0,0.0,,120.0,159.0,0.0,108.0,635.0,,,,,142.0,712.0,209.0,25.0,47.0,0.0,4294.0,,825.0,0.0,107.0,809.0,1991.0,476.0,29.0,,1156.0,828.0,989.0,627.0,0.0,0.0,33.0,1707.0,982.0,951.0,8.0,641.0,952.0,252.0,,252.0,,,219.0,0.0,286.0,250.0,507.0,29.0,104.0,77.0,121.0,0.0,16163.0,27.0,0.0,0.0,,,461.0,458.0,25.0,,,241.0,572.0,241.0,,0.0,232.0,602.0,,42.0,88.0,3.0,1133.0,139.0,84.0,64.0,233.0,0.0,2.0,,267.0,,517.0,0.0,1162.0,,222.0,5.0,695.0,99.0,238.0,484.0,568.0,3372.0,0.0,322.0,176.0,996.0,0.0,97.0,0.0,903.0,141.0,192.0,,425.0,2989.0,4583.0,464.0,127.0,30.0,26.0,,1486.0,7068.0,544.0,0.0,7.0,434.0,1773.0,6.0,78.0,698.0,2342.0,86.0,1107.0,766.0,0.0,0.0,339.0,790.0,284.0,1456.0,1067.0,0.0,631.0,3221.0
2019-35,,280.0,,,449.0,,418.0,,,,,,,,,,,816.0,4.0,137.0,1097.0,2193.0,117.0,882.0,,1186.0,812.0,12.0,9.0,33.0,,,,7.0,5.0,26.0,1774.0,175.0,129.0,1343.0,15.0,496.0,17.0,7316.0,7.0,487.0,634.0,,463.0,172.0,959.0,563.0,,,1161.0,910.0,0.0,462.0,436.0,279.0,695.0,1007.0,141.0,20.0,38.0,317.0,283.0,53.0,7.0,945.0,1361.0,671.0,949.0,56.0,354.0,1255.0,1464.0,835.0,5302.0,6870.0,10.0,13.0,400.0,0.0,1769.0,1779.0,803.0,,179.0,7.0,594.0,0.0,21.0,153.0,4077.0,25.0,375.0,351.0,714.0,,279.0,0.0,121.0,688.0,397.0,34.0,,,,,,,27.0,,81.0,0.0,910.0,26.0,480.0,,727.0,1405.0,,136.0,8.0,0.0,137.0,4836.0,31.0,251.0,865.0,45.0,0.0,,177.0,121.0,4.0,92.0,629.0,,,,,178.0,769.0,182.0,23.0,52.0,0.0,3811.0,,993.0,0.0,98.0,946.0,2066.0,383.0,18.0,288.0,1177.0,990.0,1243.0,635.0,0.0,0.0,26.0,1201.0,900.0,657.0,18.0,660.0,951.0,225.0,,328.0,,,239.0,0.0,327.0,232.0,605.0,36.0,96.0,98.0,153.0,0.0,15920.0,31.0,0.0,0.0,,,648.0,1074.0,23.0,,,206.0,514.0,260.0,,0.0,218.0,590.0,,45.0,102.0,7.0,1208.0,89.0,69.0,48.0,241.0,0.0,11.0,,258.0,,609.0,0.0,1307.0,3007.0,225.0,5.0,1018.0,102.0,246.0,580.0,452.0,3535.0,0.0,307.0,179.0,976.0,11.0,188.0,0.0,970.0,201.0,168.0,,558.0,3224.0,6147.0,509.0,138.0,29.0,24.0,,1657.0,6846.0,522.0,0.0,6.0,397.0,1678.0,6.0,109.0,707.0,2234.0,65.0,1384.0,899.0,0.0,0.0,333.0,848.0,292.0,1643.0,1205.0,0.0,661.0,2488.0
2019-36,,7.0,,,3.0,,8.0,,,,,,,,,,,9.0,0.0,2.0,18.0,27.0,1.0,5.0,,10.0,15.0,0.0,0.0,0.0,,,,0.0,0.0,1.0,13.0,3.0,4.0,16.0,0.0,10.0,0.0,109.0,0.0,12.0,6.0,,14.0,0.0,10.0,7.0,,,53.0,12.0,0.0,16.0,14.0,2.0,9.0,12.0,2.0,0.0,0.0,7.0,6.0,1.0,0.0,7.0,14.0,17.0,6.0,2.0,4.0,13.0,22.0,17.0,87.0,102.0,1.0,0.0,2.0,0.0,32.0,36.0,3.0,,0.0,0.0,5.0,0.0,0.0,4.0,44.0,0.0,5.0,3.0,9.0,,3.0,0.0,1.0,12.0,14.0,0.0,,,,,,,0.0,,0.0,0.0,17.0,0.0,4.0,,9.0,22.0,,6.0,0.0,0.0,1.0,80.0,1.0,4.0,14.0,0.0,0.0,,2.0,1.0,0.0,1.0,5.0,,,,,4.0,19.0,3.0,0.0,0.0,0.0,83.0,,8.0,0.0,4.0,5.0,44.0,11.0,1.0,7.0,36.0,8.0,24.0,18.0,0.0,0.0,0.0,30.0,18.0,4.0,0.0,11.0,13.0,1.0,,7.0,,,5.0,0.0,65.0,0.0,6.0,1.0,2.0,0.0,3.0,0.0,240.0,0.0,0.0,0.0,,,9.0,6.0,0.0,0.0,,2.0,5.0,2.0,,0.0,6.0,5.0,,0.0,1.0,0.0,26.0,2.0,0.0,0.0,2.0,0.0,0.0,,3.0,,4.0,0.0,28.0,54.0,0.0,0.0,24.0,4.0,6.0,8.0,10.0,40.0,0.0,4.0,2.0,22.0,0.0,2.0,0.0,10.0,3.0,1.0,,10.0,43.0,119.0,8.0,2.0,0.0,0.0,,19.0,112.0,15.0,0.0,0.0,9.0,26.0,1.0,0.0,11.0,38.0,4.0,20.0,13.0,0.0,0.0,5.0,5.0,8.0,20.0,3.0,0.0,16.0,29.0
2019-37,,0.0,,,0.0,,0.0,,,,,,,,,,,0.0,0.0,0.0,0.0,0.0,0.0,0.0,,0.0,0.0,0.0,0.0,0.0,,,,0.0,0.0,0.0,0.0,0.0,0.0,0.0,0.0,0.0,0.0,0.0,0.0,0.0,0.0,,0.0,0.0,0.0,0.0,,,0.0,0.0,0.0,0.0,0.0,0.0,0.0,0.0,0.0,0.0,0.0,0.0,0.0,0.0,0.0,0.0,0.0,0.0,0.0,0.0,0.0,0.0,0.0,0.0,0.0,0.0,0.0,0.0,0.0,0.0,0.0,0.0,0.0,,0.0,0.0,0.0,0.0,0.0,0.0,0.0,0.0,0.0,0.0,0.0,,0.0,0.0,0.0,0.0,0.0,0.0,,,,,,,0.0,,0.0,0.0,0.0,0.0,0.0,,0.0,0.0,,0.0,0.0,0.0,0.0,0.0,0.0,0.0,0.0,0.0,0.0,,0.0,0.0,0.0,0.0,0.0,,,,,0.0,0.0,0.0,0.0,0.0,0.0,0.0,,0.0,0.0,0.0,0.0,0.0,0.0,0.0,0.0,0.0,0.0,0.0,0.0,0.0,0.0,0.0,0.0,0.0,0.0,0.0,0.0,0.0,0.0,,0.0,0.0,,0.0,0.0,0.0,0.0,0.0,0.0,0.0,0.0,0.0,0.0,0.0,0.0,0.0,0.0,,,0.0,0.0,0.0,0.0,,0.0,0.0,0.0,,0.0,0.0,0.0,,0.0,0.0,0.0,0.0,0.0,0.0,0.0,0.0,0.0,0.0,,0.0,,0.0,0.0,0.0,0.0,0.0,0.0,0.0,0.0,0.0,0.0,0.0,0.0,0.0,0.0,0.0,0.0,0.0,0.0,0.0,0.0,0.0,0.0,,0.0,0.0,0.0,0.0,0.0,0.0,0.0,,0.0,0.0,0.0,0.0,0.0,0.0,0.0,0.0,0.0,0.0,0.0,0.0,0.0,0.0,0.0,0.0,0.0,0.0,0.0,0.0,0.0,0.0,0.0,0.0
2019-38,,0.0,,,0.0,,0.0,,,,,,,,,,,0.0,0.0,0.0,0.0,0.0,0.0,0.0,,0.0,0.0,0.0,0.0,0.0,,,,0.0,0.0,0.0,0.0,0.0,0.0,0.0,0.0,0.0,0.0,0.0,0.0,0.0,0.0,,0.0,0.0,0.0,0.0,,,0.0,0.0,0.0,0.0,0.0,0.0,0.0,0.0,0.0,0.0,0.0,0.0,0.0,0.0,0.0,0.0,0.0,0.0,0.0,0.0,0.0,0.0,0.0,0.0,0.0,0.0,0.0,0.0,0.0,0.0,0.0,0.0,0.0,,0.0,0.0,0.0,0.0,0.0,0.0,0.0,0.0,0.0,0.0,0.0,,0.0,0.0,0.0,0.0,0.0,0.0,,,,,,,0.0,,0.0,0.0,0.0,0.0,0.0,,0.0,0.0,,0.0,0.0,0.0,0.0,0.0,0.0,0.0,0.0,0.0,0.0,,0.0,0.0,0.0,0.0,0.0,,,,,0.0,0.0,0.0,0.0,0.0,0.0,0.0,,0.0,0.0,0.0,0.0,0.0,0.0,0.0,0.0,0.0,0.0,0.0,0.0,0.0,0.0,0.0,0.0,0.0,0.0,0.0,0.0,0.0,0.0,,0.0,0.0,,0.0,0.0,0.0,0.0,0.0,0.0,0.0,0.0,0.0,0.0,0.0,0.0,0.0,0.0,,,0.0,0.0,0.0,0.0,,0.0,0.0,0.0,0.0,0.0,0.0,0.0,,0.0,0.0,0.0,0.0,0.0,0.0,0.0,0.0,0.0,0.0,,0.0,,0.0,0.0,0.0,0.0,0.0,0.0,0.0,0.0,0.0,0.0,0.0,0.0,0.0,0.0,0.0,0.0,0.0,0.0,0.0,0.0,0.0,0.0,0.0,0.0,0.0,0.0,0.0,0.0,0.0,0.0,,0.0,0.0,0.0,0.0,0.0,0.0,0.0,0.0,0.0,0.0,0.0,0.0,0.0,0.0,0.0,0.0,0.0,0.0,0.0,0.0,0.0,0.0,0.0,0.0
2019-39,,0.0,,,0.0,,0.0,,,,,,,,,,,0.0,0.0,0.0,0.0,0.0,0.0,0.0,,0.0,0.0,0.0,0.0,0.0,,0.0,,0.0,0.0,0.0,0.0,0.0,0.0,0.0,0.0,0.0,0.0,0.0,0.0,0.0,0.0,,0.0,0.0,0.0,0.0,,,0.0,0.0,0.0,0.0,0.0,0.0,0.0,0.0,0.0,0.0,0.0,0.0,0.0,0.0,0.0,0.0,0.0,0.0,0.0,0.0,0.0,0.0,0.0,0.0,0.0,0.0,0.0,0.0,0.0,0.0,0.0,0.0,0.0,,0.0,0.0,0.0,0.0,0.0,0.0,0.0,0.0,0.0,0.0,0.0,,0.0,0.0,0.0,0.0,0.0,0.0,,,,,,,0.0,,0.0,0.0,0.0,0.0,0.0,,0.0,0.0,,0.0,0.0,0.0,0.0,0.0,0.0,0.0,0.0,0.0,0.0,,0.0,0.0,0.0,0.0,0.0,,,,,0.0,0.0,0.0,0.0,0.0,0.0,0.0,,0.0,0.0,0.0,0.0,0.0,0.0,0.0,0.0,0.0,0.0,0.0,0.0,0.0,0.0,0.0,0.0,0.0,0.0,0.0,0.0,0.0,0.0,,0.0,0.0,,0.0,0.0,0.0,0.0,0.0,0.0,0.0,0.0,0.0,0.0,0.0,0.0,0.0,0.0,,,0.0,0.0,0.0,0.0,,0.0,0.0,0.0,0.0,0.0,0.0,0.0,,0.0,0.0,0.0,0.0,0.0,0.0,0.0,0.0,0.0,0.0,,0.0,,0.0,0.0,0.0,0.0,0.0,0.0,0.0,0.0,0.0,0.0,0.0,0.0,0.0,0.0,0.0,0.0,0.0,0.0,0.0,0.0,0.0,0.0,0.0,0.0,0.0,0.0,0.0,0.0,0.0,0.0,,0.0,0.0,0.0,0.0,0.0,0.0,0.0,0.0,0.0,0.0,0.0,0.0,0.0,0.0,0.0,0.0,0.0,0.0,0.0,0.0,0.0,0.0,0.0,0.0
2019-40,,0.0,,,0.0,0.0,0.0,,,,,,,,,,,0.0,0.0,0.0,0.0,0.0,0.0,0.0,,0.0,0.0,0.0,0.0,0.0,,0.0,,0.0,0.0,0.0,0.0,0.0,0.0,0.0,0.0,0.0,0.0,0.0,0.0,0.0,0.0,,0.0,0.0,0.0,0.0,,,0.0,0.0,0.0,0.0,0.0,0.0,0.0,0.0,0.0,0.0,0.0,0.0,0.0,0.0,0.0,0.0,0.0,0.0,0.0,0.0,0.0,0.0,0.0,0.0,0.0,0.0,0.0,0.0,0.0,0.0,0.0,0.0,0.0,,0.0,0.0,0.0,0.0,0.0,0.0,0.0,0.0,0.0,0.0,0.0,0.0,0.0,0.0,0.0,0.0,0.0,0.0,,,,,,,0.0,,0.0,0.0,0.0,0.0,0.0,0.0,0.0,0.0,,0.0,0.0,0.0,0.0,0.0,0.0,0.0,0.0,0.0,0.0,,0.0,0.0,0.0,0.0,0.0,0.0,,,,0.0,0.0,0.0,0.0,0.0,0.0,0.0,,0.0,0.0,0.0,0.0,0.0,0.0,0.0,0.0,0.0,0.0,0.0,0.0,0.0,0.0,0.0,0.0,0.0,0.0,0.0,0.0,0.0,0.0,,0.0,0.0,,0.0,0.0,0.0,0.0,0.0,0.0,0.0,0.0,0.0,0.0,0.0,0.0,0.0,0.0,,,0.0,0.0,0.0,0.0,,0.0,0.0,0.0,0.0,0.0,0.0,0.0,,0.0,0.0,0.0,0.0,0.0,0.0,0.0,0.0,0.0,0.0,,0.0,,0.0,0.0,0.0,0.0,0.0,0.0,0.0,0.0,0.0,0.0,0.0,0.0,0.0,0.0,0.0,0.0,0.0,0.0,0.0,0.0,0.0,0.0,0.0,0.0,0.0,0.0,0.0,0.0,0.0,0.0,,0.0,0.0,0.0,0.0,0.0,0.0,0.0,0.0,0.0,0.0,0.0,0.0,0.0,0.0,0.0,0.0,0.0,0.0,0.0,0.0,0.0,0.0,0.0,0.0
2019-41,,0.0,,0.0,0.0,0.0,0.0,,,,,,,,,,,0.0,0.0,0.0,0.0,0.0,0.0,0.0,,0.0,0.0,0.0,0.0,0.0,,0.0,,0.0,0.0,0.0,0.0,0.0,0.0,0.0,0.0,0.0,0.0,0.0,0.0,0.0,0.0,,0.0,0.0,0.0,0.0,,0.0,0.0,0.0,0.0,0.0,0.0,0.0,0.0,0.0,0.0,0.0,0.0,0.0,0.0,0.0,0.0,0.0,0.0,0.0,0.0,0.0,0.0,0.0,0.0,0.0,0.0,0.0,0.0,0.0,0.0,0.0,0.0,0.0,0.0,,0.0,0.0,0.0,0.0,0.0,0.0,0.0,0.0,0.0,0.0,0.0,0.0,0.0,0.0,0.0,0.0,0.0,0.0,,,,,,,0.0,,0.0,0.0,0.0,0.0,0.0,0.0,0.0,0.0,,0.0,0.0,0.0,0.0,0.0,0.0,0.0,0.0,0.0,0.0,,0.0,0.0,0.0,0.0,0.0,0.0,,,,0.0,0.0,0.0,0.0,0.0,0.0,0.0,,0.0,0.0,0.0,0.0,0.0,0.0,0.0,0.0,0.0,0.0,0.0,0.0,0.0,0.0,0.0,0.0,0.0,0.0,0.0,0.0,0.0,0.0,,0.0,0.0,0.0,0.0,0.0,0.0,0.0,0.0,0.0,0.0,0.0,0.0,0.0,0.0,0.0,0.0,0.0,,,0.0,0.0,0.0,0.0,,0.0,0.0,0.0,0.0,0.0,0.0,0.0,,0.0,0.0,0.0,0.0,0.0,0.0,0.0,0.0,0.0,0.0,,0.0,,0.0,0.0,0.0,0.0,0.0,0.0,0.0,0.0,0.0,0.0,0.0,0.0,0.0,0.0,0.0,0.0,0.0,0.0,0.0,0.0,0.0,0.0,0.0,0.0,0.0,0.0,0.0,0.0,0.0,0.0,,0.0,0.0,0.0,0.0,0.0,0.0,0.0,0.0,0.0,0.0,0.0,0.0,0.0,0.0,0.0,0.0,0.0,0.0,0.0,0.0,0.0,0.0,0.0,0.0
2019-42,0.0,0.0,0.0,0.0,0.0,0.0,0.0,,,,,,,,,,,0.0,0.0,0.0,0.0,0.0,0.0,0.0,,0.0,0.0,0.0,0.0,0.0,,0.0,,0.0,0.0,0.0,0.0,0.0,0.0,0.0,0.0,0.0,0.0,0.0,0.0,0.0,0.0,,0.0,0.0,0.0,0.0,,0.0,0.0,0.0,0.0,0.0,0.0,0.0,0.0,0.0,0.0,0.0,0.0,0.0,0.0,0.0,0.0,0.0,0.0,0.0,0.0,0.0,0.0,0.0,0.0,0.0,0.0,0.0,0.0,0.0,0.0,0.0,0.0,0.0,0.0,,0.0,0.0,0.0,0.0,0.0,0.0,0.0,0.0,0.0,0.0,0.0,0.0,0.0,0.0,0.0,0.0,0.0,0.0,,,,,,,0.0,,0.0,0.0,0.0,0.0,0.0,0.0,0.0,0.0,,0.0,0.0,0.0,0.0,0.0,0.0,0.0,0.0,0.0,0.0,,0.0,0.0,0.0,0.0,0.0,0.0,,,,0.0,0.0,0.0,0.0,0.0,0.0,0.0,,0.0,0.0,0.0,0.0,0.0,0.0,0.0,0.0,0.0,0.0,0.0,0.0,0.0,0.0,0.0,0.0,0.0,0.0,0.0,0.0,0.0,0.0,,0.0,0.0,0.0,0.0,0.0,0.0,0.0,0.0,0.0,0.0,0.0,0.0,0.0,0.0,0.0,0.0,0.0,,,0.0,0.0,0.0,0.0,,0.0,0.0,0.0,0.0,0.0,0.0,0.0,,0.0,0.0,0.0,0.0,0.0,0.0,0.0,0.0,0.0,0.0,0.0,0.0,,0.0,0.0,0.0,0.0,0.0,0.0,0.0,0.0,0.0,0.0,0.0,0.0,0.0,0.0,0.0,0.0,0.0,0.0,0.0,0.0,0.0,0.0,0.0,0.0,0.0,0.0,0.0,0.0,0.0,0.0,,0.0,0.0,0.0,0.0,0.0,0.0,0.0,0.0,0.0,0.0,0.0,0.0,0.0,0.0,0.0,0.0,0.0,0.0,0.0,0.0,0.0,0.0,0.0,0.0
2019-43,0.0,0.0,0.0,0.0,0.0,0.0,0.0,,,,,,,,,,,0.0,0.0,0.0,0.0,0.0,0.0,0.0,,0.0,0.0,0.0,0.0,0.0,,0.0,,0.0,0.0,0.0,0.0,0.0,0.0,0.0,0.0,0.0,0.0,0.0,0.0,0.0,0.0,,0.0,0.0,0.0,0.0,0.0,0.0,0.0,0.0,0.0,0.0,0.0,0.0,0.0,0.0,0.0,0.0,0.0,0.0,0.0,0.0,0.0,0.0,0.0,0.0,0.0,0.0,0.0,0.0,0.0,0.0,0.0,0.0,0.0,0.0,0.0,0.0,0.0,0.0,0.0,,0.0,0.0,0.0,0.0,0.0,0.0,0.0,0.0,0.0,0.0,0.0,0.0,0.0,0.0,0.0,0.0,0.0,0.0,,,,,,,0.0,,0.0,0.0,0.0,0.0,0.0,0.0,0.0,0.0,,0.0,0.0,0.0,0.0,0.0,0.0,0.0,0.0,0.0,0.0,,0.0,0.0,0.0,0.0,0.0,0.0,0.0,0.0,0.0,0.0,0.0,0.0,0.0,0.0,0.0,0.0,,0.0,0.0,0.0,0.0,0.0,0.0,0.0,0.0,0.0,0.0,0.0,0.0,0.0,0.0,0.0,0.0,0.0,0.0,0.0,0.0,0.0,0.0,,0.0,0.0,0.0,0.0,0.0,0.0,0.0,0.0,0.0,0.0,0.0,0.0,0.0,0.0,0.0,0.0,0.0,,,0.0,0.0,0.0,0.0,,0.0,0.0,0.0,0.0,0.0,0.0,0.0,,0.0,0.0,0.0,0.0,0.0,0.0,0.0,0.0,0.0,0.0,0.0,0.0,,0.0,0.0,0.0,0.0,0.0,0.0,0.0,0.0,0.0,0.0,0.0,0.0,0.0,0.0,0.0,0.0,0.0,0.0,0.0,0.0,0.0,0.0,0.0,0.0,0.0,0.0,0.0,0.0,0.0,0.0,,0.0,0.0,0.0,0.0,0.0,0.0,0.0,0.0,0.0,0.0,0.0,0.0,0.0,0.0,0.0,0.0,0.0,0.0,0.0,0.0,0.0,0.0,0.0,0.0
2019-44,0.0,0.0,0.0,0.0,0.0,0.0,0.0,,,0.0,,,,0.0,,,,0.0,0.0,0.0,0.0,0.0,0.0,0.0,,0.0,0.0,0.0,0.0,0.0,,0.0,0.0,0.0,0.0,0.0,0.0,0.0,0.0,0.0,0.0,0.0,0.0,0.0,0.0,0.0,0.0,,0.0,0.0,0.0,0.0,0.0,0.0,0.0,0.0,0.0,0.0,0.0,0.0,0.0,0.0,0.0,0.0,0.0,0.0,0.0,0.0,0.0,0.0,0.0,0.0,0.0,0.0,0.0,0.0,0.0,0.0,0.0,0.0,0.0,0.0,0.0,0.0,0.0,0.0,0.0,,0.0,0.0,0.0,0.0,0.0,0.0,0.0,0.0,0.0,0.0,0.0,0.0,0.0,0.0,0.0,0.0,0.0,0.0,,,,,,,0.0,,0.0,0.0,0.0,0.0,0.0,0.0,0.0,0.0,0.0,0.0,0.0,0.0,0.0,0.0,0.0,0.0,0.0,0.0,0.0,,0.0,0.0,0.0,0.0,0.0,0.0,0.0,0.0,0.0,0.0,0.0,0.0,0.0,0.0,0.0,0.0,0.0,0.0,0.0,0.0,0.0,0.0,0.0,0.0,0.0,0.0,0.0,0.0,0.0,0.0,0.0,0.0,0.0,0.0,0.0,0.0,0.0,0.0,0.0,0.0,0.0,0.0,0.0,0.0,0.0,0.0,0.0,0.0,0.0,0.0,0.0,0.0,0.0,0.0,0.0,0.0,0.0,,0.0,0.0,0.0,0.0,0.0,0.0,0.0,0.0,0.0,0.0,0.0,0.0,0.0,,0.0,0.0,0.0,0.0,0.0,0.0,0.0,0.0,0.0,0.0,0.0,0.0,,0.0,0.0,0.0,0.0,0.0,0.0,0.0,0.0,0.0,0.0,0.0,0.0,0.0,0.0,0.0,0.0,0.0,0.0,0.0,0.0,0.0,0.0,0.0,0.0,0.0,0.0,0.0,0.0,0.0,0.0,,0.0,0.0,0.0,0.0,0.0,0.0,0.0,0.0,0.0,0.0,0.0,0.0,0.0,0.0,0.0,0.0,0.0,0.0,0.0,0.0,0.0,0.0,0.0,0.0
2019-45,0.0,0.0,0.0,0.0,0.0,0.0,0.0,,0.0,0.0,0.0,0.0,,0.0,,,,0.0,0.0,0.0,0.0,0.0,0.0,0.0,0.0,0.0,0.0,0.0,0.0,0.0,,0.0,0.0,0.0,0.0,0.0,0.0,0.0,0.0,0.0,0.0,0.0,0.0,0.0,0.0,0.0,0.0,,0.0,0.0,0.0,0.0,0.0,0.0,0.0,0.0,0.0,0.0,0.0,0.0,0.0,0.0,0.0,0.0,0.0,0.0,0.0,0.0,0.0,0.0,0.0,0.0,0.0,0.0,0.0,0.0,0.0,0.0,0.0,0.0,0.0,0.0,0.0,0.0,0.0,0.0,0.0,,0.0,0.0,0.0,0.0,0.0,0.0,0.0,0.0,0.0,0.0,0.0,0.0,0.0,0.0,0.0,0.0,0.0,0.0,,,,,,,0.0,,0.0,0.0,0.0,0.0,0.0,0.0,0.0,0.0,0.0,0.0,0.0,0.0,0.0,0.0,0.0,0.0,0.0,0.0,0.0,,0.0,0.0,0.0,0.0,0.0,0.0,0.0,0.0,0.0,0.0,0.0,0.0,0.0,0.0,0.0,0.0,0.0,0.0,0.0,0.0,0.0,0.0,0.0,0.0,0.0,0.0,0.0,0.0,0.0,0.0,0.0,0.0,0.0,0.0,0.0,0.0,0.0,0.0,0.0,0.0,0.0,0.0,0.0,0.0,0.0,0.0,0.0,0.0,0.0,0.0,0.0,0.0,0.0,0.0,0.0,0.0,0.0,,0.0,0.0,0.0,0.0,0.0,0.0,0.0,0.0,0.0,0.0,0.0,0.0,0.0,,0.0,0.0,0.0,0.0,0.0,0.0,0.0,0.0,0.0,0.0,0.0,0.0,,0.0,0.0,0.0,0.0,0.0,0.0,0.0,0.0,0.0,0.0,0.0,0.0,0.0,0.0,0.0,0.0,0.0,0.0,0.0,0.0,0.0,0.0,0.0,0.0,0.0,0.0,0.0,0.0,0.0,0.0,,0.0,0.0,0.0,0.0,0.0,0.0,0.0,0.0,0.0,0.0,0.0,0.0,0.0,0.0,0.0,0.0,0.0,0.0,0.0,0.0,0.0,0.0,0.0,0.0
2019-46,0.0,0.0,0.0,0.0,0.0,0.0,0.0,0.0,0.0,0.0,0.0,0.0,,0.0,,,,0.0,0.0,0.0,0.0,0.0,0.0,0.0,0.0,0.0,0.0,0.0,0.0,0.0,,0.0,0.0,0.0,0.0,0.0,0.0,0.0,0.0,0.0,0.0,0.0,0.0,0.0,0.0,0.0,0.0,,0.0,0.0,0.0,0.0,0.0,0.0,0.0,0.0,0.0,0.0,0.0,0.0,0.0,0.0,0.0,0.0,0.0,0.0,0.0,0.0,0.0,0.0,0.0,0.0,0.0,0.0,0.0,0.0,0.0,0.0,0.0,0.0,0.0,0.0,0.0,0.0,0.0,0.0,0.0,,0.0,0.0,0.0,0.0,0.0,0.0,0.0,0.0,0.0,0.0,0.0,0.0,0.0,0.0,0.0,0.0,0.0,0.0,,,,,,,0.0,,0.0,0.0,0.0,0.0,0.0,0.0,0.0,0.0,0.0,0.0,0.0,0.0,0.0,0.0,0.0,0.0,0.0,0.0,0.0,0.0,0.0,0.0,0.0,0.0,0.0,0.0,0.0,0.0,0.0,0.0,0.0,0.0,0.0,0.0,0.0,0.0,0.0,0.0,0.0,0.0,0.0,0.0,0.0,0.0,0.0,0.0,0.0,0.0,0.0,0.0,0.0,0.0,0.0,0.0,0.0,0.0,0.0,0.0,0.0,0.0,0.0,0.0,0.0,0.0,0.0,0.0,0.0,0.0,0.0,0.0,0.0,0.0,0.0,0.0,0.0,0.0,0.0,,0.0,0.0,0.0,0.0,0.0,0.0,0.0,0.0,0.0,0.0,0.0,0.0,0.0,,0.0,0.0,0.0,0.0,0.0,0.0,0.0,0.0,0.0,0.0,0.0,0.0,,0.0,0.0,0.0,0.0,0.0,0.0,0.0,0.0,0.0,0.0,0.0,0.0,0.0,0.0,0.0,0.0,0.0,0.0,0.0,0.0,0.0,0.0,0.0,0.0,0.0,0.0,0.0,0.0,0.0,0.0,,0.0,0.0,0.0,0.0,0.0,0.0,0.0,0.0,0.0,0.0,0.0,0.0,0.0,0.0,0.0,0.0,0.0,0.0,0.0,0.0,0.0,0.0,0.0,0.0
2019-47,0.0,0.0,0.0,0.0,0.0,0.0,0.0,0.0,0.0,0.0,0.0,0.0,,0.0,0.0,,,0.0,0.0,0.0,0.0,0.0,0.0,0.0,0.0,0.0,0.0,0.0,0.0,0.0,,0.0,0.0,0.0,0.0,0.0,0.0,0.0,0.0,0.0,0.0,0.0,0.0,0.0,0.0,0.0,0.0,0.0,0.0,0.0,0.0,0.0,0.0,0.0,0.0,0.0,0.0,0.0,0.0,0.0,0.0,0.0,0.0,0.0,0.0,0.0,0.0,0.0,0.0,0.0,0.0,0.0,0.0,0.0,0.0,0.0,0.0,0.0,0.0,0.0,0.0,0.0,0.0,0.0,0.0,0.0,0.0,,0.0,0.0,0.0,0.0,0.0,0.0,0.0,0.0,0.0,0.0,0.0,0.0,0.0,0.0,0.0,0.0,0.0,0.0,,,,,,,0.0,0.0,0.0,0.0,0.0,0.0,0.0,0.0,0.0,0.0,0.0,0.0,0.0,0.0,0.0,0.0,0.0,0.0,0.0,0.0,0.0,0.0,0.0,0.0,0.0,0.0,0.0,0.0,0.0,0.0,0.0,0.0,0.0,0.0,0.0,0.0,0.0,0.0,0.0,0.0,0.0,0.0,0.0,0.0,0.0,0.0,0.0,0.0,0.0,0.0,0.0,0.0,0.0,0.0,0.0,0.0,0.0,0.0,0.0,0.0,0.0,0.0,0.0,0.0,0.0,0.0,0.0,0.0,0.0,0.0,0.0,0.0,0.0,0.0,0.0,0.0,0.0,0.0,0.0,,0.0,0.0,0.0,0.0,0.0,0.0,0.0,0.0,0.0,0.0,0.0,0.0,0.0,0.0,0.0,0.0,0.0,0.0,0.0,0.0,0.0,0.0,0.0,0.0,0.0,0.0,,0.0,0.0,0.0,0.0,0.0,0.0,0.0,0.0,0.0,0.0,0.0,0.0,0.0,0.0,0.0,0.0,0.0,0.0,0.0,0.0,0.0,0.0,0.0,0.0,0.0,0.0,0.0,0.0,0.0,0.0,,0.0,0.0,0.0,0.0,0.0,0.0,0.0,0.0,0.0,0.0,0.0,0.0,0.0,0.0,0.0,0.0,0.0,0.0,0.0,0.0,0.0,0.0,0.0,0.0
2019-48,0.0,0.0,0.0,0.0,0.0,0.0,0.0,0.0,0.0,0.0,0.0,0.0,0.0,0.0,0.0,0.0,0.0,0.0,0.0,0.0,0.0,0.0,0.0,0.0,0.0,0.0,0.0,0.0,0.0,0.0,,0.0,0.0,0.0,0.0,0.0,0.0,0.0,0.0,0.0,0.0,0.0,0.0,0.0,0.0,0.0,0.0,0.0,0.0,0.0,0.0,0.0,0.0,0.0,0.0,0.0,0.0,0.0,0.0,0.0,0.0,0.0,0.0,0.0,0.0,0.0,0.0,0.0,0.0,0.0,0.0,0.0,0.0,0.0,0.0,0.0,0.0,0.0,0.0,0.0,0.0,0.0,0.0,0.0,0.0,0.0,0.0,,0.0,0.0,0.0,0.0,0.0,0.0,0.0,0.0,0.0,0.0,0.0,0.0,0.0,0.0,0.0,0.0,0.0,0.0,,,,,,,0.0,0.0,0.0,0.0,0.0,0.0,0.0,0.0,0.0,0.0,0.0,0.0,0.0,0.0,0.0,0.0,0.0,0.0,0.0,0.0,0.0,0.0,0.0,0.0,0.0,0.0,0.0,0.0,0.0,0.0,0.0,0.0,0.0,0.0,0.0,0.0,0.0,0.0,0.0,0.0,0.0,0.0,0.0,0.0,0.0,0.0,0.0,0.0,0.0,0.0,0.0,0.0,0.0,0.0,0.0,0.0,0.0,0.0,0.0,0.0,0.0,0.0,0.0,0.0,0.0,0.0,0.0,0.0,0.0,0.0,0.0,0.0,0.0,0.0,0.0,0.0,0.0,0.0,0.0,0.0,0.0,0.0,0.0,0.0,0.0,0.0,0.0,0.0,0.0,0.0,0.0,0.0,0.0,0.0,0.0,0.0,0.0,0.0,0.0,0.0,0.0,0.0,0.0,0.0,0.0,0.0,,0.0,0.0,0.0,0.0,0.0,0.0,0.0,0.0,0.0,0.0,0.0,0.0,0.0,0.0,0.0,0.0,0.0,0.0,0.0,0.0,0.0,0.0,0.0,0.0,0.0,0.0,0.0,0.0,0.0,0.0,,0.0,0.0,0.0,0.0,0.0,0.0,0.0,0.0,0.0,0.0,0.0,0.0,0.0,0.0,0.0,0.0,0.0,0.0,0.0,0.0,0.0,0.0,0.0,0.0
2019-49,0.0,0.0,0.0,0.0,0.0,0.0,0.0,0.0,0.0,0.0,0.0,0.0,0.0,0.0,0.0,0.0,0.0,0.0,0.0,0.0,0.0,0.0,0.0,0.0,0.0,0.0,0.0,0.0,0.0,0.0,,0.0,0.0,0.0,0.0,0.0,0.0,0.0,0.0,0.0,0.0,0.0,0.0,0.0,0.0,0.0,0.0,0.0,0.0,0.0,0.0,0.0,0.0,0.0,0.0,0.0,0.0,0.0,0.0,0.0,0.0,0.0,0.0,0.0,0.0,0.0,0.0,0.0,0.0,0.0,0.0,0.0,0.0,0.0,0.0,0.0,0.0,0.0,0.0,0.0,0.0,0.0,0.0,0.0,0.0,0.0,0.0,,0.0,0.0,0.0,0.0,0.0,0.0,0.0,0.0,0.0,0.0,0.0,0.0,0.0,0.0,0.0,0.0,0.0,0.0,,,,,,,0.0,0.0,0.0,0.0,0.0,0.0,0.0,0.0,0.0,0.0,0.0,0.0,0.0,0.0,0.0,0.0,0.0,0.0,0.0,0.0,0.0,0.0,0.0,0.0,0.0,0.0,0.0,0.0,0.0,0.0,0.0,0.0,0.0,0.0,0.0,0.0,0.0,0.0,0.0,0.0,0.0,0.0,0.0,0.0,0.0,0.0,0.0,0.0,0.0,0.0,0.0,0.0,0.0,0.0,0.0,0.0,0.0,0.0,0.0,0.0,0.0,0.0,0.0,0.0,0.0,0.0,0.0,0.0,0.0,0.0,0.0,0.0,0.0,0.0,0.0,0.0,0.0,0.0,0.0,0.0,0.0,0.0,0.0,0.0,0.0,0.0,0.0,0.0,0.0,0.0,0.0,0.0,0.0,0.0,0.0,0.0,0.0,0.0,0.0,0.0,0.0,0.0,0.0,0.0,0.0,0.0,,0.0,0.0,0.0,0.0,0.0,0.0,0.0,0.0,0.0,0.0,0.0,0.0,0.0,0.0,0.0,0.0,0.0,0.0,0.0,0.0,0.0,0.0,0.0,0.0,0.0,0.0,0.0,0.0,0.0,0.0,,0.0,0.0,0.0,0.0,0.0,0.0,0.0,0.0,0.0,0.0,0.0,0.0,0.0,0.0,0.0,0.0,0.0,0.0,0.0,0.0,0.0,0.0,0.0,0.0
2019-50,0.0,0.0,0.0,0.0,0.0,0.0,0.0,0.0,0.0,0.0,0.0,0.0,0.0,0.0,0.0,0.0,0.0,0.0,0.0,0.0,0.0,0.0,0.0,0.0,0.0,0.0,0.0,0.0,0.0,0.0,,0.0,0.0,0.0,0.0,0.0,0.0,0.0,0.0,0.0,0.0,0.0,0.0,0.0,0.0,0.0,0.0,0.0,0.0,0.0,0.0,0.0,0.0,0.0,0.0,0.0,0.0,0.0,0.0,0.0,0.0,0.0,0.0,0.0,0.0,0.0,0.0,0.0,0.0,0.0,0.0,0.0,0.0,0.0,0.0,0.0,0.0,0.0,0.0,0.0,0.0,0.0,0.0,0.0,0.0,0.0,0.0,,0.0,0.0,0.0,0.0,0.0,0.0,0.0,0.0,0.0,0.0,0.0,0.0,0.0,0.0,0.0,0.0,0.0,0.0,,,,,,,0.0,0.0,0.0,0.0,0.0,0.0,0.0,0.0,0.0,0.0,0.0,0.0,0.0,0.0,0.0,0.0,0.0,0.0,0.0,0.0,0.0,0.0,0.0,0.0,0.0,0.0,0.0,0.0,0.0,0.0,0.0,0.0,0.0,0.0,0.0,0.0,0.0,0.0,0.0,0.0,0.0,0.0,0.0,0.0,0.0,0.0,0.0,0.0,0.0,0.0,0.0,0.0,0.0,0.0,0.0,0.0,0.0,0.0,0.0,0.0,0.0,0.0,0.0,0.0,0.0,0.0,0.0,0.0,0.0,0.0,0.0,0.0,0.0,0.0,0.0,0.0,0.0,0.0,0.0,0.0,0.0,0.0,0.0,0.0,0.0,0.0,0.0,0.0,0.0,0.0,0.0,0.0,0.0,0.0,0.0,0.0,0.0,0.0,0.0,0.0,0.0,0.0,0.0,0.0,0.0,0.0,,0.0,0.0,0.0,0.0,0.0,0.0,0.0,0.0,0.0,0.0,0.0,0.0,0.0,0.0,0.0,0.0,0.0,0.0,0.0,0.0,0.0,0.0,0.0,0.0,0.0,0.0,0.0,0.0,0.0,0.0,0.0,0.0,0.0,0.0,0.0,0.0,0.0,0.0,0.0,0.0,0.0,0.0,0.0,0.0,0.0,0.0,0.0,0.0,0.0,0.0,0.0,0.0,0.0,0.0,0.0
2019-51,0.0,0.0,0.0,0.0,0.0,0.0,0.0,0.0,0.0,0.0,0.0,0.0,0.0,0.0,0.0,0.0,0.0,0.0,0.0,0.0,0.0,0.0,0.0,0.0,0.0,0.0,0.0,0.0,0.0,0.0,0.0,0.0,0.0,0.0,0.0,0.0,0.0,0.0,0.0,0.0,0.0,0.0,0.0,0.0,0.0,0.0,0.0,0.0,0.0,0.0,0.0,0.0,0.0,0.0,0.0,0.0,0.0,0.0,0.0,0.0,0.0,0.0,0.0,0.0,0.0,0.0,0.0,0.0,0.0,0.0,0.0,0.0,0.0,0.0,0.0,0.0,0.0,0.0,0.0,0.0,0.0,0.0,0.0,0.0,0.0,0.0,0.0,,0.0,0.0,0.0,0.0,0.0,0.0,0.0,0.0,0.0,0.0,0.0,0.0,0.0,0.0,0.0,0.0,0.0,0.0,0.0,0.0,0.0,0.0,0.0,0.0,0.0,0.0,0.0,0.0,0.0,0.0,0.0,0.0,0.0,0.0,0.0,0.0,0.0,0.0,0.0,0.0,0.0,0.0,0.0,0.0,0.0,0.0,0.0,0.0,0.0,0.0,0.0,0.0,0.0,0.0,0.0,0.0,0.0,0.0,0.0,0.0,0.0,0.0,0.0,0.0,0.0,0.0,0.0,0.0,0.0,0.0,0.0,0.0,0.0,0.0,0.0,0.0,0.0,0.0,0.0,0.0,0.0,0.0,0.0,0.0,0.0,0.0,0.0,0.0,0.0,0.0,0.0,0.0,0.0,0.0,0.0,0.0,0.0,0.0,0.0,0.0,0.0,0.0,0.0,0.0,0.0,0.0,0.0,0.0,0.0,0.0,0.0,0.0,0.0,0.0,0.0,0.0,0.0,0.0,0.0,0.0,0.0,0.0,0.0,0.0,0.0,0.0,0.0,0.0,0.0,0.0,,0.0,0.0,0.0,0.0,0.0,0.0,0.0,0.0,0.0,0.0,0.0,0.0,0.0,0.0,0.0,0.0,0.0,0.0,0.0,0.0,0.0,0.0,0.0,0.0,0.0,0.0,0.0,0.0,0.0,0.0,0.0,0.0,0.0,0.0,0.0,0.0,0.0,0.0,0.0,0.0,0.0,0.0,0.0,0.0,0.0,0.0,0.0,0.0,0.0,0.0,0.0,0.0,0.0,0.0,0.0
2019-52,0.0,0.0,0.0,0.0,0.0,0.0,0.0,0.0,0.0,0.0,0.0,0.0,0.0,0.0,0.0,0.0,0.0,0.0,0.0,0.0,0.0,0.0,0.0,0.0,0.0,0.0,0.0,0.0,0.0,0.0,0.0,0.0,0.0,0.0,0.0,0.0,0.0,0.0,0.0,0.0,0.0,0.0,0.0,0.0,0.0,0.0,0.0,0.0,0.0,0.0,0.0,0.0,0.0,0.0,0.0,0.0,0.0,0.0,0.0,0.0,0.0,0.0,0.0,0.0,0.0,0.0,0.0,0.0,0.0,0.0,0.0,0.0,0.0,0.0,0.0,0.0,0.0,0.0,0.0,0.0,0.0,0.0,0.0,0.0,0.0,0.0,0.0,0.0,0.0,0.0,0.0,0.0,0.0,0.0,0.0,0.0,0.0,0.0,0.0,0.0,0.0,0.0,0.0,0.0,0.0,0.0,0.0,0.0,0.0,0.0,0.0,0.0,0.0,0.0,0.0,0.0,0.0,0.0,0.0,0.0,0.0,0.0,0.0,0.0,0.0,0.0,0.0,0.0,0.0,0.0,0.0,0.0,0.0,0.0,0.0,0.0,0.0,0.0,0.0,0.0,0.0,0.0,0.0,0.0,0.0,0.0,0.0,0.0,0.0,0.0,0.0,0.0,0.0,0.0,0.0,0.0,0.0,0.0,0.0,0.0,0.0,0.0,0.0,0.0,0.0,0.0,0.0,0.0,0.0,0.0,0.0,0.0,0.0,0.0,0.0,0.0,0.0,0.0,0.0,0.0,0.0,0.0,0.0,0.0,0.0,0.0,0.0,0.0,0.0,0.0,0.0,0.0,0.0,0.0,0.0,0.0,0.0,0.0,0.0,0.0,0.0,0.0,0.0,0.0,0.0,0.0,0.0,0.0,0.0,0.0,0.0,0.0,0.0,0.0,0.0,0.0,0.0,0.0,,0.0,0.0,0.0,0.0,0.0,0.0,0.0,0.0,0.0,0.0,0.0,0.0,0.0,0.0,0.0,0.0,0.0,0.0,0.0,0.0,0.0,0.0,0.0,0.0,0.0,0.0,0.0,0.0,0.0,0.0,0.0,0.0,0.0,0.0,0.0,0.0,0.0,0.0,0.0,0.0,0.0,0.0,0.0,0.0,0.0,0.0,0.0,0.0,0.0,0.0,0.0,0.0,0.0,0.0,0.0
2019-53,0.0,0.0,0.0,0.0,0.0,0.0,0.0,0.0,0.0,0.0,0.0,0.0,0.0,0.0,0.0,0.0,0.0,0.0,0.0,0.0,0.0,0.0,0.0,0.0,0.0,0.0,0.0,0.0,0.0,0.0,0.0,0.0,0.0,0.0,0.0,0.0,0.0,0.0,0.0,0.0,0.0,0.0,0.0,0.0,0.0,0.0,0.0,0.0,0.0,0.0,0.0,0.0,0.0,0.0,0.0,0.0,0.0,0.0,0.0,0.0,0.0,0.0,0.0,0.0,0.0,0.0,0.0,0.0,0.0,0.0,0.0,0.0,0.0,0.0,0.0,0.0,0.0,0.0,0.0,0.0,0.0,0.0,0.0,0.0,0.0,0.0,0.0,0.0,0.0,0.0,0.0,0.0,0.0,0.0,0.0,0.0,0.0,0.0,0.0,0.0,0.0,0.0,0.0,0.0,0.0,0.0,0.0,0.0,0.0,0.0,0.0,0.0,0.0,0.0,0.0,0.0,0.0,0.0,0.0,0.0,0.0,0.0,0.0,0.0,0.0,0.0,0.0,0.0,0.0,0.0,0.0,0.0,0.0,0.0,0.0,0.0,0.0,0.0,0.0,0.0,0.0,0.0,0.0,0.0,0.0,0.0,0.0,0.0,0.0,0.0,0.0,0.0,0.0,0.0,0.0,0.0,0.0,0.0,0.0,0.0,0.0,0.0,0.0,0.0,0.0,0.0,0.0,0.0,0.0,0.0,0.0,0.0,0.0,0.0,0.0,0.0,0.0,0.0,0.0,0.0,0.0,0.0,0.0,0.0,0.0,0.0,0.0,0.0,0.0,0.0,0.0,0.0,0.0,0.0,0.0,0.0,0.0,0.0,0.0,0.0,0.0,0.0,0.0,0.0,0.0,0.0,0.0,0.0,0.0,0.0,0.0,0.0,0.0,0.0,0.0,0.0,0.0,0.0,,0.0,0.0,0.0,0.0,0.0,0.0,0.0,0.0,0.0,0.0,0.0,0.0,0.0,0.0,0.0,0.0,0.0,0.0,0.0,0.0,0.0,0.0,0.0,0.0,0.0,0.0,0.0,0.0,0.0,0.0,0.0,0.0,0.0,0.0,0.0,0.0,0.0,0.0,0.0,0.0,0.0,0.0,0.0,0.0,0.0,0.0,0.0,0.0,0.0,0.0,0.0,0.0,0.0,0.0,0.0
