Week,"""Hand-,_voet-_en_mondziekte""",Aardbeientong,Abasie,Acholurie,Achylie,Acidose,Acrocyanose,Acrodynie,Acute_buik,Acute_cholangitis,Acuut_reuma,Adenovirussen,Aerofagie,Afasie,Afrikaanse-paardenpestvirus,Ageusie,Agrafie,Aids,Akabanevirus,Akinesie,Alalie,Albuminurie,Alexie,Amerikaans_vuilbroed,Amnestische_afasie,Anorexie,Anosmie,Anurie,Apraxie,Arbovirussen,Arenavirussen,Artralgie,Asdrukpijn,Astasie,Asthenie,Ataxie,Athetose,Aura_(symptoom),Aviair_reovirus,Aviaire_influenza,Aziatische_griep,Azotemie,BCG-vaccin,BMR-vaccin,Bacillendrager,Bacteriofaag,Bewusteloosheid,Bindvliesontsteking,Blaascollaps,Black-out_(geheugen),Blauwe_plek,Blauwtongvirus,Blefarospasme,Bloedarmoede,Bloedneus,Bloedspuwing,Bloeduitstorting,Blozen,Boer_(geluid),Bof,Bornavirus,Boviene_virale_diarree,Bradykinesie,Braken_(lichaamsfunctie),Brilhematoom,Bronchitis,Bronchospasme,Buikgriep,Buikpijn,Cachexie,Centrum_Infectieziektebestrijding,Cervarix,Cervicogene_hoofdpijn,Chaparevirus,Chikungunya-virus,Cholera-uitbraak_in_Zimbabwe_in_2008-2009,Chronische_pijn,Coccidiose,Cocoliztli,Coma_(geneeskunde),Coronavirinae,Coronavirussen,Coxsackievirus,Cuevavirus,Cyanose,Cyanovirus,Cytokinestorm,Cytomegalie,DIVA-vaccin,DKTP-vaccin,DNA-virus,DTP-vaccin,Decorumverlies,Dengue,Desoriëntatie,Drive_Against_Malaria,Drukpijn,Dysenterie,Dysosmie,Dyspepsie,ECHO-virus,Ebola,Ebola-uitbraak_in_Congo_in_2014,Ebola-uitbraak_in_West-Afrika_in_2014,Ebolavirus,Endemie_(geneeskunde),Endocarditis,Endometritis,Enterotoxine,Enterovirussen,Epidemie,Epidermodysplasia_verruciformis,Epstein-barrvirus,Exantheem,Exophtalmus,Fasciculatie,Felien_immunodeficiëntievirus,Feliene_infectueuze_peritonitis,Fibrose,Filovirussen,Flavivirus,Flegmone,Fructosurie,Frühsommer-Meningoenzephalitis,Gardasil,Geelzucht,Gele-koortsvirus,Gele_koorts,Geleidingsafasie,Gemengde_afasie,Glucosurie,Gordelroos,Griep,Griepprik,Groeipijn,Gumboro,H1N1,H2N2,H5N1-chronologie,H5N2,HBsAg,Halitose,Hantavirus,Hematurie,Hemoglobinurie,Hemolyse,Hemolytische_anemie,Hemoptoë,Hepatitis_A,Hepatitis_B,Hepatitis_C,Hepatitis_E,Hepatitisvirus,Hepatosplenomegalie,Hersenvliesontsteking,Hiv,Hoest,Hondsdolheid,Hongkonggriep,Hoofdpijn,Humaan_papillomavirus,Human_parvovirus_B19,Hyperglykemie,Hyperkaliëmie,Hypernatriëmie,Hyperpyrexie,Hyperventilatie,Hypokaliëmie,Hypokinesie,Hyponatriëmie,Hypotensie,Hypovirus,IJshoofdpijn,Imperatieve_hallucinaties,Infectie,Infectieuze_bronchitis,Infectieziekte,Influenza_A_(H1N1)_in_Azië,Influenza_A_(H1N1)_in_Europa,Influenza_A_(H1N1)_in_Noord-Amerika,Influenzavirus_A,Informatiestress,Intentietremor,JC-virus,Japanse_encefalitis,Junín_(virus),Keelontsteking,Ketoacidose,Klapvoet,Klierkoorts,Knollenmozaïekvirus,Koliekpijn,Koorts,Koortslip,Koortsstuip,Kortademigheid,Koude_rilling,Krim-Congo-hemorragische_koorts,Kroep_(ziekte),Krokodillentranen,Kussmaul-ademhaling,Lage_rugpijn,Lassakoorts,Latente_infectie,Ligamenvirales,Lijst_van_virussen,Lipothrixviridae,Longontsteking,Lumbago,Malaise,Marburgvirus,Marseillevirus,Maskergelaat,Mastoïditis,Mazelen,Mazelenvirus,Melena,Merkelcelpolyomavirus,Metritis,Mexicaanse_griep,Microalbuminurie,Middle_East_respiratory_syndrome,Middle_East_respiratory_syndrome_coronavirus,Mimivirus,Misselijkheid,Mok_(ziekte),Mond-en-klauwzeer,Mononegavirales,Motorische_afasie,Mozaïekvirus,Murray_Valley-virus,Mycovirus,Mydriase,Neglect,Neurogene_pijn,Neusvleugelen,Niezen,Nociceptieve_pijn,Norovirus,Oedeem,Ondergewicht,Opisthotonus,Opportunistische_infectie,Orale_focale_infectie,Orbivirus,Orgaanfalen,Orsayvirus,Orthobunyavirus,Orthomyxovirus,Orthopneu,Oscillopsie,Osteomyelitis,Pandemrix,Papovavirus,Paramyxovirus,Paresthesie,Parotitis,Parvovirose,Parvovirus,Parvovirus_B19,Passieve_immuniteit,Pathogeen,Pathognomonisch,Pest_van_Antoninus,Pest_van_Cyprianus,Pest_van_Justinianus,Pestepidemie_in_Amsterdam,Pestepidemie_in_Londen,Petechiën,Phocine_distemper_virus,Picornavirus,Pijn,Pijn_op_de_borst,Pijngrens,Plantenvirus,Platypneu,Pokken,Pokkenepidemie_van_1972_in_Joegoslavië,Poliomyelitis,Poliovirus,Polydipsie,Polyurie,Porte_d'entrée,Postoperatieve_pijn,Postoperatieve_wondinfectie,Postpoliosyndroom,Prodromale_fase,Prodroom,Projectielbraken,Pseudokroep,Pus,Pustel,RNA-virus,Rabdomyolyse,Reovirus,Respiratoir_syncytieel_virus,Retrovirus_(virologie),Rhinovirus,Rhizomanie,Riftdalkoortsvirus,Rigiditeit,Risus_sardonicus,Rodehond,Ross_River-koorts,Rotavirus,Rubellavirus,Rugpijn,Ruimteziekte,Russian_spring-summer_encephalitis,SARS,SARS-virus,Sabinvaccin,Salkvaccin,Satellietvirus,Schildkliervergroting,Schmallenbergvirus,Sense_(moleculaire_biologie),Sensorische_afasie,Septische_shock,Sharka-virus,Spaanse_griep,Spanningshoofdpijn,Spierkater,Spierpijn,Sputum,Stand_van_Bonnet,Steatorroe,Stress,Stridor,Subacute_scleroserende_panencefalitis,Subklinische_endometritis,Superinfectie,Symptoom,Symptoom_van_Bell,Symptoomloze_drager,Syncope_(medisch),Tabaksmozaïekvirus,Tabaksringvlekvirus,Tachycardie,Tachypnoe,Tandvleesontsteking,Third_Cyprinid_Herpesvirus,Tracheïtis,Transcorticale_motorische_afasie,Transcorticale_sensorische_afasie,Tremor,Triple_gene_block,Urethritis,Usutuvirus,Uveïtis,Vaccin,Vaginale_candidainfectie,Varkensgriep,Venezolaanse_equïene_encefalitis,Vergelingsziekte_(suikerbiet),Verkoudheid,Vermoeidheid,Versterkte_bloedingsneiging,Virale_hemorragische_koorts,Virilisatie,Virus_(biologie),Visuele_agnosie,Voedselinfectie,Waterpokken,Waterwrat,Weduwnaarspijn,Weerpijn,Westnijlvirus,Westnijlziekte,Winderigheid,Wortelprikkeling,Wrat,Xenotropic_murine_leukemia_virus-related_virus,Zadelneus,Zaïre_ebolavirus,Ziekenhuisinfectie,Ziekte-inzicht,Ziekte_van_Bornholm,Ziektebeeld,Zikakoorts,Zikavirus,Zweetziekte
2016-01,0.0,71.0,20.0,11.0,8.0,396.0,93.0,19.0,132.0,111.0,209.0,75.0,34.0,838.0,6.0,7.0,57.0,1294.0,7.0,51.0,5.0,225.0,71.0,18.0,106.0,87.0,114.0,46.0,504.0,25.0,12.0,48.0,12.0,15.0,105.0,1398.0,124.0,0.0,3.0,16.0,41.0,47.0,151.0,184.0,11.0,654.0,133.0,181.0,0.0,0.0,56.0,9.0,42.0,971.0,67.0,109.0,322.0,58.0,0.0,508.0,15.0,42.0,46.0,0.0,33.0,885.0,89.0,403.0,221.0,200.0,6.0,37.0,113.0,3.0,191.0,12.0,171.0,56.0,10.0,0.0,2.0,101.0,138.0,7.0,376.0,0.0,18.0,97.0,11.0,206.0,52.0,63.0,237.0,572.0,0.0,2.0,21.0,504.0,57.0,344.0,26.0,621.0,15.0,126.0,88.0,0.0,214.0,90.0,45.0,113.0,331.0,19.0,509.0,207.0,2.0,239.0,0.0,63.0,1.0,46.0,34.0,142.0,5.0,0.0,39.0,551.0,5.0,274.0,20.0,36.0,80.0,702.0,763.0,48.0,118.0,13.0,179.0,21.0,4.0,17.0,40.0,13.0,102.0,175.0,44.0,625.0,160.0,0.0,354.0,687.0,343.0,78.0,48.0,49.0,1125.0,778.0,113.0,534.0,41.0,281.0,634.0,6.0,207.0,0.0,0.0,15.0,433.0,0.0,8.0,0.0,164.0,0.0,71.0,25.0,571.0,8.0,313.0,0.0,0.0,0.0,75.0,34.0,86.0,66.0,33.0,0.0,444.0,32.0,172.0,1052.0,0.0,257.0,1120.0,329.0,104.0,113.0,385.0,6.0,0.0,78.0,0.0,65.0,312.0,31.0,0.0,84.0,0.0,1365.0,383.0,327.0,137.0,6.0,30.0,0.0,434.0,27.0,219.0,15.0,10.0,257.0,130.0,29.0,27.0,14.0,96.0,0.0,242.0,14.0,174.0,0.0,0.0,8.0,94.0,532.0,43.0,52.0,242.0,160.0,563.0,693.0,38.0,71.0,130.0,13.0,1.0,37.0,0.0,6.0,81.0,233.0,56.0,294.0,22.0,16.0,32.0,577.0,72.0,33.0,28.0,135.0,189.0,468.0,100.0,38.0,14.0,41.0,45.0,34.0,0.0,7.0,65.0,386.0,44.0,62.0,31.0,34.0,405.0,0.0,515.0,58.0,198.0,163.0,0.0,36.0,21.0,22.0,73.0,47.0,74.0,279.0,195.0,71.0,74.0,183.0,27.0,265.0,0.0,171.0,16.0,4.0,165.0,22.0,443.0,0.0,179.0,0.0,98.0,27.0,4.0,182.0,34.0,10.0,18.0,11.0,175.0,44.0,0.0,135.0,155.0,9.0,333.0,211.0,37.0,236.0,284.0,47.0,119.0,648.0,239.0,54.0,16.0,16.0,279.0,17.0,11.0,0.0,0.0,6.0,449.0,72.0,81.0,21.0,0.0,24.0,26.0,389.0,3.0,78.0,0.0,0.0,238.0,76.0,108.0,0.0,0.0,616.0,84.0,73.0,29.0,0.0,0.0,88.0,41.0,699.0,157.0,20.0,84.0,0.0,0.0,266.0,7.0,371.0,17.0,24.0,0.0,67.0,19.0,70.0,57.0,0.0,0.0,83.0
2016-02,0.0,47.0,15.0,7.0,7.0,290.0,79.0,15.0,94.0,85.0,173.0,107.0,25.0,894.0,3.0,10.0,75.0,1625.0,5.0,44.0,4.0,222.0,97.0,18.0,93.0,106.0,123.0,52.0,413.0,24.0,7.0,41.0,22.0,17.0,100.0,701.0,120.0,0.0,2.0,19.0,36.0,24.0,166.0,232.0,6.0,215.0,118.0,177.0,0.0,0.0,60.0,16.0,35.0,1015.0,85.0,133.0,285.0,35.0,0.0,566.0,14.0,36.0,32.0,0.0,41.0,800.0,99.0,362.0,189.0,242.0,7.0,34.0,90.0,3.0,208.0,9.0,121.0,30.0,9.0,0.0,0.0,78.0,162.0,6.0,455.0,0.0,26.0,103.0,10.0,229.0,57.0,52.0,283.0,673.0,0.0,1.0,18.0,329.0,73.0,317.0,28.0,820.0,14.0,168.0,111.0,0.0,235.0,68.0,30.0,95.0,367.0,20.0,572.0,205.0,0.0,274.0,0.0,80.0,0.0,59.0,45.0,115.0,4.0,0.0,39.0,656.0,4.0,350.0,31.0,49.0,93.0,639.0,805.0,37.0,152.0,12.0,203.0,16.0,9.0,10.0,49.0,16.0,118.0,344.0,42.0,514.0,170.0,0.0,423.0,861.0,367.0,78.0,35.0,62.0,1104.0,849.0,120.0,575.0,49.0,287.0,674.0,0.0,218.0,0.0,0.0,16.0,468.0,0.0,9.0,0.0,169.0,0.0,70.0,16.0,566.0,5.0,363.0,0.0,0.0,0.0,100.0,41.0,64.0,76.0,39.0,0.0,406.0,14.0,186.0,1198.0,0.0,231.0,1142.0,281.0,168.0,94.0,352.0,9.0,0.0,45.0,0.0,69.0,87.0,27.0,0.0,128.0,0.0,1275.0,284.0,311.0,106.0,1.0,40.0,0.0,533.0,40.0,209.0,15.0,10.0,341.0,146.0,28.0,19.0,10.0,75.0,0.0,296.0,10.0,168.0,0.0,0.0,9.0,119.0,230.0,38.0,48.0,226.0,186.0,669.0,665.0,27.0,89.0,124.0,13.0,1.0,65.0,0.0,3.0,61.0,288.0,34.0,275.0,31.0,23.0,56.0,548.0,82.0,35.0,22.0,118.0,202.0,457.0,95.0,40.0,16.0,46.0,30.0,41.0,0.0,9.0,36.0,391.0,26.0,56.0,31.0,40.0,596.0,0.0,791.0,90.0,226.0,180.0,0.0,65.0,34.0,34.0,63.0,54.0,100.0,376.0,209.0,68.0,82.0,171.0,28.0,241.0,0.0,160.0,14.0,2.0,166.0,24.0,603.0,0.0,225.0,6.0,86.0,24.0,8.0,236.0,24.0,4.0,16.0,8.0,178.0,28.0,0.0,118.0,102.0,14.0,348.0,201.0,58.0,266.0,195.0,52.0,149.0,612.0,288.0,72.0,14.0,39.0,220.0,14.0,12.0,0.0,0.0,3.0,448.0,72.0,105.0,11.0,0.0,19.0,29.0,410.0,2.0,70.0,0.0,0.0,257.0,75.0,181.0,0.0,0.0,579.0,106.0,118.0,38.0,1.0,0.0,56.0,37.0,650.0,154.0,16.0,66.0,0.0,0.0,338.0,2.0,347.0,21.0,20.0,0.0,103.0,34.0,56.0,73.0,0.0,1.0,117.0
2016-03,0.0,57.0,15.0,3.0,6.0,199.0,123.0,9.0,108.0,106.0,174.0,93.0,23.0,828.0,8.0,8.0,65.0,1802.0,5.0,60.0,4.0,186.0,87.0,17.0,96.0,103.0,175.0,71.0,406.0,44.0,4.0,45.0,20.0,12.0,86.0,706.0,80.0,0.0,0.0,13.0,47.0,57.0,132.0,234.0,8.0,207.0,133.0,180.0,0.0,0.0,57.0,11.0,26.0,1012.0,88.0,121.0,290.0,40.0,0.0,855.0,26.0,36.0,44.0,0.0,28.0,837.0,104.0,468.0,196.0,269.0,6.0,33.0,106.0,3.0,443.0,4.0,111.0,35.0,13.0,0.0,1.0,124.0,193.0,13.0,433.0,0.0,32.0,89.0,16.0,198.0,51.0,56.0,281.0,1379.0,0.0,0.0,10.0,461.0,55.0,418.0,41.0,699.0,11.0,131.0,84.0,0.0,225.0,58.0,41.0,1351.0,465.0,28.0,594.0,202.0,2.0,256.0,0.0,68.0,0.0,67.0,281.0,141.0,9.0,0.0,39.0,675.0,4.0,455.0,37.0,37.0,95.0,639.0,1132.0,95.0,79.0,16.0,319.0,18.0,4.0,15.0,69.0,19.0,155.0,200.0,48.0,483.0,145.0,0.0,585.0,1001.0,1701.0,99.0,66.0,51.0,1028.0,1066.0,124.0,635.0,54.0,234.0,733.0,2.0,206.0,0.0,0.0,19.0,445.0,0.0,6.0,0.0,175.0,0.0,48.0,32.0,564.0,5.0,370.0,0.0,0.0,0.0,200.0,39.0,70.0,69.0,136.0,0.0,395.0,21.0,228.0,1142.0,0.0,205.0,1299.0,308.0,111.0,117.0,356.0,5.0,0.0,52.0,0.0,68.0,53.0,15.0,0.0,190.0,0.0,1379.0,286.0,220.0,105.0,4.0,27.0,0.0,541.0,53.0,213.0,11.0,9.0,851.0,159.0,78.0,54.0,23.0,88.0,0.0,271.0,16.0,171.0,0.0,0.0,10.0,89.0,261.0,41.0,31.0,247.0,229.0,964.0,755.0,31.0,90.0,146.0,6.0,4.0,41.0,0.0,6.0,81.0,244.0,72.0,250.0,36.0,30.0,65.0,523.0,81.0,65.0,32.0,111.0,164.0,471.0,119.0,40.0,15.0,49.0,131.0,44.0,0.0,5.0,73.0,511.0,38.0,50.0,56.0,43.0,991.0,0.0,714.0,189.0,230.0,166.0,0.0,42.0,33.0,39.0,57.0,40.0,88.0,378.0,219.0,79.0,141.0,194.0,30.0,217.0,0.0,172.0,21.0,3.0,184.0,29.0,601.0,0.0,216.0,2.0,66.0,17.0,5.0,284.0,53.0,16.0,17.0,23.0,150.0,29.0,0.0,141.0,138.0,8.0,474.0,225.0,34.0,231.0,224.0,36.0,162.0,553.0,259.0,66.0,16.0,24.0,182.0,13.0,11.0,0.0,0.0,3.0,401.0,62.0,116.0,13.0,0.0,37.0,40.0,365.0,1.0,76.0,0.0,0.0,847.0,76.0,151.0,0.0,0.0,604.0,61.0,139.0,40.0,0.0,0.0,54.0,29.0,803.0,120.0,14.0,103.0,19.0,78.0,280.0,5.0,339.0,21.0,23.0,0.0,73.0,33.0,93.0,52.0,11.0,13.0,119.0
2016-04,0.0,62.0,12.0,5.0,4.0,236.0,97.0,13.0,104.0,83.0,160.0,93.0,19.0,687.0,4.0,13.0,66.0,1663.0,9.0,37.0,5.0,205.0,60.0,19.0,89.0,68.0,157.0,50.0,352.0,48.0,4.0,40.0,20.0,5.0,94.0,442.0,92.0,0.0,5.0,21.0,57.0,45.0,119.0,265.0,13.0,205.0,114.0,232.0,0.0,0.0,44.0,15.0,43.0,990.0,91.0,69.0,269.0,42.0,0.0,578.0,17.0,38.0,40.0,0.0,46.0,785.0,94.0,417.0,247.0,239.0,9.0,32.0,100.0,2.0,500.0,9.0,112.0,38.0,8.0,0.0,3.0,114.0,170.0,8.0,346.0,0.0,26.0,91.0,10.0,284.0,44.0,78.0,230.0,1618.0,0.0,4.0,20.0,306.0,66.0,349.0,28.0,681.0,10.0,147.0,86.0,0.0,237.0,106.0,53.0,216.0,461.0,433.0,486.0,183.0,1.0,264.0,0.0,72.0,2.0,67.0,378.0,107.0,6.0,0.0,40.0,591.0,7.0,559.0,32.0,28.0,94.0,545.0,1471.0,76.0,70.0,15.0,308.0,25.0,8.0,13.0,95.0,14.0,175.0,174.0,52.0,452.0,152.0,0.0,453.0,1037.0,612.0,84.0,67.0,36.0,1216.0,879.0,127.0,572.0,72.0,252.0,645.0,3.0,213.0,0.0,0.0,8.0,429.0,0.0,9.0,0.0,151.0,0.0,45.0,31.0,512.0,11.0,332.0,0.0,0.0,0.0,165.0,26.0,76.0,56.0,162.0,0.0,403.0,19.0,187.0,1098.0,0.0,189.0,1348.0,297.0,146.0,106.0,329.0,14.0,0.0,58.0,0.0,86.0,50.0,32.0,1.0,104.0,0.0,1219.0,280.0,308.0,67.0,3.0,27.0,0.0,1506.0,45.0,168.0,14.0,9.0,684.0,158.0,73.0,41.0,28.0,88.0,0.0,332.0,13.0,121.0,0.0,0.0,10.0,90.0,173.0,38.0,44.0,223.0,144.0,1026.0,654.0,33.0,89.0,141.0,16.0,6.0,73.0,0.0,1.0,83.0,258.0,71.0,246.0,39.0,18.0,36.0,470.0,84.0,68.0,40.0,129.0,173.0,315.0,83.0,44.0,12.0,57.0,50.0,47.0,0.0,6.0,37.0,361.0,50.0,45.0,46.0,34.0,597.0,0.0,639.0,78.0,197.0,151.0,0.0,37.0,33.0,36.0,67.0,52.0,98.0,413.0,200.0,87.0,94.0,219.0,26.0,182.0,0.0,181.0,11.0,4.0,159.0,26.0,586.0,0.0,199.0,2.0,95.0,16.0,10.0,469.0,68.0,9.0,23.0,21.0,147.0,38.0,0.0,105.0,110.0,10.0,489.0,234.0,32.0,325.0,216.0,36.0,116.0,586.0,226.0,57.0,11.0,22.0,178.0,21.0,10.0,0.0,0.0,5.0,345.0,80.0,106.0,10.0,0.0,21.0,27.0,322.0,2.0,73.0,0.0,0.0,243.0,59.0,222.0,0.0,0.0,614.0,113.0,62.0,27.0,0.0,0.0,54.0,24.0,786.0,119.0,7.0,56.0,54.0,241.0,249.0,6.0,359.0,19.0,30.0,0.0,85.0,38.0,68.0,40.0,23.0,408.0,94.0
2016-05,0.0,80.0,9.0,3.0,7.0,197.0,109.0,13.0,83.0,64.0,141.0,103.0,21.0,587.0,3.0,15.0,36.0,1492.0,8.0,35.0,5.0,221.0,47.0,12.0,86.0,89.0,110.0,50.0,233.0,73.0,8.0,43.0,19.0,9.0,98.0,395.0,72.0,0.0,4.0,17.0,52.0,23.0,108.0,208.0,4.0,133.0,80.0,281.0,0.0,0.0,55.0,8.0,44.0,965.0,75.0,83.0,254.0,61.0,0.0,439.0,21.0,32.0,27.0,0.0,33.0,776.0,85.0,402.0,225.0,147.0,8.0,26.0,84.0,6.0,489.0,4.0,161.0,40.0,13.0,0.0,0.0,104.0,196.0,7.0,295.0,0.0,38.0,87.0,12.0,301.0,45.0,74.0,208.0,1542.0,0.0,1.0,14.0,280.0,73.0,302.0,22.0,704.0,14.0,115.0,95.0,0.0,245.0,80.0,22.0,161.0,471.0,796.0,516.0,172.0,3.0,205.0,0.0,110.0,2.0,72.0,1051.0,93.0,4.0,0.0,29.0,549.0,9.0,597.0,20.0,29.0,90.0,574.0,1351.0,71.0,60.0,12.0,339.0,34.0,5.0,17.0,45.0,19.0,122.0,188.0,50.0,368.0,130.0,0.0,401.0,869.0,740.0,73.0,54.0,79.0,1100.0,801.0,129.0,623.0,57.0,265.0,634.0,1.0,158.0,0.0,0.0,10.0,368.0,0.0,7.0,0.0,147.0,0.0,54.0,26.0,535.0,10.0,381.0,0.0,0.0,0.0,156.0,42.0,61.0,51.0,149.0,0.0,389.0,15.0,182.0,1058.0,0.0,182.0,1449.0,251.0,116.0,115.0,283.0,15.0,0.0,62.0,1.0,88.0,112.0,28.0,0.0,121.0,0.0,1347.0,245.0,271.0,103.0,3.0,37.0,0.0,538.0,32.0,156.0,13.0,16.0,934.0,165.0,22.0,31.0,24.0,102.0,0.0,278.0,11.0,132.0,0.0,0.0,6.0,81.0,134.0,38.0,45.0,218.0,154.0,824.0,527.0,26.0,72.0,109.0,5.0,1.0,43.0,0.0,6.0,80.0,140.0,18.0,291.0,30.0,17.0,40.0,462.0,98.0,95.0,37.0,96.0,163.0,382.0,47.0,37.0,16.0,48.0,36.0,52.0,0.0,14.0,39.0,345.0,48.0,42.0,37.0,21.0,431.0,0.0,546.0,76.0,153.0,122.0,0.0,22.0,39.0,46.0,42.0,54.0,92.0,396.0,218.0,74.0,118.0,178.0,22.0,227.0,0.0,155.0,15.0,1.0,116.0,17.0,486.0,0.0,194.0,3.0,73.0,29.0,1.0,300.0,58.0,4.0,13.0,13.0,131.0,39.0,0.0,99.0,81.0,11.0,584.0,254.0,39.0,316.0,189.0,28.0,131.0,545.0,180.0,39.0,18.0,12.0,302.0,8.0,17.0,0.0,0.0,3.0,303.0,77.0,84.0,9.0,0.0,22.0,18.0,285.0,2.0,71.0,0.0,0.0,570.0,76.0,154.0,0.0,0.0,658.0,80.0,75.0,28.0,1.0,0.0,31.0,28.0,733.0,124.0,13.0,78.0,48.0,211.0,316.0,1.0,384.0,15.0,18.0,0.0,87.0,21.0,65.0,64.0,18.0,9922.0,84.0
2016-06,0.0,70.0,17.0,4.0,4.0,177.0,81.0,13.0,83.0,94.0,157.0,82.0,14.0,581.0,1.0,13.0,36.0,1179.0,8.0,44.0,4.0,226.0,34.0,22.0,76.0,83.0,86.0,26.0,258.0,34.0,3.0,37.0,23.0,14.0,75.0,436.0,63.0,0.0,4.0,9.0,67.0,27.0,134.0,237.0,14.0,191.0,88.0,233.0,0.0,0.0,51.0,18.0,26.0,874.0,87.0,77.0,254.0,48.0,0.0,417.0,25.0,36.0,21.0,0.0,24.0,735.0,80.0,332.0,193.0,180.0,7.0,26.0,118.0,2.0,314.0,9.0,129.0,54.0,11.0,0.0,0.0,99.0,143.0,7.0,305.0,0.0,34.0,93.0,12.0,236.0,36.0,70.0,197.0,906.0,0.0,3.0,22.0,246.0,87.0,329.0,24.0,488.0,7.0,109.0,72.0,0.0,233.0,105.0,19.0,64.0,398.0,206.0,482.0,224.0,4.0,245.0,0.0,111.0,0.0,48.0,470.0,95.0,8.0,0.0,26.0,496.0,7.0,367.0,13.0,29.0,54.0,551.0,1504.0,95.0,53.0,14.0,544.0,47.0,6.0,23.0,39.0,21.0,129.0,163.0,48.0,362.0,97.0,0.0,340.0,758.0,928.0,75.0,45.0,98.0,965.0,724.0,127.0,649.0,76.0,266.0,678.0,7.0,187.0,0.0,0.0,7.0,358.0,0.0,12.0,0.0,166.0,0.0,51.0,26.0,425.0,16.0,288.0,0.0,0.0,0.0,173.0,60.0,54.0,65.0,69.0,0.0,458.0,15.0,177.0,968.0,0.0,149.0,1310.0,268.0,113.0,115.0,407.0,16.0,0.0,65.0,0.0,66.0,53.0,14.0,0.0,100.0,0.0,1426.0,268.0,287.0,75.0,4.0,19.0,0.0,424.0,31.0,169.0,11.0,8.0,692.0,139.0,31.0,19.0,20.0,166.0,0.0,276.0,13.0,121.0,0.0,0.0,6.0,65.0,132.0,37.0,47.0,245.0,141.0,729.0,559.0,20.0,62.0,100.0,24.0,0.0,71.0,0.0,6.0,95.0,181.0,23.0,314.0,25.0,12.0,36.0,422.0,74.0,60.0,32.0,143.0,116.0,327.0,52.0,36.0,24.0,81.0,57.0,37.0,0.0,9.0,64.0,303.0,40.0,32.0,42.0,22.0,435.0,0.0,434.0,52.0,136.0,145.0,0.0,25.0,24.0,36.0,32.0,45.0,82.0,312.0,176.0,71.0,102.0,194.0,37.0,189.0,0.0,207.0,15.0,2.0,141.0,22.0,414.0,0.0,167.0,0.0,92.0,16.0,4.0,206.0,41.0,8.0,16.0,16.0,220.0,25.0,0.0,98.0,106.0,17.0,468.0,215.0,24.0,221.0,191.0,43.0,150.0,510.0,187.0,45.0,12.0,24.0,201.0,17.0,9.0,0.0,0.0,0.0,327.0,50.0,76.0,11.0,0.0,14.0,15.0,297.0,4.0,48.0,0.0,0.0,235.0,57.0,122.0,0.0,0.0,614.0,97.0,63.0,24.0,1.0,0.0,20.0,20.0,710.0,126.0,12.0,83.0,31.0,70.0,297.0,6.0,363.0,14.0,26.0,0.0,83.0,29.0,40.0,52.0,20.0,3338.0,130.0
2016-07,0.0,39.0,15.0,5.0,5.0,228.0,105.0,26.0,92.0,89.0,138.0,95.0,22.0,720.0,3.0,10.0,51.0,1523.0,4.0,44.0,9.0,222.0,55.0,12.0,80.0,77.0,107.0,66.0,314.0,42.0,6.0,42.0,18.0,10.0,99.0,448.0,65.0,0.0,1.0,22.0,40.0,37.0,129.0,235.0,5.0,211.0,90.0,201.0,0.0,0.0,65.0,14.0,38.0,850.0,70.0,83.0,276.0,58.0,0.0,408.0,21.0,46.0,27.0,0.0,33.0,992.0,96.0,394.0,217.0,145.0,9.0,24.0,86.0,2.0,275.0,4.0,130.0,57.0,10.0,0.0,3.0,114.0,149.0,6.0,332.0,95.0,26.0,82.0,12.0,242.0,50.0,66.0,212.0,804.0,0.0,3.0,29.0,288.0,79.0,335.0,24.0,607.0,8.0,115.0,106.0,0.0,252.0,136.0,22.0,83.0,364.0,40.0,481.0,216.0,2.0,336.0,0.0,65.0,0.0,83.0,419.0,83.0,7.0,0.0,41.0,581.0,6.0,353.0,19.0,51.0,85.0,607.0,1487.0,75.0,61.0,14.0,316.0,34.0,10.0,12.0,47.0,14.0,111.0,185.0,53.0,460.0,109.0,0.0,379.0,959.0,730.0,88.0,57.0,34.0,1202.0,988.0,120.0,560.0,67.0,265.0,707.0,5.0,226.0,0.0,0.0,6.0,388.0,0.0,8.0,0.0,170.0,0.0,61.0,59.0,542.0,8.0,351.0,0.0,0.0,0.0,129.0,45.0,63.0,71.0,64.0,0.0,429.0,28.0,159.0,1070.0,0.0,166.0,1491.0,279.0,146.0,103.0,378.0,8.0,0.0,84.0,0.0,82.0,39.0,25.0,36.0,126.0,33.0,1372.0,296.0,327.0,125.0,2.0,32.0,0.0,451.0,28.0,166.0,5.0,11.0,578.0,153.0,45.0,14.0,10.0,137.0,0.0,413.0,34.0,144.0,0.0,0.0,7.0,85.0,152.0,33.0,48.0,533.0,112.0,670.0,528.0,29.0,76.0,130.0,24.0,4.0,48.0,0.0,5.0,90.0,178.0,40.0,282.0,26.0,24.0,52.0,479.0,71.0,51.0,21.0,122.0,148.0,350.0,71.0,40.0,12.0,95.0,43.0,65.0,0.0,8.0,47.0,332.0,35.0,49.0,62.0,29.0,523.0,0.0,524.0,73.0,162.0,183.0,0.0,29.0,44.0,31.0,64.0,43.0,106.0,354.0,201.0,78.0,106.0,148.0,28.0,196.0,0.0,161.0,21.0,4.0,140.0,31.0,469.0,0.0,168.0,2.0,95.0,22.0,5.0,247.0,33.0,8.0,10.0,17.0,200.0,32.0,0.0,103.0,116.0,11.0,417.0,213.0,45.0,245.0,180.0,21.0,118.0,729.0,193.0,45.0,24.0,28.0,187.0,10.0,15.0,0.0,0.0,4.0,336.0,63.0,80.0,26.0,0.0,28.0,19.0,342.0,3.0,76.0,0.0,0.0,218.0,84.0,208.0,0.0,0.0,670.0,111.0,77.0,19.0,0.0,0.0,62.0,30.0,783.0,110.0,18.0,78.0,20.0,68.0,296.0,2.0,328.0,22.0,26.0,0.0,116.0,48.0,75.0,56.0,2.0,2923.0,139.0
2016-08,0.0,87.0,17.0,4.0,7.0,215.0,81.0,12.0,155.0,89.0,141.0,101.0,23.0,718.0,5.0,15.0,60.0,1317.0,4.0,51.0,10.0,187.0,91.0,14.0,60.0,61.0,117.0,64.0,351.0,50.0,4.0,44.0,11.0,13.0,98.0,411.0,81.0,0.0,3.0,12.0,49.0,38.0,125.0,215.0,9.0,147.0,87.0,179.0,0.0,0.0,57.0,16.0,42.0,979.0,80.0,107.0,273.0,54.0,0.0,438.0,17.0,46.0,25.0,0.0,43.0,857.0,104.0,364.0,208.0,145.0,6.0,36.0,95.0,1.0,221.0,8.0,124.0,34.0,4.0,0.0,0.0,129.0,167.0,6.0,351.0,6.0,25.0,101.0,6.0,207.0,33.0,82.0,244.0,858.0,0.0,3.0,22.0,298.0,67.0,366.0,39.0,484.0,6.0,86.0,53.0,0.0,260.0,84.0,19.0,125.0,343.0,88.0,497.0,228.0,3.0,240.0,0.0,54.0,0.0,41.0,580.0,83.0,6.0,0.0,45.0,528.0,8.0,365.0,18.0,34.0,89.0,568.0,1400.0,59.0,52.0,10.0,239.0,23.0,2.0,12.0,36.0,22.0,107.0,162.0,53.0,482.0,148.0,0.0,440.0,751.0,497.0,64.0,50.0,42.0,1171.0,763.0,117.0,584.0,38.0,284.0,613.0,0.0,202.0,0.0,0.0,11.0,335.0,0.0,12.0,0.0,143.0,0.0,59.0,36.0,490.0,10.0,332.0,0.0,0.0,0.0,113.0,43.0,77.0,76.0,61.0,0.0,439.0,22.0,167.0,1024.0,0.0,206.0,1473.0,212.0,141.0,101.0,379.0,9.0,0.0,70.0,0.0,67.0,37.0,17.0,7.0,82.0,11.0,1469.0,288.0,307.0,65.0,1.0,36.0,0.0,557.0,40.0,207.0,7.0,14.0,447.0,151.0,43.0,28.0,17.0,174.0,0.0,215.0,13.0,117.0,0.0,0.0,6.0,74.0,127.0,31.0,56.0,204.0,169.0,623.0,559.0,26.0,82.0,105.0,16.0,0.0,37.0,0.0,6.0,83.0,132.0,35.0,219.0,30.0,11.0,34.0,423.0,72.0,27.0,39.0,111.0,100.0,337.0,116.0,41.0,13.0,66.0,26.0,45.0,0.0,5.0,47.0,336.0,46.0,44.0,51.0,28.0,477.0,0.0,567.0,74.0,185.0,192.0,0.0,25.0,40.0,33.0,66.0,54.0,91.0,383.0,169.0,71.0,76.0,144.0,25.0,190.0,0.0,164.0,12.0,2.0,157.0,35.0,412.0,0.0,203.0,1.0,82.0,25.0,8.0,219.0,33.0,13.0,13.0,7.0,162.0,42.0,0.0,84.0,96.0,11.0,454.0,249.0,24.0,203.0,162.0,39.0,110.0,603.0,202.0,39.0,7.0,30.0,170.0,17.0,16.0,0.0,0.0,1.0,350.0,38.0,88.0,9.0,0.0,25.0,22.0,339.0,2.0,64.0,0.0,0.0,224.0,64.0,128.0,0.0,0.0,577.0,109.0,110.0,21.0,2.0,0.0,49.0,29.0,708.0,131.0,18.0,92.0,32.0,92.0,290.0,4.0,327.0,11.0,28.0,0.0,90.0,31.0,62.0,65.0,1.0,3728.0,76.0
2016-09,0.0,68.0,14.0,2.0,1.0,189.0,88.0,20.0,107.0,94.0,174.0,89.0,29.0,700.0,7.0,11.0,47.0,1268.0,3.0,44.0,7.0,211.0,56.0,16.0,90.0,73.0,106.0,50.0,318.0,35.0,5.0,43.0,12.0,8.0,101.0,415.0,88.0,0.0,1.0,11.0,63.0,27.0,150.0,208.0,5.0,164.0,99.0,204.0,0.0,0.0,70.0,10.0,31.0,943.0,85.0,86.0,262.0,60.0,0.0,438.0,22.0,30.0,29.0,0.0,26.0,829.0,75.0,444.0,212.0,195.0,5.0,47.0,83.0,2.0,183.0,9.0,124.0,36.0,5.0,0.0,1.0,100.0,148.0,5.0,325.0,19.0,25.0,96.0,10.0,213.0,34.0,79.0,197.0,654.0,0.0,4.0,18.0,286.0,65.0,408.0,34.0,459.0,10.0,91.0,58.0,0.0,197.0,77.0,16.0,66.0,310.0,265.0,505.0,166.0,1.0,197.0,0.0,52.0,0.0,28.0,457.0,87.0,11.0,0.0,52.0,593.0,6.0,278.0,23.0,39.0,84.0,601.0,1363.0,78.0,61.0,9.0,197.0,32.0,7.0,14.0,60.0,17.0,98.0,147.0,37.0,468.0,135.0,0.0,394.0,943.0,470.0,109.0,55.0,34.0,1112.0,692.0,117.0,626.0,62.0,262.0,1027.0,2.0,170.0,0.0,0.0,12.0,440.0,0.0,3.0,0.0,177.0,0.0,57.0,22.0,494.0,10.0,347.0,0.0,0.0,0.0,132.0,30.0,70.0,87.0,48.0,0.0,396.0,18.0,186.0,947.0,0.0,214.0,1451.0,262.0,126.0,118.0,405.0,14.0,0.0,43.0,0.0,79.0,32.0,18.0,5.0,98.0,3.0,1395.0,270.0,281.0,85.0,1.0,26.0,0.0,432.0,16.0,181.0,6.0,7.0,478.0,154.0,21.0,15.0,24.0,117.0,0.0,251.0,13.0,138.0,0.0,0.0,4.0,73.0,129.0,40.0,39.0,254.0,143.0,796.0,541.0,34.0,72.0,95.0,5.0,2.0,48.0,0.0,5.0,62.0,168.0,33.0,265.0,26.0,12.0,36.0,432.0,74.0,40.0,29.0,104.0,192.0,391.0,68.0,50.0,20.0,63.0,44.0,64.0,0.0,4.0,38.0,328.0,35.0,67.0,34.0,30.0,487.0,0.0,471.0,68.0,177.0,146.0,0.0,32.0,28.0,26.0,47.0,56.0,83.0,349.0,195.0,74.0,83.0,142.0,20.0,139.0,0.0,143.0,12.0,3.0,159.0,33.0,460.0,0.0,172.0,2.0,93.0,23.0,8.0,160.0,16.0,9.0,14.0,13.0,133.0,28.0,0.0,107.0,111.0,13.0,410.0,207.0,38.0,225.0,183.0,61.0,166.0,597.0,182.0,50.0,12.0,34.0,178.0,10.0,12.0,0.0,0.0,10.0,383.0,56.0,89.0,23.0,0.0,27.0,20.0,352.0,2.0,60.0,0.0,0.0,234.0,63.0,98.0,0.0,0.0,563.0,108.0,88.0,22.0,0.0,0.0,25.0,20.0,740.0,83.0,3.0,91.0,19.0,50.0,307.0,7.0,294.0,11.0,17.0,0.0,91.0,33.0,58.0,48.0,1.0,2799.0,73.0
2016-10,0.0,88.0,9.0,8.0,2.0,189.0,74.0,9.0,84.0,63.0,133.0,85.0,20.0,663.0,5.0,10.0,64.0,1454.0,8.0,43.0,5.0,227.0,77.0,9.0,70.0,86.0,145.0,33.0,280.0,53.0,7.0,25.0,15.0,10.0,89.0,406.0,62.0,0.0,1.0,10.0,41.0,29.0,151.0,220.0,4.0,167.0,104.0,158.0,0.0,0.0,49.0,8.0,24.0,969.0,76.0,89.0,224.0,47.0,0.0,414.0,6.0,35.0,24.0,0.0,26.0,888.0,118.0,336.0,160.0,164.0,22.0,45.0,86.0,1.0,179.0,7.0,118.0,34.0,11.0,0.0,2.0,106.0,131.0,6.0,316.0,9.0,24.0,78.0,7.0,215.0,39.0,67.0,241.0,617.0,0.0,3.0,9.0,255.0,64.0,336.0,34.0,435.0,4.0,128.0,64.0,0.0,227.0,67.0,11.0,84.0,358.0,39.0,502.0,177.0,0.0,180.0,0.0,53.0,0.0,46.0,430.0,79.0,5.0,0.0,47.0,639.0,7.0,313.0,15.0,32.0,70.0,602.0,1153.0,56.0,59.0,13.0,274.0,20.0,3.0,10.0,54.0,8.0,103.0,153.0,42.0,476.0,121.0,0.0,414.0,775.0,442.0,88.0,65.0,33.0,1118.0,762.0,87.0,515.0,35.0,249.0,661.0,4.0,189.0,0.0,0.0,8.0,424.0,0.0,6.0,0.0,179.0,0.0,51.0,28.0,455.0,12.0,349.0,0.0,0.0,0.0,127.0,39.0,51.0,59.0,48.0,0.0,406.0,16.0,191.0,1217.0,0.0,209.0,1352.0,243.0,124.0,110.0,397.0,17.0,0.0,48.0,0.0,61.0,401.0,21.0,14.0,80.0,3.0,1289.0,308.0,264.0,67.0,2.0,18.0,0.0,577.0,20.0,264.0,5.0,10.0,493.0,166.0,26.0,21.0,23.0,94.0,0.0,237.0,14.0,106.0,0.0,20.0,2.0,68.0,135.0,18.0,49.0,220.0,137.0,691.0,558.0,19.0,59.0,112.0,9.0,2.0,45.0,0.0,1.0,48.0,165.0,23.0,271.0,26.0,11.0,39.0,493.0,59.0,39.0,24.0,81.0,150.0,346.0,60.0,42.0,10.0,42.0,47.0,59.0,0.0,11.0,32.0,391.0,32.0,88.0,45.0,20.0,630.0,0.0,448.0,65.0,170.0,208.0,0.0,39.0,37.0,18.0,44.0,30.0,58.0,338.0,170.0,69.0,74.0,149.0,15.0,143.0,0.0,133.0,13.0,3.0,136.0,26.0,423.0,19.0,188.0,2.0,59.0,10.0,4.0,321.0,81.0,5.0,10.0,14.0,114.0,56.0,0.0,97.0,107.0,12.0,357.0,231.0,22.0,222.0,200.0,50.0,167.0,566.0,174.0,44.0,14.0,30.0,188.0,6.0,9.0,0.0,0.0,8.0,395.0,42.0,67.0,17.0,0.0,24.0,26.0,305.0,5.0,66.0,0.0,0.0,259.0,55.0,60.0,0.0,0.0,597.0,96.0,69.0,19.0,0.0,0.0,43.0,27.0,742.0,97.0,6.0,88.0,21.0,41.0,245.0,1.0,345.0,17.0,18.0,0.0,90.0,38.0,76.0,50.0,0.0,2295.0,52.0
2016-11,0.0,97.0,12.0,9.0,0.0,177.0,69.0,8.0,84.0,76.0,148.0,77.0,27.0,1130.0,4.0,5.0,50.0,1401.0,7.0,51.0,5.0,232.0,56.0,13.0,52.0,74.0,143.0,44.0,367.0,35.0,7.0,38.0,22.0,6.0,96.0,502.0,63.0,0.0,1.0,19.0,38.0,31.0,122.0,221.0,6.0,188.0,84.0,151.0,0.0,0.0,56.0,9.0,28.0,939.0,91.0,76.0,239.0,47.0,0.0,375.0,23.0,37.0,19.0,0.0,21.0,812.0,122.0,336.0,150.0,161.0,8.0,30.0,88.0,3.0,151.0,5.0,122.0,37.0,4.0,0.0,0.0,97.0,141.0,6.0,323.0,7.0,9.0,83.0,9.0,220.0,29.0,67.0,216.0,563.0,0.0,1.0,16.0,324.0,67.0,319.0,17.0,577.0,7.0,115.0,116.0,0.0,265.0,134.0,27.0,61.0,319.0,35.0,492.0,234.0,0.0,187.0,0.0,54.0,1.0,80.0,520.0,97.0,3.0,0.0,69.0,692.0,7.0,400.0,13.0,20.0,90.0,569.0,977.0,62.0,60.0,7.0,144.0,16.0,2.0,7.0,56.0,16.0,98.0,199.0,46.0,425.0,140.0,0.0,393.0,763.0,372.0,91.0,50.0,37.0,1267.0,753.0,105.0,528.0,32.0,276.0,579.0,2.0,196.0,0.0,0.0,9.0,389.0,0.0,7.0,0.0,165.0,0.0,79.0,22.0,556.0,27.0,323.0,0.0,0.0,0.0,111.0,44.0,49.0,76.0,41.0,0.0,409.0,20.0,175.0,1236.0,0.0,200.0,1202.0,242.0,117.0,115.0,394.0,9.0,0.0,62.0,0.0,54.0,77.0,19.0,4.0,80.0,7.0,1275.0,265.0,267.0,64.0,1.0,40.0,0.0,552.0,35.0,186.0,19.0,11.0,425.0,154.0,18.0,22.0,8.0,85.0,0.0,316.0,17.0,120.0,0.0,3.0,9.0,76.0,146.0,29.0,41.0,217.0,134.0,650.0,621.0,25.0,125.0,108.0,13.0,4.0,32.0,0.0,5.0,53.0,213.0,28.0,259.0,20.0,20.0,47.0,407.0,74.0,31.0,22.0,113.0,200.0,330.0,52.0,34.0,9.0,56.0,34.0,59.0,0.0,13.0,33.0,394.0,40.0,56.0,36.0,22.0,726.0,0.0,457.0,40.0,176.0,163.0,0.0,36.0,34.0,36.0,35.0,49.0,74.0,361.0,162.0,68.0,72.0,154.0,29.0,101.0,0.0,149.0,12.0,2.0,164.0,29.0,450.0,8.0,200.0,3.0,86.0,21.0,3.0,275.0,35.0,9.0,17.0,11.0,138.0,33.0,0.0,95.0,75.0,5.0,356.0,227.0,31.0,236.0,186.0,77.0,98.0,585.0,201.0,55.0,11.0,25.0,192.0,10.0,9.0,0.0,0.0,8.0,396.0,52.0,81.0,19.0,0.0,28.0,18.0,355.0,1.0,79.0,0.0,0.0,219.0,63.0,80.0,0.0,0.0,539.0,113.0,76.0,17.0,1.0,0.0,45.0,23.0,671.0,106.0,14.0,86.0,17.0,34.0,279.0,9.0,292.0,16.0,28.0,0.0,56.0,38.0,58.0,57.0,5.0,2082.0,73.0
2016-12,0.0,64.0,11.0,5.0,2.0,162.0,58.0,10.0,74.0,95.0,141.0,75.0,23.0,715.0,5.0,9.0,41.0,990.0,5.0,55.0,5.0,191.0,37.0,12.0,52.0,89.0,100.0,45.0,299.0,31.0,3.0,53.0,10.0,5.0,112.0,383.0,62.0,0.0,2.0,14.0,41.0,32.0,193.0,236.0,4.0,127.0,63.0,165.0,0.0,0.0,52.0,9.0,34.0,867.0,76.0,93.0,232.0,58.0,0.0,351.0,16.0,40.0,24.0,0.0,27.0,609.0,103.0,313.0,155.0,142.0,7.0,35.0,82.0,17.0,152.0,6.0,116.0,53.0,10.0,0.0,1.0,114.0,130.0,4.0,265.0,5.0,12.0,82.0,20.0,173.0,43.0,60.0,189.0,520.0,0.0,5.0,16.0,250.0,46.0,324.0,25.0,432.0,9.0,93.0,53.0,0.0,170.0,70.0,26.0,60.0,284.0,47.0,484.0,191.0,1.0,200.0,0.0,40.0,2.0,46.0,356.0,106.0,3.0,0.0,45.0,595.0,5.0,257.0,10.0,19.0,72.0,657.0,782.0,43.0,41.0,11.0,151.0,25.0,10.0,11.0,49.0,14.0,71.0,158.0,46.0,418.0,109.0,0.0,333.0,730.0,332.0,85.0,54.0,31.0,852.0,613.0,108.0,434.0,42.0,231.0,544.0,1.0,142.0,0.0,0.0,9.0,362.0,0.0,9.0,0.0,153.0,0.0,46.0,60.0,390.0,8.0,249.0,0.0,0.0,0.0,89.0,35.0,74.0,74.0,35.0,0.0,303.0,16.0,127.0,954.0,0.0,160.0,922.0,207.0,74.0,115.0,335.0,12.0,0.0,63.0,0.0,76.0,35.0,30.0,10.0,76.0,6.0,1131.0,220.0,260.0,62.0,1.0,28.0,0.0,387.0,22.0,149.0,16.0,2.0,265.0,122.0,15.0,15.0,25.0,93.0,0.0,256.0,12.0,99.0,0.0,3.0,7.0,63.0,140.0,27.0,41.0,192.0,116.0,625.0,505.0,20.0,62.0,75.0,14.0,1.0,24.0,0.0,6.0,57.0,172.0,20.0,217.0,28.0,50.0,35.0,445.0,82.0,32.0,32.0,136.0,161.0,333.0,62.0,38.0,13.0,34.0,35.0,30.0,0.0,9.0,42.0,282.0,32.0,89.0,39.0,18.0,542.0,0.0,423.0,41.0,145.0,164.0,0.0,32.0,60.0,27.0,54.0,42.0,48.0,302.0,175.0,65.0,76.0,144.0,19.0,95.0,0.0,150.0,10.0,0.0,161.0,25.0,354.0,9.0,204.0,0.0,64.0,13.0,3.0,182.0,35.0,10.0,18.0,19.0,125.0,37.0,0.0,85.0,78.0,7.0,266.0,162.0,31.0,222.0,161.0,78.0,153.0,561.0,194.0,52.0,14.0,22.0,143.0,11.0,17.0,0.0,0.0,5.0,359.0,50.0,86.0,15.0,0.0,16.0,20.0,259.0,5.0,61.0,0.0,0.0,226.0,59.0,65.0,0.0,0.0,416.0,104.0,61.0,22.0,0.0,0.0,42.0,25.0,596.0,87.0,8.0,66.0,15.0,40.0,234.0,3.0,280.0,25.0,30.0,0.0,62.0,19.0,60.0,57.0,3.0,1354.0,59.0
2016-13,0.0,79.0,17.0,6.0,5.0,206.0,99.0,16.0,90.0,92.0,133.0,77.0,21.0,633.0,6.0,14.0,37.0,886.0,8.0,54.0,5.0,209.0,46.0,12.0,82.0,73.0,126.0,45.0,356.0,38.0,3.0,49.0,25.0,6.0,97.0,406.0,83.0,0.0,1.0,15.0,18.0,40.0,137.0,263.0,3.0,112.0,95.0,142.0,0.0,0.0,50.0,14.0,25.0,797.0,70.0,73.0,300.0,47.0,0.0,305.0,31.0,43.0,26.0,0.0,43.0,643.0,76.0,317.0,180.0,158.0,6.0,34.0,69.0,3.0,107.0,5.0,108.0,36.0,5.0,0.0,1.0,90.0,104.0,5.0,327.0,8.0,19.0,63.0,8.0,173.0,25.0,64.0,223.0,475.0,0.0,3.0,14.0,312.0,63.0,359.0,31.0,466.0,6.0,75.0,68.0,0.0,175.0,86.0,50.0,84.0,270.0,39.0,433.0,186.0,0.0,208.0,0.0,53.0,0.0,47.0,214.0,66.0,4.0,0.0,28.0,558.0,13.0,231.0,17.0,28.0,77.0,591.0,618.0,38.0,46.0,6.0,168.0,22.0,5.0,6.0,51.0,13.0,83.0,157.0,40.0,434.0,127.0,0.0,402.0,589.0,328.0,79.0,65.0,45.0,993.0,550.0,110.0,385.0,28.0,264.0,527.0,3.0,164.0,0.0,0.0,14.0,324.0,0.0,11.0,0.0,165.0,0.0,56.0,33.0,384.0,6.0,213.0,0.0,0.0,0.0,68.0,48.0,90.0,61.0,45.0,0.0,291.0,105.0,170.0,940.0,0.0,187.0,938.0,227.0,91.0,109.0,285.0,13.0,0.0,32.0,0.0,66.0,32.0,23.0,7.0,55.0,6.0,1205.0,230.0,293.0,46.0,2.0,31.0,0.0,372.0,25.0,163.0,10.0,10.0,301.0,141.0,15.0,18.0,19.0,85.0,0.0,162.0,16.0,147.0,0.0,2.0,7.0,64.0,157.0,33.0,42.0,190.0,145.0,495.0,581.0,16.0,89.0,116.0,7.0,1.0,28.0,0.0,4.0,65.0,198.0,32.0,240.0,25.0,16.0,44.0,457.0,54.0,21.0,28.0,120.0,170.0,305.0,74.0,20.0,17.0,38.0,32.0,30.0,0.0,12.0,54.0,304.0,46.0,240.0,33.0,32.0,416.0,0.0,390.0,66.0,155.0,161.0,0.0,29.0,30.0,24.0,60.0,56.0,59.0,238.0,158.0,74.0,78.0,148.0,28.0,108.0,0.0,194.0,7.0,2.0,175.0,25.0,355.0,5.0,252.0,0.0,84.0,15.0,5.0,237.0,44.0,6.0,15.0,8.0,112.0,46.0,0.0,102.0,76.0,7.0,306.0,185.0,32.0,235.0,154.0,72.0,137.0,573.0,185.0,38.0,11.0,22.0,138.0,11.0,19.0,0.0,0.0,7.0,375.0,54.0,78.0,16.0,0.0,44.0,32.0,313.0,1.0,57.0,0.0,0.0,204.0,41.0,59.0,0.0,0.0,379.0,96.0,69.0,14.0,0.0,0.0,40.0,29.0,547.0,111.0,12.0,88.0,18.0,33.0,220.0,5.0,326.0,24.0,18.0,0.0,68.0,22.0,43.0,42.0,66.0,1204.0,62.0
2016-14,0.0,74.0,23.0,4.0,6.0,198.0,89.0,9.0,90.0,101.0,156.0,101.0,21.0,723.0,9.0,15.0,41.0,910.0,19.0,65.0,9.0,201.0,45.0,51.0,88.0,78.0,153.0,53.0,354.0,29.0,5.0,45.0,24.0,14.0,102.0,470.0,98.0,0.0,14.0,21.0,20.0,59.0,172.0,232.0,11.0,170.0,69.0,151.0,0.0,0.0,82.0,14.0,29.0,834.0,49.0,72.0,272.0,65.0,0.0,353.0,24.0,39.0,32.0,0.0,29.0,628.0,96.0,301.0,156.0,199.0,6.0,44.0,90.0,2.0,95.0,14.0,129.0,45.0,18.0,0.0,0.0,111.0,136.0,6.0,354.0,6.0,20.0,122.0,14.0,176.0,51.0,65.0,257.0,539.0,0.0,0.0,18.0,310.0,70.0,449.0,14.0,497.0,21.0,72.0,73.0,0.0,270.0,85.0,41.0,64.0,289.0,46.0,484.0,202.0,0.0,259.0,0.0,47.0,0.0,59.0,155.0,85.0,4.0,0.0,23.0,580.0,14.0,319.0,18.0,45.0,93.0,550.0,582.0,44.0,62.0,11.0,137.0,15.0,4.0,9.0,54.0,19.0,101.0,147.0,52.0,456.0,149.0,0.0,410.0,706.0,362.0,76.0,91.0,57.0,1295.0,624.0,108.0,430.0,30.0,244.0,567.0,5.0,176.0,0.0,0.0,25.0,368.0,0.0,9.0,0.0,163.0,0.0,47.0,31.0,422.0,22.0,289.0,0.0,0.0,0.0,70.0,36.0,130.0,63.0,35.0,0.0,341.0,429.0,195.0,1049.0,0.0,188.0,956.0,215.0,97.0,105.0,308.0,9.0,0.0,49.0,0.0,80.0,30.0,21.0,13.0,86.0,12.0,1128.0,288.0,313.0,62.0,5.0,25.0,0.0,420.0,28.0,197.0,3.0,7.0,221.0,155.0,35.0,22.0,15.0,77.0,0.0,187.0,12.0,163.0,0.0,8.0,4.0,75.0,180.0,53.0,57.0,206.0,145.0,612.0,551.0,32.0,93.0,100.0,17.0,3.0,47.0,0.0,6.0,53.0,166.0,37.0,260.0,32.0,17.0,35.0,542.0,85.0,45.0,28.0,152.0,195.0,390.0,62.0,42.0,21.0,59.0,42.0,38.0,0.0,8.0,43.0,332.0,31.0,91.0,26.0,31.0,459.0,0.0,407.0,37.0,183.0,205.0,0.0,28.0,43.0,21.0,61.0,57.0,76.0,237.0,166.0,69.0,86.0,134.0,17.0,110.0,0.0,143.0,12.0,5.0,219.0,37.0,407.0,5.0,238.0,4.0,89.0,13.0,12.0,160.0,37.0,11.0,20.0,7.0,124.0,22.0,0.0,94.0,88.0,14.0,285.0,210.0,33.0,224.0,165.0,82.0,190.0,558.0,181.0,61.0,25.0,30.0,151.0,20.0,24.0,0.0,0.0,5.0,362.0,60.0,108.0,15.0,0.0,36.0,21.0,312.0,5.0,74.0,0.0,0.0,215.0,63.0,56.0,0.0,0.0,384.0,116.0,91.0,22.0,0.0,0.0,54.0,29.0,644.0,129.0,17.0,115.0,20.0,59.0,223.0,14.0,316.0,28.0,24.0,0.0,77.0,30.0,73.0,44.0,37.0,1069.0,84.0
2016-15,0.0,80.0,15.0,7.0,1.0,152.0,80.0,26.0,78.0,116.0,155.0,72.0,22.0,682.0,15.0,15.0,43.0,1147.0,10.0,76.0,13.0,212.0,41.0,35.0,74.0,77.0,114.0,51.0,304.0,58.0,5.0,74.0,14.0,8.0,106.0,376.0,69.0,0.0,10.0,19.0,40.0,42.0,155.0,293.0,13.0,140.0,108.0,139.0,0.0,0.0,60.0,23.0,29.0,898.0,91.0,72.0,270.0,76.0,0.0,401.0,28.0,45.0,26.0,0.0,31.0,536.0,76.0,244.0,166.0,165.0,7.0,31.0,98.0,3.0,117.0,13.0,104.0,66.0,11.0,0.0,2.0,98.0,135.0,8.0,287.0,5.0,15.0,83.0,22.0,191.0,44.0,70.0,224.0,598.0,0.0,7.0,24.0,254.0,69.0,382.0,23.0,486.0,15.0,110.0,76.0,0.0,210.0,74.0,29.0,53.0,298.0,51.0,507.0,182.0,0.0,210.0,0.0,48.0,1.0,32.0,570.0,110.0,6.0,0.0,27.0,556.0,12.0,401.0,14.0,40.0,82.0,582.0,414.0,48.0,48.0,12.0,151.0,13.0,17.0,9.0,31.0,7.0,91.0,151.0,45.0,439.0,128.0,0.0,437.0,850.0,359.0,79.0,59.0,57.0,1011.0,629.0,104.0,629.0,30.0,226.0,658.0,2.0,163.0,0.0,0.0,20.0,311.0,0.0,15.0,0.0,161.0,0.0,72.0,26.0,435.0,9.0,320.0,0.0,0.0,0.0,55.0,46.0,60.0,72.0,37.0,0.0,348.0,393.0,183.0,1200.0,0.0,217.0,776.0,190.0,112.0,94.0,257.0,12.0,0.0,74.0,1.0,69.0,44.0,27.0,9.0,85.0,5.0,1024.0,338.0,264.0,73.0,1.0,45.0,0.0,532.0,28.0,199.0,6.0,13.0,311.0,165.0,24.0,21.0,8.0,89.0,0.0,246.0,11.0,140.0,0.0,6.0,5.0,62.0,183.0,29.0,30.0,210.0,147.0,508.0,548.0,20.0,75.0,102.0,15.0,2.0,32.0,0.0,4.0,54.0,175.0,38.0,240.0,25.0,12.0,42.0,492.0,65.0,40.0,43.0,138.0,151.0,312.0,56.0,27.0,16.0,40.0,39.0,43.0,0.0,5.0,40.0,406.0,31.0,61.0,40.0,34.0,391.0,0.0,532.0,46.0,157.0,176.0,0.0,32.0,40.0,20.0,49.0,53.0,111.0,230.0,188.0,69.0,84.0,140.0,21.0,105.0,0.0,139.0,12.0,2.0,164.0,38.0,395.0,9.0,312.0,0.0,76.0,34.0,7.0,179.0,36.0,11.0,21.0,10.0,132.0,36.0,0.0,98.0,130.0,14.0,250.0,193.0,34.0,249.0,143.0,34.0,184.0,530.0,147.0,53.0,14.0,41.0,160.0,16.0,22.0,0.0,0.0,3.0,365.0,59.0,67.0,23.0,0.0,30.0,20.0,258.0,3.0,76.0,0.0,0.0,224.0,50.0,51.0,0.0,0.0,328.0,76.0,61.0,21.0,0.0,0.0,48.0,24.0,639.0,123.0,18.0,99.0,32.0,53.0,233.0,12.0,306.0,36.0,32.0,0.0,82.0,25.0,61.0,61.0,65.0,2080.0,72.0
2016-16,0.0,96.0,11.0,5.0,5.0,178.0,100.0,11.0,86.0,102.0,155.0,77.0,31.0,638.0,8.0,11.0,56.0,1512.0,12.0,52.0,5.0,204.0,45.0,10.0,73.0,66.0,98.0,40.0,256.0,63.0,11.0,62.0,13.0,8.0,94.0,426.0,55.0,0.0,2.0,9.0,24.0,34.0,143.0,198.0,5.0,143.0,76.0,157.0,0.0,0.0,59.0,29.0,31.0,846.0,71.0,85.0,257.0,48.0,0.0,430.0,25.0,36.0,25.0,0.0,36.0,432.0,80.0,261.0,148.0,157.0,11.0,31.0,75.0,4.0,124.0,10.0,137.0,59.0,7.0,0.0,1.0,75.0,133.0,9.0,272.0,4.0,18.0,90.0,10.0,149.0,28.0,63.0,205.0,520.0,0.0,2.0,20.0,278.0,67.0,388.0,30.0,434.0,7.0,87.0,63.0,0.0,224.0,54.0,37.0,73.0,283.0,31.0,510.0,209.0,0.0,243.0,0.0,39.0,1.0,44.0,636.0,88.0,7.0,0.0,35.0,569.0,17.0,388.0,7.0,24.0,60.0,534.0,592.0,46.0,39.0,13.0,126.0,21.0,4.0,12.0,35.0,14.0,59.0,144.0,51.0,444.0,104.0,0.0,353.0,668.0,302.0,60.0,59.0,53.0,922.0,680.0,76.0,575.0,18.0,203.0,490.0,2.0,151.0,0.0,0.0,15.0,339.0,0.0,11.0,0.0,133.0,0.0,49.0,28.0,368.0,12.0,367.0,0.0,0.0,0.0,45.0,645.0,43.0,84.0,34.0,0.0,328.0,454.0,175.0,1307.0,0.0,210.0,763.0,240.0,80.0,84.0,305.0,11.0,0.0,40.0,0.0,69.0,23.0,21.0,2.0,75.0,3.0,955.0,226.0,266.0,88.0,3.0,33.0,0.0,626.0,27.0,162.0,5.0,6.0,189.0,147.0,22.0,17.0,11.0,67.0,0.0,175.0,5.0,145.0,0.0,3.0,5.0,70.0,222.0,40.0,22.0,170.0,156.0,417.0,518.0,24.0,94.0,71.0,7.0,17.0,28.0,0.0,4.0,57.0,216.0,33.0,278.0,24.0,18.0,46.0,391.0,84.0,30.0,22.0,106.0,129.0,293.0,71.0,24.0,10.0,35.0,66.0,32.0,0.0,6.0,38.0,302.0,30.0,76.0,21.0,33.0,422.0,0.0,399.0,57.0,124.0,130.0,0.0,22.0,41.0,34.0,60.0,38.0,78.0,235.0,130.0,71.0,70.0,144.0,26.0,105.0,0.0,131.0,11.0,4.0,168.0,38.0,406.0,5.0,264.0,61.0,81.0,8.0,3.0,167.0,36.0,4.0,14.0,4.0,118.0,27.0,0.0,89.0,78.0,17.0,339.0,206.0,36.0,200.0,159.0,77.0,148.0,586.0,207.0,52.0,12.0,21.0,127.0,16.0,13.0,0.0,0.0,4.0,341.0,46.0,62.0,11.0,0.0,11.0,5.0,263.0,1.0,52.0,0.0,0.0,214.0,60.0,31.0,0.0,0.0,387.0,82.0,72.0,23.0,0.0,0.0,37.0,22.0,641.0,109.0,19.0,60.0,20.0,48.0,230.0,4.0,338.0,17.0,20.0,0.0,71.0,41.0,54.0,66.0,47.0,2017.0,59.0
2016-17,0.0,66.0,11.0,6.0,3.0,131.0,76.0,12.0,62.0,104.0,115.0,75.0,21.0,536.0,7.0,10.0,40.0,1148.0,4.0,41.0,4.0,161.0,40.0,23.0,52.0,54.0,107.0,35.0,236.0,37.0,2.0,44.0,11.0,9.0,77.0,413.0,84.0,0.0,2.0,16.0,22.0,32.0,115.0,149.0,4.0,137.0,53.0,190.0,0.0,0.0,57.0,15.0,29.0,725.0,83.0,72.0,228.0,39.0,0.0,383.0,18.0,43.0,20.0,0.0,30.0,429.0,69.0,247.0,179.0,136.0,2.0,21.0,62.0,3.0,128.0,8.0,118.0,56.0,5.0,0.0,1.0,81.0,148.0,2.0,246.0,3.0,12.0,71.0,10.0,127.0,30.0,45.0,167.0,602.0,0.0,2.0,15.0,238.0,47.0,305.0,15.0,358.0,3.0,82.0,61.0,0.0,222.0,65.0,40.0,60.0,244.0,29.0,395.0,182.0,2.0,168.0,0.0,43.0,0.0,41.0,610.0,89.0,6.0,0.0,20.0,442.0,16.0,226.0,13.0,25.0,65.0,464.0,344.0,46.0,36.0,8.0,93.0,6.0,7.0,6.0,26.0,8.0,76.0,150.0,39.0,322.0,120.0,0.0,302.0,583.0,261.0,81.0,50.0,34.0,917.0,542.0,92.0,458.0,21.0,186.0,416.0,2.0,146.0,0.0,0.0,17.0,330.0,0.0,14.0,0.0,151.0,0.0,327.0,14.0,354.0,10.0,292.0,0.0,0.0,0.0,32.0,33.0,57.0,46.0,42.0,0.0,382.0,356.0,130.0,934.0,0.0,170.0,682.0,221.0,109.0,77.0,300.0,5.0,0.0,48.0,0.0,46.0,38.0,15.0,3.0,65.0,6.0,785.0,225.0,192.0,83.0,1.0,21.0,0.0,683.0,26.0,175.0,6.0,12.0,166.0,120.0,23.0,19.0,18.0,62.0,0.0,291.0,10.0,111.0,0.0,3.0,2.0,60.0,138.0,30.0,25.0,178.0,110.0,658.0,440.0,16.0,65.0,59.0,4.0,4.0,45.0,0.0,1.0,37.0,92.0,30.0,182.0,21.0,6.0,38.0,403.0,68.0,22.0,22.0,103.0,113.0,321.0,60.0,28.0,11.0,39.0,34.0,32.0,0.0,5.0,34.0,276.0,27.0,39.0,26.0,27.0,455.0,0.0,435.0,47.0,177.0,175.0,0.0,20.0,30.0,24.0,46.0,56.0,69.0,207.0,150.0,85.0,50.0,109.0,17.0,117.0,0.0,131.0,9.0,0.0,133.0,24.0,353.0,2.0,285.0,20.0,77.0,17.0,1.0,145.0,31.0,18.0,18.0,13.0,141.0,25.0,0.0,78.0,53.0,12.0,246.0,176.0,39.0,156.0,149.0,19.0,92.0,408.0,152.0,35.0,10.0,8.0,109.0,14.0,12.0,0.0,0.0,6.0,287.0,44.0,71.0,13.0,0.0,16.0,11.0,302.0,0.0,53.0,0.0,0.0,204.0,46.0,31.0,0.0,0.0,334.0,74.0,88.0,23.0,0.0,0.0,20.0,17.0,622.0,108.0,14.0,60.0,11.0,39.0,269.0,8.0,343.0,15.0,20.0,0.0,80.0,23.0,55.0,50.0,47.0,2033.0,70.0
2016-18,0.0,67.0,6.0,6.0,5.0,110.0,58.0,12.0,72.0,80.0,80.0,65.0,16.0,383.0,5.0,13.0,35.0,784.0,5.0,51.0,12.0,154.0,35.0,19.0,30.0,48.0,64.0,32.0,199.0,41.0,8.0,27.0,12.0,11.0,73.0,380.0,69.0,0.0,7.0,14.0,19.0,32.0,89.0,116.0,4.0,136.0,74.0,111.0,0.0,0.0,42.0,15.0,27.0,598.0,64.0,56.0,212.0,47.0,0.0,313.0,12.0,18.0,24.0,0.0,32.0,356.0,63.0,199.0,114.0,75.0,3.0,20.0,71.0,1.0,70.0,8.0,102.0,32.0,10.0,0.0,1.0,69.0,97.0,1.0,198.0,2.0,6.0,62.0,10.0,122.0,21.0,50.0,129.0,483.0,0.0,0.0,11.0,280.0,35.0,293.0,18.0,326.0,8.0,56.0,70.0,0.0,141.0,68.0,25.0,66.0,200.0,35.0,378.0,192.0,2.0,174.0,0.0,27.0,0.0,34.0,804.0,74.0,3.0,0.0,31.0,396.0,11.0,215.0,10.0,27.0,51.0,419.0,384.0,21.0,31.0,8.0,92.0,20.0,4.0,8.0,31.0,5.0,86.0,103.0,37.0,303.0,83.0,0.0,317.0,450.0,237.0,47.0,30.0,30.0,605.0,481.0,66.0,431.0,19.0,155.0,422.0,2.0,113.0,0.0,0.0,10.0,278.0,0.0,6.0,0.0,122.0,0.0,146.0,15.0,371.0,6.0,237.0,0.0,0.0,0.0,20.0,29.0,65.0,36.0,22.0,0.0,262.0,319.0,134.0,722.0,0.0,133.0,569.0,193.0,51.0,72.0,190.0,11.0,0.0,36.0,0.0,59.0,21.0,20.0,3.0,75.0,2.0,641.0,186.0,169.0,61.0,1.0,29.0,0.0,385.0,25.0,176.0,5.0,11.0,188.0,110.0,27.0,14.0,17.0,70.0,0.0,169.0,19.0,73.0,0.0,2.0,4.0,83.0,84.0,31.0,28.0,145.0,93.0,402.0,417.0,15.0,68.0,60.0,13.0,2.0,29.0,0.0,10.0,27.0,74.0,60.0,191.0,5.0,14.0,37.0,384.0,74.0,28.0,27.0,90.0,132.0,237.0,59.0,47.0,8.0,35.0,30.0,30.0,0.0,9.0,41.0,262.0,29.0,32.0,23.0,16.0,355.0,0.0,332.0,48.0,137.0,140.0,0.0,27.0,16.0,12.0,35.0,43.0,89.0,189.0,143.0,63.0,54.0,99.0,14.0,103.0,0.0,108.0,10.0,2.0,130.0,50.0,335.0,4.0,272.0,16.0,60.0,11.0,4.0,131.0,32.0,8.0,21.0,6.0,99.0,40.0,0.0,64.0,64.0,14.0,221.0,150.0,46.0,166.0,103.0,24.0,101.0,355.0,120.0,33.0,15.0,13.0,88.0,16.0,8.0,0.0,0.0,4.0,225.0,39.0,70.0,29.0,0.0,12.0,7.0,234.0,0.0,64.0,0.0,0.0,205.0,49.0,38.0,0.0,0.0,313.0,75.0,85.0,33.0,0.0,0.0,23.0,19.0,508.0,84.0,15.0,56.0,19.0,54.0,204.0,6.0,244.0,8.0,29.0,0.0,51.0,35.0,49.0,39.0,36.0,1973.0,102.0
2016-19,0.0,77.0,9.0,1.0,1.0,155.0,50.0,11.0,86.0,85.0,145.0,70.0,18.0,598.0,4.0,9.0,45.0,1131.0,6.0,44.0,4.0,199.0,47.0,20.0,56.0,67.0,82.0,39.0,313.0,42.0,3.0,45.0,24.0,7.0,100.0,564.0,76.0,0.0,2.0,14.0,30.0,41.0,132.0,119.0,4.0,171.0,93.0,148.0,0.0,0.0,56.0,14.0,26.0,817.0,94.0,74.0,270.0,61.0,0.0,372.0,11.0,31.0,39.0,0.0,40.0,458.0,82.0,272.0,149.0,128.0,6.0,23.0,74.0,2.0,195.0,6.0,116.0,55.0,7.0,0.0,1.0,54.0,140.0,5.0,242.0,3.0,13.0,54.0,10.0,113.0,29.0,63.0,194.0,560.0,0.0,4.0,19.0,277.0,41.0,298.0,15.0,462.0,7.0,76.0,76.0,0.0,202.0,69.0,29.0,82.0,287.0,32.0,424.0,194.0,2.0,239.0,0.0,45.0,1.0,56.0,501.0,111.0,5.0,0.0,24.0,507.0,13.0,482.0,22.0,31.0,64.0,473.0,449.0,36.0,28.0,9.0,101.0,19.0,5.0,6.0,39.0,10.0,107.0,138.0,42.0,364.0,125.0,0.0,291.0,592.0,272.0,78.0,51.0,43.0,858.0,619.0,74.0,568.0,23.0,188.0,517.0,3.0,154.0,0.0,0.0,15.0,315.0,0.0,8.0,0.0,154.0,0.0,83.0,11.0,434.0,6.0,314.0,0.0,0.0,0.0,30.0,57.0,75.0,59.0,23.0,0.0,346.0,464.0,200.0,1034.0,0.0,186.0,690.0,219.0,91.0,97.0,174.0,16.0,0.0,42.0,1.0,45.0,724.0,29.0,4.0,102.0,3.0,813.0,253.0,221.0,106.0,4.0,15.0,0.0,463.0,23.0,193.0,5.0,13.0,204.0,158.0,23.0,14.0,15.0,76.0,0.0,175.0,13.0,180.0,0.0,4.0,3.0,88.0,161.0,31.0,32.0,158.0,145.0,1036.0,605.0,23.0,80.0,95.0,10.0,2.0,37.0,0.0,3.0,26.0,149.0,185.0,200.0,11.0,13.0,49.0,456.0,66.0,35.0,18.0,106.0,215.0,300.0,57.0,29.0,16.0,32.0,43.0,35.0,0.0,7.0,21.0,313.0,43.0,43.0,47.0,35.0,437.0,0.0,356.0,39.0,147.0,149.0,0.0,17.0,19.0,19.0,32.0,40.0,99.0,203.0,162.0,82.0,70.0,140.0,19.0,116.0,0.0,129.0,18.0,3.0,163.0,33.0,402.0,4.0,333.0,14.0,67.0,14.0,3.0,143.0,24.0,6.0,14.0,14.0,112.0,34.0,0.0,97.0,92.0,10.0,265.0,203.0,29.0,293.0,143.0,32.0,112.0,454.0,149.0,43.0,13.0,15.0,125.0,12.0,11.0,0.0,0.0,5.0,342.0,48.0,60.0,19.0,0.0,27.0,21.0,333.0,2.0,80.0,0.0,0.0,258.0,54.0,46.0,0.0,0.0,309.0,101.0,93.0,32.0,0.0,0.0,59.0,33.0,755.0,101.0,20.0,62.0,21.0,74.0,194.0,10.0,335.0,22.0,18.0,0.0,54.0,41.0,68.0,48.0,35.0,1870.0,150.0
2016-20,0.0,56.0,14.0,15.0,7.0,195.0,67.0,13.0,99.0,94.0,145.0,86.0,35.0,600.0,18.0,23.0,35.0,1426.0,23.0,68.0,10.0,179.0,49.0,26.0,51.0,89.0,117.0,52.0,274.0,32.0,4.0,51.0,18.0,8.0,100.0,510.0,110.0,0.0,23.0,20.0,30.0,62.0,141.0,180.0,14.0,231.0,136.0,169.0,0.0,0.0,107.0,18.0,29.0,907.0,69.0,71.0,266.0,60.0,0.0,398.0,23.0,49.0,43.0,0.0,54.0,472.0,96.0,294.0,181.0,149.0,9.0,53.0,71.0,3.0,149.0,27.0,92.0,61.0,41.0,0.0,0.0,74.0,140.0,8.0,299.0,9.0,25.0,83.0,56.0,141.0,68.0,102.0,283.0,586.0,0.0,5.0,29.0,308.0,71.0,338.0,32.0,508.0,20.0,93.0,71.0,0.0,248.0,76.0,37.0,150.0,370.0,29.0,457.0,241.0,1.0,220.0,0.0,33.0,0.0,66.0,599.0,105.0,8.0,0.0,34.0,616.0,20.0,614.0,34.0,53.0,100.0,503.0,433.0,40.0,55.0,11.0,97.0,12.0,1.0,14.0,51.0,10.0,136.0,155.0,42.0,457.0,102.0,0.0,403.0,653.0,304.0,87.0,37.0,79.0,982.0,986.0,98.0,454.0,40.0,262.0,527.0,1.0,154.0,0.0,0.0,47.0,331.0,0.0,6.0,0.0,173.0,0.0,71.0,28.0,445.0,21.0,361.0,0.0,0.0,0.0,23.0,56.0,88.0,57.0,33.0,0.0,303.0,512.0,185.0,1026.0,0.0,222.0,641.0,253.0,91.0,93.0,249.0,24.0,0.0,51.0,0.0,79.0,29.0,46.0,34.0,107.0,19.0,834.0,252.0,276.0,71.0,10.0,24.0,0.0,613.0,36.0,201.0,13.0,10.0,248.0,157.0,34.0,23.0,33.0,106.0,0.0,253.0,22.0,166.0,0.0,14.0,8.0,77.0,125.0,33.0,40.0,193.0,141.0,3214.0,713.0,12.0,106.0,98.0,29.0,4.0,48.0,0.0,6.0,44.0,144.0,50.0,239.0,25.0,23.0,51.0,411.0,95.0,64.0,41.0,183.0,240.0,339.0,98.0,24.0,26.0,56.0,48.0,46.0,0.0,13.0,36.0,340.0,46.0,73.0,61.0,24.0,399.0,0.0,474.0,61.0,196.0,176.0,0.0,20.0,47.0,17.0,78.0,74.0,226.0,231.0,179.0,78.0,94.0,639.0,24.0,98.0,0.0,112.0,23.0,6.0,155.0,95.0,430.0,13.0,299.0,32.0,98.0,17.0,13.0,214.0,38.0,12.0,16.0,18.0,120.0,77.0,0.0,83.0,88.0,18.0,314.0,195.0,30.0,203.0,152.0,70.0,151.0,472.0,183.0,58.0,45.0,36.0,176.0,30.0,47.0,0.0,0.0,5.0,362.0,66.0,67.0,30.0,0.0,59.0,29.0,331.0,11.0,76.0,0.0,0.0,264.0,65.0,52.0,0.0,0.0,228.0,100.0,99.0,39.0,0.0,0.0,38.0,33.0,593.0,87.0,26.0,159.0,35.0,86.0,213.0,12.0,307.0,45.0,33.0,0.0,82.0,45.0,90.0,52.0,40.0,2105.0,241.0
2016-21,0.0,92.0,11.0,4.0,7.0,222.0,77.0,19.0,119.0,133.0,142.0,88.0,22.0,691.0,3.0,14.0,52.0,1546.0,6.0,41.0,6.0,207.0,65.0,21.0,73.0,78.0,109.0,27.0,335.0,63.0,5.0,44.0,21.0,6.0,99.0,545.0,108.0,0.0,1.0,14.0,33.0,31.0,146.0,134.0,7.0,417.0,92.0,144.0,0.0,0.0,71.0,7.0,36.0,951.0,70.0,99.0,252.0,35.0,0.0,441.0,28.0,39.0,28.0,0.0,41.0,431.0,89.0,234.0,146.0,170.0,7.0,20.0,74.0,2.0,140.0,13.0,113.0,75.0,10.0,0.0,2.0,55.0,167.0,6.0,381.0,2.0,15.0,110.0,22.0,146.0,44.0,75.0,452.0,599.0,0.0,2.0,14.0,345.0,91.0,343.0,26.0,504.0,9.0,74.0,45.0,0.0,247.0,89.0,45.0,95.0,355.0,46.0,551.0,253.0,1.0,248.0,0.0,39.0,0.0,45.0,621.0,139.0,6.0,0.0,33.0,603.0,19.0,351.0,28.0,44.0,78.0,567.0,528.0,34.0,28.0,16.0,120.0,22.0,5.0,18.0,51.0,19.0,167.0,182.0,56.0,479.0,139.0,0.0,446.0,847.0,319.0,128.0,59.0,48.0,1470.0,939.0,74.0,567.0,30.0,202.0,483.0,3.0,165.0,0.0,0.0,7.0,385.0,0.0,5.0,0.0,158.0,0.0,67.0,28.0,428.0,14.0,252.0,0.0,0.0,0.0,42.0,69.0,58.0,54.0,42.0,0.0,319.0,529.0,175.0,1141.0,0.0,249.0,684.0,248.0,69.0,71.0,284.0,25.0,0.0,49.0,0.0,47.0,37.0,30.0,5.0,90.0,2.0,908.0,222.0,229.0,101.0,0.0,16.0,0.0,686.0,50.0,207.0,10.0,8.0,211.0,178.0,30.0,11.0,25.0,86.0,0.0,177.0,25.0,202.0,0.0,4.0,4.0,90.0,183.0,48.0,28.0,149.0,149.0,556.0,737.0,20.0,90.0,116.0,25.0,7.0,20.0,0.0,6.0,49.0,141.0,31.0,335.0,11.0,11.0,28.0,512.0,83.0,31.0,32.0,160.0,341.0,387.0,95.0,28.0,15.0,34.0,35.0,31.0,0.0,11.0,34.0,354.0,39.0,78.0,74.0,35.0,412.0,0.0,516.0,56.0,218.0,185.0,0.0,26.0,26.0,24.0,66.0,54.0,76.0,356.0,165.0,79.0,97.0,138.0,34.0,126.0,0.0,103.0,16.0,1.0,189.0,32.0,458.0,7.0,350.0,13.0,64.0,11.0,8.0,211.0,28.0,6.0,13.0,12.0,138.0,23.0,0.0,117.0,76.0,22.0,307.0,151.0,37.0,243.0,135.0,56.0,208.0,636.0,232.0,67.0,6.0,20.0,151.0,14.0,16.0,0.0,0.0,3.0,339.0,78.0,54.0,12.0,0.0,24.0,31.0,335.0,1.0,86.0,0.0,0.0,226.0,55.0,53.0,0.0,0.0,280.0,88.0,105.0,41.0,0.0,0.0,58.0,32.0,665.0,118.0,14.0,118.0,19.0,82.0,221.0,11.0,354.0,18.0,29.0,0.0,85.0,33.0,81.0,58.0,53.0,2167.0,201.0
2016-22,0.0,102.0,35.0,8.0,6.0,187.0,68.0,11.0,115.0,145.0,181.0,90.0,32.0,679.0,8.0,13.0,71.0,1611.0,10.0,42.0,6.0,205.0,55.0,18.0,61.0,65.0,135.0,53.0,350.0,37.0,7.0,26.0,42.0,17.0,121.0,625.0,102.0,0.0,2.0,21.0,23.0,26.0,112.0,138.0,3.0,322.0,111.0,154.0,0.0,0.0,81.0,13.0,30.0,885.0,66.0,99.0,283.0,43.0,0.0,401.0,14.0,29.0,42.0,0.0,26.0,397.0,99.0,269.0,148.0,166.0,9.0,28.0,80.0,3.0,108.0,7.0,114.0,46.0,4.0,0.0,1.0,40.0,163.0,6.0,334.0,4.0,11.0,108.0,21.0,136.0,47.0,57.0,220.0,495.0,0.0,3.0,23.0,296.0,46.0,407.0,34.0,483.0,7.0,100.0,62.0,0.0,290.0,88.0,32.0,95.0,323.0,49.0,512.0,235.0,4.0,258.0,0.0,38.0,1.0,35.0,397.0,109.0,10.0,0.0,36.0,561.0,14.0,322.0,15.0,37.0,68.0,609.0,369.0,20.0,46.0,16.0,94.0,7.0,1.0,20.0,39.0,16.0,115.0,173.0,69.0,514.0,166.0,0.0,378.0,647.0,336.0,90.0,53.0,44.0,957.0,903.0,86.0,565.0,34.0,191.0,501.0,3.0,140.0,0.0,0.0,6.0,343.0,0.0,12.0,0.0,172.0,0.0,63.0,40.0,421.0,8.0,284.0,0.0,0.0,0.0,36.0,51.0,72.0,67.0,27.0,0.0,273.0,562.0,179.0,1212.0,0.0,227.0,677.0,190.0,103.0,82.0,192.0,12.0,0.0,52.0,0.0,53.0,41.0,50.0,7.0,71.0,6.0,919.0,296.0,215.0,80.0,5.0,40.0,0.0,577.0,43.0,242.0,18.0,14.0,256.0,158.0,32.0,12.0,15.0,76.0,0.0,202.0,20.0,192.0,0.0,2.0,2.0,95.0,232.0,40.0,34.0,182.0,142.0,454.0,689.0,18.0,107.0,153.0,19.0,3.0,39.0,0.0,7.0,41.0,198.0,33.0,267.0,8.0,25.0,49.0,515.0,105.0,37.0,26.0,147.0,157.0,335.0,54.0,33.0,13.0,44.0,37.0,40.0,0.0,8.0,35.0,277.0,35.0,73.0,40.0,44.0,356.0,0.0,459.0,63.0,281.0,196.0,0.0,28.0,28.0,16.0,59.0,64.0,68.0,315.0,151.0,80.0,94.0,117.0,24.0,84.0,0.0,191.0,13.0,1.0,161.0,29.0,408.0,7.0,274.0,18.0,65.0,20.0,5.0,171.0,21.0,9.0,25.0,12.0,153.0,32.0,0.0,141.0,487.0,14.0,237.0,145.0,35.0,226.0,132.0,61.0,165.0,520.0,215.0,51.0,20.0,12.0,119.0,14.0,6.0,0.0,0.0,4.0,399.0,64.0,57.0,18.0,0.0,28.0,17.0,346.0,4.0,57.0,0.0,0.0,262.0,50.0,40.0,0.0,0.0,246.0,105.0,112.0,28.0,0.0,0.0,72.0,37.0,727.0,121.0,17.0,134.0,24.0,94.0,205.0,16.0,380.0,18.0,20.0,0.0,103.0,31.0,79.0,50.0,46.0,1573.0,186.0
2016-23,0.0,85.0,27.0,6.0,6.0,196.0,73.0,7.0,104.0,99.0,138.0,72.0,36.0,645.0,5.0,14.0,69.0,1301.0,5.0,77.0,7.0,216.0,62.0,20.0,59.0,73.0,172.0,39.0,393.0,26.0,5.0,43.0,24.0,21.0,115.0,536.0,95.0,0.0,3.0,19.0,17.0,32.0,109.0,156.0,7.0,576.0,77.0,163.0,0.0,0.0,66.0,12.0,20.0,766.0,65.0,98.0,281.0,42.0,0.0,375.0,24.0,30.0,33.0,0.0,33.0,389.0,71.0,209.0,143.0,132.0,7.0,30.0,74.0,2.0,126.0,5.0,102.0,58.0,6.0,0.0,1.0,38.0,190.0,10.0,320.0,3.0,11.0,64.0,6.0,119.0,34.0,60.0,257.0,485.0,0.0,3.0,20.0,261.0,53.0,326.0,23.0,412.0,7.0,85.0,59.0,0.0,226.0,85.0,43.0,112.0,266.0,47.0,448.0,171.0,2.0,259.0,0.0,37.0,1.0,35.0,352.0,105.0,5.0,0.0,36.0,493.0,9.0,280.0,21.0,35.0,72.0,542.0,353.0,41.0,45.0,17.0,102.0,16.0,4.0,5.0,45.0,12.0,115.0,136.0,50.0,400.0,123.0,0.0,341.0,602.0,306.0,94.0,71.0,43.0,953.0,666.0,91.0,472.0,36.0,220.0,445.0,1.0,158.0,0.0,0.0,20.0,351.0,0.0,15.0,0.0,177.0,0.0,75.0,30.0,422.0,7.0,248.0,0.0,0.0,0.0,40.0,54.0,53.0,67.0,33.0,0.0,307.0,511.0,179.0,1040.0,0.0,174.0,687.0,155.0,105.0,78.0,202.0,10.0,0.0,49.0,1.0,51.0,34.0,28.0,6.0,83.0,5.0,830.0,214.0,240.0,77.0,1.0,36.0,0.0,425.0,36.0,185.0,7.0,11.0,172.0,180.0,21.0,22.0,16.0,89.0,0.0,225.0,8.0,153.0,0.0,6.0,8.0,93.0,151.0,43.0,34.0,208.0,143.0,403.0,576.0,24.0,86.0,92.0,13.0,3.0,33.0,0.0,3.0,40.0,160.0,40.0,248.0,14.0,18.0,56.0,501.0,90.0,46.0,28.0,124.0,178.0,277.0,82.0,25.0,16.0,38.0,45.0,39.0,0.0,11.0,38.0,295.0,32.0,88.0,42.0,23.0,341.0,0.0,393.0,48.0,215.0,151.0,0.0,33.0,37.0,29.0,52.0,42.0,64.0,281.0,156.0,67.0,76.0,158.0,16.0,93.0,0.0,159.0,16.0,5.0,217.0,47.0,331.0,3.0,244.0,12.0,52.0,12.0,8.0,167.0,24.0,15.0,10.0,14.0,127.0,35.0,0.0,106.0,191.0,16.0,273.0,155.0,52.0,207.0,127.0,41.0,145.0,627.0,173.0,44.0,16.0,20.0,113.0,13.0,9.0,0.0,0.0,0.0,345.0,66.0,65.0,18.0,0.0,31.0,25.0,307.0,3.0,47.0,0.0,0.0,309.0,47.0,36.0,0.0,0.0,241.0,113.0,124.0,17.0,0.0,0.0,69.0,30.0,653.0,103.0,21.0,111.0,23.0,64.0,155.0,8.0,386.0,15.0,16.0,0.0,78.0,38.0,87.0,41.0,40.0,1223.0,160.0
2016-24,0.0,67.0,18.0,4.0,8.0,172.0,63.0,10.0,66.0,83.0,126.0,101.0,19.0,630.0,4.0,11.0,67.0,1187.0,6.0,53.0,9.0,194.0,79.0,21.0,65.0,87.0,114.0,57.0,345.0,35.0,4.0,30.0,10.0,8.0,96.0,541.0,108.0,0.0,0.0,24.0,26.0,42.0,123.0,148.0,10.0,495.0,91.0,139.0,0.0,0.0,49.0,11.0,44.0,800.0,44.0,65.0,255.0,41.0,0.0,372.0,20.0,20.0,28.0,0.0,31.0,413.0,95.0,186.0,141.0,155.0,6.0,26.0,113.0,2.0,129.0,4.0,78.0,57.0,7.0,0.0,0.0,55.0,163.0,6.0,311.0,1.0,17.0,68.0,14.0,154.0,26.0,76.0,291.0,662.0,0.0,5.0,17.0,320.0,39.0,268.0,29.0,601.0,8.0,101.0,52.0,0.0,192.0,85.0,71.0,128.0,279.0,44.0,480.0,179.0,2.0,198.0,0.0,44.0,0.0,40.0,101.0,98.0,3.0,0.0,30.0,511.0,14.0,366.0,25.0,26.0,71.0,458.0,359.0,33.0,45.0,22.0,90.0,11.0,7.0,8.0,41.0,16.0,117.0,122.0,36.0,420.0,115.0,0.0,355.0,660.0,261.0,83.0,40.0,41.0,1060.0,764.0,90.0,437.0,26.0,209.0,520.0,0.0,178.0,0.0,0.0,17.0,329.0,0.0,11.0,0.0,171.0,0.0,57.0,12.0,413.0,7.0,288.0,0.0,0.0,0.0,27.0,53.0,64.0,40.0,30.0,0.0,263.0,538.0,175.0,1087.0,0.0,175.0,781.0,222.0,115.0,86.0,207.0,5.0,0.0,77.0,2.0,68.0,39.0,25.0,3.0,68.0,2.0,812.0,230.0,217.0,100.0,1.0,18.0,0.0,417.0,27.0,168.0,10.0,10.0,329.0,146.0,27.0,19.0,17.0,71.0,0.0,266.0,8.0,186.0,0.0,4.0,1.0,99.0,178.0,42.0,30.0,189.0,119.0,330.0,540.0,8.0,105.0,102.0,18.0,3.0,41.0,0.0,4.0,46.0,123.0,46.0,224.0,21.0,10.0,40.0,484.0,70.0,37.0,25.0,117.0,143.0,311.0,72.0,26.0,10.0,50.0,43.0,27.0,0.0,21.0,24.0,307.0,48.0,79.0,37.0,20.0,385.0,0.0,561.0,52.0,171.0,187.0,0.0,30.0,33.0,33.0,37.0,45.0,54.0,232.0,154.0,95.0,66.0,135.0,29.0,100.0,0.0,136.0,29.0,4.0,223.0,31.0,339.0,8.0,157.0,12.0,79.0,20.0,15.0,182.0,34.0,6.0,14.0,6.0,144.0,64.0,0.0,127.0,121.0,14.0,218.0,152.0,65.0,185.0,132.0,62.0,132.0,459.0,162.0,48.0,29.0,13.0,121.0,18.0,7.0,0.0,0.0,1.0,345.0,64.0,62.0,8.0,0.0,32.0,27.0,259.0,1.0,61.0,0.0,0.0,211.0,45.0,39.0,0.0,0.0,394.0,108.0,78.0,29.0,0.0,0.0,41.0,33.0,608.0,124.0,16.0,100.0,23.0,74.0,197.0,18.0,369.0,22.0,22.0,0.0,86.0,36.0,56.0,60.0,70.0,804.0,158.0
2016-25,0.0,76.0,13.0,5.0,4.0,126.0,64.0,12.0,83.0,87.0,115.0,64.0,21.0,547.0,3.0,14.0,50.0,1020.0,7.0,37.0,11.0,206.0,57.0,21.0,57.0,63.0,139.0,52.0,272.0,56.0,10.0,36.0,14.0,12.0,94.0,413.0,71.0,0.0,2.0,9.0,17.0,24.0,170.0,148.0,6.0,314.0,63.0,127.0,0.0,0.0,48.0,13.0,28.0,698.0,62.0,81.0,232.0,48.0,0.0,294.0,24.0,42.0,23.0,0.0,26.0,374.0,79.0,187.0,113.0,130.0,6.0,29.0,116.0,2.0,162.0,4.0,95.0,62.0,15.0,0.0,2.0,49.0,141.0,5.0,290.0,4.0,15.0,72.0,11.0,109.0,26.0,67.0,194.0,597.0,0.0,3.0,16.0,276.0,52.0,272.0,20.0,505.0,10.0,65.0,46.0,0.0,176.0,86.0,17.0,118.0,239.0,46.0,403.0,149.0,1.0,211.0,0.0,57.0,0.0,39.0,181.0,91.0,2.0,0.0,45.0,464.0,11.0,559.0,23.0,35.0,64.0,503.0,323.0,34.0,54.0,15.0,87.0,12.0,10.0,7.0,32.0,10.0,145.0,97.0,65.0,338.0,95.0,0.0,335.0,575.0,247.0,79.0,40.0,31.0,877.0,556.0,73.0,478.0,20.0,174.0,429.0,3.0,123.0,0.0,0.0,13.0,290.0,0.0,16.0,0.0,146.0,0.0,207.0,22.0,346.0,12.0,208.0,0.0,0.0,0.0,26.0,52.0,87.0,53.0,32.0,0.0,255.0,457.0,184.0,980.0,0.0,141.0,639.0,204.0,79.0,57.0,195.0,9.0,0.0,56.0,0.0,55.0,30.0,18.0,2.0,61.0,5.0,691.0,188.0,175.0,92.0,1.0,19.0,0.0,441.0,29.0,174.0,16.0,5.0,304.0,149.0,73.0,18.0,24.0,83.0,0.0,266.0,9.0,134.0,0.0,3.0,5.0,84.0,116.0,37.0,33.0,184.0,107.0,411.0,460.0,18.0,73.0,81.0,10.0,1.0,29.0,0.0,11.0,27.0,132.0,30.0,185.0,16.0,16.0,35.0,493.0,90.0,23.0,25.0,116.0,158.0,296.0,53.0,62.0,23.0,67.0,54.0,51.0,0.0,13.0,22.0,312.0,34.0,77.0,39.0,27.0,403.0,0.0,359.0,34.0,147.0,129.0,0.0,26.0,17.0,24.0,43.0,36.0,44.0,202.0,131.0,84.0,55.0,141.0,17.0,86.0,0.0,119.0,19.0,8.0,189.0,35.0,292.0,6.0,130.0,15.0,55.0,18.0,11.0,175.0,19.0,10.0,9.0,10.0,115.0,69.0,0.0,82.0,84.0,16.0,236.0,164.0,36.0,176.0,105.0,55.0,96.0,469.0,136.0,66.0,26.0,25.0,130.0,71.0,11.0,0.0,0.0,1.0,273.0,41.0,62.0,11.0,0.0,38.0,19.0,205.0,2.0,58.0,0.0,0.0,194.0,50.0,49.0,0.0,0.0,313.0,78.0,87.0,32.0,1.0,0.0,55.0,27.0,550.0,106.0,19.0,89.0,30.0,61.0,192.0,8.0,377.0,29.0,17.0,0.0,47.0,40.0,69.0,42.0,80.0,969.0,203.0
2016-26,0.0,57.0,16.0,6.0,2.0,102.0,54.0,11.0,64.0,51.0,71.0,45.0,13.0,430.0,0.0,9.0,45.0,675.0,6.0,29.0,4.0,159.0,48.0,17.0,55.0,36.0,87.0,35.0,223.0,38.0,6.0,22.0,17.0,10.0,73.0,336.0,35.0,0.0,4.0,13.0,12.0,20.0,110.0,131.0,3.0,214.0,66.0,86.0,0.0,0.0,37.0,6.0,24.0,625.0,33.0,54.0,207.0,47.0,0.0,244.0,17.0,29.0,18.0,0.0,25.0,324.0,42.0,163.0,142.0,121.0,4.0,19.0,52.0,2.0,66.0,5.0,86.0,52.0,6.0,0.0,0.0,44.0,157.0,1.0,188.0,3.0,10.0,78.0,9.0,97.0,17.0,60.0,184.0,408.0,0.0,1.0,12.0,291.0,51.0,269.0,15.0,251.0,6.0,59.0,37.0,0.0,160.0,53.0,16.0,113.0,151.0,22.0,386.0,163.0,2.0,205.0,0.0,43.0,0.0,28.0,49.0,83.0,3.0,0.0,30.0,330.0,6.0,247.0,17.0,26.0,34.0,526.0,216.0,28.0,26.0,13.0,79.0,10.0,2.0,11.0,52.0,11.0,90.0,84.0,32.0,316.0,70.0,0.0,271.0,415.0,226.0,63.0,32.0,28.0,839.0,372.0,60.0,296.0,16.0,155.0,371.0,0.0,96.0,0.0,0.0,7.0,282.0,0.0,4.0,0.0,153.0,0.0,104.0,21.0,252.0,13.0,159.0,0.0,0.0,0.0,27.0,25.0,36.0,70.0,39.0,0.0,212.0,286.0,150.0,799.0,0.0,133.0,570.0,152.0,65.0,55.0,161.0,12.0,0.0,49.0,0.0,47.0,22.0,19.0,1.0,51.0,5.0,642.0,193.0,155.0,72.0,3.0,24.0,0.0,290.0,14.0,127.0,9.0,10.0,143.0,87.0,18.0,15.0,16.0,74.0,0.0,247.0,10.0,104.0,0.0,4.0,4.0,55.0,104.0,22.0,25.0,152.0,73.0,301.0,421.0,12.0,49.0,55.0,10.0,3.0,22.0,0.0,5.0,13.0,108.0,51.0,163.0,9.0,9.0,19.0,460.0,82.0,22.0,26.0,108.0,173.0,180.0,83.0,24.0,11.0,33.0,40.0,21.0,0.0,7.0,22.0,256.0,28.0,55.0,44.0,21.0,291.0,0.0,239.0,29.0,110.0,127.0,0.0,23.0,17.0,25.0,37.0,32.0,61.0,238.0,152.0,65.0,45.0,137.0,23.0,91.0,0.0,83.0,13.0,6.0,118.0,17.0,258.0,3.0,152.0,3.0,41.0,11.0,11.0,112.0,14.0,3.0,12.0,5.0,110.0,26.0,0.0,62.0,66.0,12.0,247.0,119.0,31.0,168.0,77.0,35.0,90.0,315.0,96.0,33.0,8.0,8.0,99.0,11.0,10.0,0.0,0.0,0.0,227.0,27.0,51.0,11.0,0.0,13.0,11.0,210.0,0.0,40.0,0.0,0.0,146.0,47.0,22.0,0.0,0.0,231.0,88.0,67.0,14.0,1.0,0.0,34.0,16.0,534.0,96.0,11.0,39.0,20.0,88.0,198.0,4.0,300.0,15.0,11.0,0.0,40.0,23.0,55.0,38.0,24.0,576.0,97.0
2016-27,0.0,61.0,8.0,2.0,2.0,85.0,32.0,7.0,75.0,79.0,86.0,64.0,11.0,306.0,5.0,8.0,21.0,523.0,6.0,23.0,5.0,155.0,27.0,14.0,36.0,39.0,62.0,20.0,130.0,17.0,4.0,21.0,16.0,8.0,69.0,301.0,33.0,0.0,2.0,7.0,24.0,23.0,80.0,113.0,4.0,235.0,54.0,97.0,0.0,0.0,32.0,10.0,25.0,560.0,36.0,38.0,192.0,42.0,0.0,222.0,30.0,22.0,12.0,0.0,28.0,312.0,52.0,140.0,128.0,83.0,4.0,20.0,49.0,2.0,84.0,3.0,69.0,44.0,6.0,0.0,2.0,40.0,152.0,3.0,157.0,3.0,10.0,56.0,3.0,89.0,19.0,63.0,101.0,423.0,0.0,2.0,11.0,288.0,33.0,239.0,16.0,224.0,6.0,48.0,18.0,0.0,180.0,37.0,12.0,107.0,109.0,26.0,314.0,133.0,5.0,153.0,0.0,32.0,0.0,17.0,38.0,46.0,4.0,0.0,23.0,289.0,5.0,242.0,6.0,14.0,32.0,459.0,210.0,21.0,13.0,12.0,64.0,7.0,4.0,5.0,39.0,12.0,81.0,99.0,24.0,238.0,54.0,0.0,251.0,371.0,180.0,78.0,29.0,19.0,771.0,307.0,65.0,979.0,14.0,171.0,390.0,2.0,83.0,0.0,0.0,2.0,210.0,0.0,5.0,0.0,107.0,0.0,99.0,9.0,240.0,3.0,109.0,0.0,0.0,0.0,19.0,26.0,29.0,49.0,20.0,0.0,239.0,247.0,124.0,692.0,0.0,124.0,515.0,176.0,50.0,57.0,131.0,3.0,0.0,35.0,0.0,36.0,15.0,12.0,1.0,74.0,1.0,471.0,218.0,119.0,54.0,2.0,14.0,0.0,259.0,13.0,105.0,8.0,5.0,102.0,77.0,17.0,12.0,17.0,82.0,0.0,181.0,5.0,69.0,0.0,2.0,3.0,72.0,55.0,13.0,23.0,122.0,38.0,230.0,324.0,11.0,48.0,43.0,10.0,2.0,20.0,0.0,2.0,21.0,87.0,62.0,143.0,4.0,4.0,21.0,338.0,63.0,42.0,20.0,82.0,89.0,148.0,35.0,22.0,12.0,31.0,37.0,15.0,0.0,7.0,14.0,158.0,26.0,37.0,23.0,31.0,210.0,0.0,226.0,23.0,86.0,90.0,0.0,12.0,15.0,10.0,19.0,24.0,47.0,186.0,134.0,56.0,27.0,107.0,11.0,69.0,0.0,97.0,9.0,1.0,86.0,22.0,216.0,4.0,132.0,2.0,47.0,11.0,8.0,111.0,12.0,2.0,15.0,4.0,68.0,15.0,0.0,53.0,42.0,6.0,191.0,126.0,24.0,152.0,63.0,32.0,91.0,239.0,116.0,41.0,6.0,8.0,86.0,10.0,10.0,0.0,0.0,1.0,195.0,28.0,45.0,13.0,0.0,7.0,5.0,176.0,0.0,44.0,0.0,0.0,414.0,44.0,23.0,0.0,0.0,202.0,77.0,52.0,10.0,0.0,0.0,22.0,18.0,478.0,108.0,14.0,38.0,17.0,79.0,140.0,6.0,292.0,12.0,10.0,0.0,42.0,9.0,51.0,32.0,27.0,404.0,134.0
2016-28,0.0,72.0,9.0,1.0,0.0,77.0,43.0,8.0,74.0,77.0,75.0,41.0,23.0,282.0,6.0,11.0,29.0,401.0,6.0,16.0,4.0,132.0,36.0,14.0,39.0,40.0,62.0,24.0,162.0,15.0,3.0,26.0,12.0,6.0,56.0,479.0,31.0,0.0,1.0,7.0,11.0,18.0,84.0,140.0,2.0,252.0,48.0,93.0,0.0,0.0,44.0,9.0,23.0,625.0,32.0,53.0,200.0,29.0,0.0,206.0,24.0,13.0,18.0,0.0,15.0,319.0,52.0,156.0,93.0,89.0,3.0,19.0,50.0,2.0,119.0,5.0,56.0,47.0,3.0,0.0,4.0,33.0,148.0,2.0,138.0,1.0,10.0,41.0,3.0,84.0,15.0,49.0,110.0,511.0,0.0,0.0,8.0,210.0,41.0,244.0,22.0,158.0,7.0,132.0,20.0,0.0,169.0,36.0,10.0,108.0,91.0,11.0,421.0,128.0,0.0,139.0,0.0,30.0,1.0,25.0,398.0,82.0,4.0,0.0,20.0,275.0,4.0,244.0,10.0,13.0,34.0,442.0,205.0,19.0,19.0,10.0,48.0,7.0,7.0,8.0,28.0,13.0,93.0,88.0,31.0,207.0,92.0,0.0,263.0,356.0,203.0,89.0,27.0,24.0,704.0,289.0,55.0,593.0,16.0,157.0,338.0,3.0,79.0,0.0,0.0,7.0,214.0,0.0,5.0,0.0,95.0,0.0,62.0,24.0,248.0,5.0,141.0,0.0,0.0,0.0,19.0,18.0,37.0,66.0,28.0,0.0,228.0,230.0,132.0,769.0,0.0,164.0,490.0,153.0,51.0,38.0,114.0,11.0,0.0,25.0,1.0,27.0,13.0,16.0,2.0,41.0,3.0,534.0,188.0,133.0,40.0,1.0,12.0,0.0,210.0,10.0,117.0,6.0,17.0,93.0,100.0,63.0,18.0,15.0,55.0,0.0,122.0,5.0,56.0,0.0,0.0,11.0,43.0,33.0,12.0,33.0,118.0,32.0,209.0,343.0,16.0,46.0,38.0,7.0,2.0,32.0,0.0,6.0,12.0,69.0,47.0,151.0,7.0,10.0,15.0,339.0,55.0,20.0,18.0,105.0,49.0,163.0,17.0,53.0,13.0,73.0,29.0,22.0,0.0,2.0,14.0,147.0,20.0,30.0,22.0,176.0,269.0,0.0,217.0,26.0,89.0,73.0,0.0,18.0,16.0,15.0,27.0,21.0,25.0,182.0,113.0,46.0,19.0,108.0,16.0,59.0,0.0,85.0,8.0,3.0,68.0,17.0,223.0,4.0,107.0,6.0,45.0,18.0,4.0,96.0,23.0,6.0,10.0,1.0,102.0,25.0,0.0,51.0,54.0,7.0,149.0,101.0,31.0,122.0,84.0,25.0,89.0,235.0,103.0,37.0,8.0,8.0,60.0,12.0,9.0,0.0,0.0,2.0,195.0,16.0,48.0,21.0,0.0,10.0,14.0,194.0,3.0,32.0,0.0,0.0,184.0,36.0,21.0,0.0,0.0,171.0,85.0,52.0,14.0,0.0,0.0,12.0,16.0,383.0,95.0,10.0,33.0,25.0,84.0,181.0,2.0,327.0,11.0,22.0,0.0,33.0,20.0,82.0,24.0,38.0,1399.0,105.0
2016-29,0.0,57.0,10.0,1.0,4.0,55.0,26.0,13.0,50.0,99.0,68.0,41.0,20.0,280.0,5.0,8.0,22.0,411.0,3.0,13.0,5.0,161.0,19.0,17.0,38.0,23.0,62.0,18.0,123.0,17.0,5.0,24.0,12.0,8.0,74.0,239.0,26.0,0.0,4.0,8.0,15.0,20.0,75.0,120.0,3.0,152.0,40.0,104.0,0.0,0.0,38.0,4.0,18.0,482.0,37.0,44.0,177.0,35.0,0.0,170.0,14.0,17.0,13.0,0.0,14.0,279.0,53.0,156.0,89.0,76.0,6.0,15.0,30.0,1.0,87.0,3.0,51.0,44.0,2.0,0.0,1.0,38.0,115.0,7.0,118.0,1.0,11.0,36.0,5.0,87.0,10.0,51.0,102.0,509.0,0.0,2.0,13.0,199.0,36.0,209.0,21.0,149.0,6.0,75.0,40.0,0.0,102.0,47.0,11.0,105.0,80.0,19.0,295.0,112.0,1.0,151.0,0.0,31.0,1.0,12.0,435.0,76.0,15.0,0.0,16.0,246.0,11.0,241.0,10.0,12.0,17.0,345.0,174.0,23.0,29.0,9.0,56.0,12.0,9.0,6.0,18.0,6.0,64.0,83.0,36.0,166.0,66.0,0.0,236.0,321.0,428.0,76.0,29.0,30.0,537.0,327.0,53.0,362.0,14.0,125.0,281.0,1.0,56.0,0.0,0.0,6.0,188.0,0.0,6.0,0.0,103.0,0.0,166.0,19.0,238.0,5.0,98.0,0.0,0.0,0.0,18.0,20.0,29.0,52.0,37.0,0.0,194.0,205.0,132.0,597.0,0.0,98.0,438.0,143.0,32.0,30.0,108.0,15.0,0.0,29.0,0.0,39.0,23.0,8.0,3.0,43.0,4.0,556.0,146.0,116.0,49.0,1.0,20.0,0.0,187.0,12.0,84.0,6.0,5.0,171.0,80.0,27.0,18.0,10.0,52.0,0.0,109.0,7.0,75.0,0.0,4.0,4.0,35.0,54.0,13.0,23.0,96.0,28.0,187.0,327.0,18.0,46.0,39.0,6.0,1.0,22.0,0.0,5.0,16.0,51.0,33.0,145.0,11.0,12.0,23.0,286.0,45.0,20.0,18.0,100.0,40.0,112.0,28.0,19.0,2.0,25.0,22.0,19.0,0.0,8.0,16.0,146.0,26.0,43.0,16.0,28.0,248.0,0.0,203.0,17.0,68.0,79.0,0.0,12.0,13.0,13.0,22.0,21.0,30.0,133.0,105.0,69.0,20.0,100.0,7.0,47.0,0.0,88.0,8.0,3.0,79.0,14.0,162.0,8.0,85.0,6.0,41.0,20.0,12.0,81.0,13.0,5.0,8.0,7.0,86.0,33.0,0.0,57.0,42.0,13.0,114.0,80.0,22.0,95.0,65.0,20.0,65.0,188.0,81.0,86.0,8.0,6.0,67.0,11.0,2.0,0.0,0.0,2.0,178.0,20.0,50.0,25.0,0.0,8.0,9.0,174.0,0.0,39.0,0.0,0.0,68.0,34.0,25.0,0.0,0.0,160.0,66.0,37.0,11.0,0.0,0.0,12.0,19.0,394.0,93.0,8.0,22.0,28.0,142.0,128.0,3.0,277.0,15.0,13.0,0.0,41.0,17.0,58.0,19.0,26.0,1255.0,116.0
2016-30,0.0,50.0,9.0,3.0,9.0,59.0,50.0,16.0,76.0,78.0,88.0,39.0,22.0,314.0,9.0,12.0,23.0,438.0,7.0,31.0,8.0,126.0,15.0,16.0,73.0,45.0,79.0,29.0,141.0,18.0,10.0,24.0,11.0,12.0,59.0,227.0,39.0,0.0,9.0,11.0,18.0,18.0,85.0,104.0,8.0,257.0,45.0,81.0,0.0,0.0,62.0,14.0,25.0,532.0,38.0,58.0,222.0,32.0,0.0,179.0,25.0,25.0,24.0,0.0,24.0,270.0,51.0,173.0,104.0,96.0,9.0,23.0,53.0,2.0,106.0,6.0,52.0,37.0,11.0,0.0,0.0,50.0,121.0,4.0,116.0,4.0,20.0,32.0,15.0,93.0,16.0,54.0,117.0,564.0,0.0,2.0,12.0,210.0,38.0,216.0,20.0,170.0,12.0,102.0,21.0,0.0,160.0,42.0,7.0,88.0,110.0,24.0,291.0,104.0,2.0,181.0,0.0,56.0,0.0,19.0,205.0,74.0,6.0,0.0,22.0,263.0,17.0,224.0,18.0,16.0,29.0,433.0,172.0,23.0,32.0,19.0,56.0,9.0,9.0,11.0,31.0,9.0,109.0,67.0,32.0,171.0,67.0,0.0,289.0,395.0,474.0,206.0,40.0,28.0,606.0,301.0,38.0,433.0,17.0,164.0,481.0,2.0,102.0,0.0,0.0,6.0,204.0,0.0,5.0,0.0,129.0,0.0,112.0,25.0,258.0,15.0,110.0,0.0,0.0,0.0,13.0,46.0,28.0,61.0,32.0,0.0,218.0,209.0,119.0,617.0,0.0,105.0,450.0,164.0,48.0,73.0,113.0,20.0,0.0,30.0,0.0,43.0,15.0,12.0,4.0,39.0,6.0,482.0,170.0,116.0,72.0,4.0,20.0,0.0,201.0,8.0,97.0,8.0,12.0,116.0,80.0,21.0,23.0,9.0,61.0,0.0,117.0,5.0,87.0,0.0,7.0,8.0,50.0,47.0,26.0,19.0,129.0,43.0,154.0,368.0,10.0,50.0,41.0,13.0,2.0,41.0,0.0,7.0,22.0,59.0,35.0,157.0,9.0,11.0,11.0,308.0,65.0,21.0,21.0,93.0,60.0,131.0,40.0,22.0,11.0,33.0,27.0,17.0,0.0,6.0,30.0,153.0,33.0,34.0,22.0,186.0,266.0,0.0,263.0,27.0,82.0,105.0,0.0,15.0,19.0,17.0,22.0,30.0,33.0,94.0,125.0,55.0,34.0,240.0,14.0,44.0,0.0,93.0,17.0,6.0,58.0,18.0,164.0,12.0,99.0,5.0,52.0,12.0,9.0,86.0,21.0,7.0,9.0,7.0,83.0,35.0,0.0,39.0,36.0,19.0,235.0,109.0,29.0,127.0,66.0,16.0,69.0,236.0,93.0,56.0,6.0,11.0,82.0,10.0,11.0,0.0,0.0,8.0,189.0,27.0,45.0,32.0,0.0,14.0,12.0,169.0,3.0,41.0,0.0,0.0,84.0,42.0,19.0,0.0,0.0,168.0,68.0,48.0,13.0,0.0,0.0,20.0,22.0,406.0,101.0,19.0,29.0,22.0,112.0,147.0,10.0,301.0,16.0,26.0,0.0,37.0,14.0,55.0,41.0,51.0,1629.0,106.0
2016-31,0.0,0.0,0.0,0.0,0.0,0.0,0.0,0.0,0.0,0.0,0.0,0.0,0.0,0.0,0.0,0.0,0.0,0.0,0.0,0.0,0.0,0.0,0.0,0.0,0.0,0.0,0.0,0.0,0.0,0.0,0.0,0.0,0.0,0.0,0.0,0.0,0.0,0.0,0.0,0.0,0.0,0.0,0.0,0.0,0.0,0.0,0.0,0.0,0.0,0.0,0.0,0.0,0.0,0.0,0.0,0.0,0.0,0.0,0.0,0.0,0.0,0.0,0.0,0.0,0.0,0.0,0.0,0.0,0.0,0.0,0.0,0.0,0.0,0.0,0.0,0.0,0.0,0.0,0.0,0.0,0.0,0.0,0.0,0.0,0.0,0.0,0.0,0.0,0.0,0.0,0.0,0.0,0.0,0.0,0.0,0.0,0.0,0.0,0.0,0.0,0.0,0.0,0.0,0.0,0.0,0.0,0.0,0.0,0.0,0.0,0.0,0.0,0.0,0.0,0.0,0.0,0.0,0.0,0.0,0.0,0.0,0.0,0.0,0.0,0.0,0.0,0.0,0.0,0.0,0.0,0.0,0.0,0.0,0.0,0.0,0.0,0.0,0.0,0.0,0.0,0.0,0.0,0.0,0.0,0.0,0.0,0.0,0.0,0.0,0.0,0.0,0.0,0.0,0.0,0.0,0.0,0.0,0.0,0.0,0.0,0.0,0.0,0.0,0.0,0.0,0.0,0.0,0.0,0.0,0.0,0.0,0.0,0.0,0.0,0.0,0.0,0.0,0.0,0.0,0.0,0.0,0.0,0.0,0.0,0.0,0.0,0.0,0.0,0.0,0.0,0.0,0.0,0.0,0.0,0.0,0.0,0.0,0.0,0.0,0.0,0.0,0.0,0.0,0.0,0.0,0.0,0.0,0.0,0.0,0.0,0.0,0.0,0.0,0.0,0.0,0.0,0.0,0.0,0.0,0.0,0.0,0.0,0.0,0.0,0.0,0.0,0.0,0.0,0.0,0.0,0.0,0.0,0.0,0.0,0.0,0.0,0.0,0.0,0.0,0.0,0.0,0.0,0.0,0.0,0.0,0.0,0.0,0.0,0.0,0.0,0.0,0.0,0.0,0.0,0.0,0.0,0.0,0.0,0.0,0.0,0.0,0.0,0.0,0.0,0.0,0.0,0.0,0.0,0.0,0.0,0.0,0.0,0.0,0.0,0.0,0.0,0.0,0.0,0.0,0.0,0.0,0.0,0.0,0.0,0.0,0.0,0.0,0.0,0.0,0.0,0.0,0.0,0.0,0.0,0.0,0.0,0.0,0.0,0.0,0.0,0.0,0.0,0.0,0.0,0.0,0.0,0.0,0.0,0.0,0.0,0.0,0.0,0.0,0.0,0.0,0.0,0.0,0.0,0.0,0.0,0.0,0.0,0.0,0.0,0.0,0.0,0.0,0.0,0.0,0.0,0.0,0.0,0.0,0.0,0.0,0.0,0.0,0.0,0.0,0.0,0.0,0.0,0.0,0.0,0.0,0.0,0.0,0.0,0.0,0.0,0.0,0.0,0.0,0.0,0.0,0.0,0.0,0.0,0.0,0.0,0.0,0.0,0.0,0.0,0.0,0.0,0.0,0.0,0.0,0.0,0.0,0.0,0.0,0.0,0.0,0.0,0.0,0.0,0.0,0.0,0.0,0.0
2016-32,0.0,0.0,0.0,0.0,0.0,0.0,0.0,0.0,0.0,0.0,0.0,0.0,0.0,0.0,0.0,0.0,0.0,0.0,0.0,0.0,0.0,0.0,0.0,0.0,0.0,0.0,0.0,0.0,0.0,0.0,0.0,0.0,0.0,0.0,0.0,0.0,0.0,0.0,0.0,0.0,0.0,0.0,0.0,0.0,0.0,0.0,0.0,0.0,0.0,0.0,0.0,0.0,0.0,0.0,0.0,0.0,0.0,0.0,0.0,0.0,0.0,0.0,0.0,0.0,0.0,0.0,0.0,0.0,0.0,0.0,0.0,0.0,0.0,0.0,0.0,0.0,0.0,0.0,0.0,0.0,0.0,0.0,0.0,0.0,0.0,0.0,0.0,0.0,0.0,0.0,0.0,0.0,0.0,0.0,0.0,0.0,0.0,0.0,0.0,0.0,0.0,0.0,0.0,0.0,0.0,0.0,0.0,0.0,0.0,0.0,0.0,0.0,0.0,0.0,0.0,0.0,0.0,0.0,0.0,0.0,0.0,0.0,0.0,0.0,0.0,0.0,0.0,0.0,0.0,0.0,0.0,0.0,0.0,0.0,0.0,0.0,0.0,0.0,0.0,0.0,0.0,0.0,0.0,0.0,0.0,0.0,0.0,0.0,0.0,0.0,0.0,0.0,0.0,0.0,0.0,0.0,0.0,0.0,0.0,0.0,0.0,0.0,0.0,0.0,0.0,0.0,0.0,0.0,0.0,0.0,0.0,0.0,0.0,0.0,0.0,0.0,0.0,0.0,0.0,0.0,0.0,0.0,0.0,0.0,0.0,0.0,0.0,0.0,0.0,0.0,0.0,0.0,0.0,0.0,0.0,0.0,0.0,0.0,0.0,0.0,0.0,0.0,0.0,0.0,0.0,0.0,0.0,0.0,0.0,0.0,0.0,0.0,0.0,0.0,0.0,0.0,0.0,0.0,0.0,0.0,0.0,0.0,0.0,0.0,0.0,0.0,0.0,0.0,0.0,0.0,0.0,0.0,0.0,0.0,0.0,0.0,0.0,0.0,0.0,0.0,0.0,0.0,0.0,0.0,0.0,0.0,0.0,0.0,0.0,0.0,0.0,0.0,0.0,0.0,0.0,0.0,0.0,0.0,0.0,0.0,0.0,0.0,0.0,0.0,0.0,0.0,0.0,0.0,0.0,0.0,0.0,0.0,0.0,0.0,0.0,0.0,0.0,0.0,0.0,0.0,0.0,0.0,0.0,0.0,0.0,0.0,0.0,0.0,0.0,0.0,0.0,0.0,0.0,0.0,0.0,0.0,0.0,0.0,0.0,0.0,0.0,0.0,0.0,0.0,0.0,0.0,0.0,0.0,0.0,0.0,0.0,0.0,0.0,0.0,0.0,0.0,0.0,0.0,0.0,0.0,0.0,0.0,0.0,0.0,0.0,0.0,0.0,0.0,0.0,0.0,0.0,0.0,0.0,0.0,0.0,0.0,0.0,0.0,0.0,0.0,0.0,0.0,0.0,0.0,0.0,0.0,0.0,0.0,0.0,0.0,0.0,0.0,0.0,0.0,0.0,0.0,0.0,0.0,0.0,0.0,0.0,0.0,0.0,0.0,0.0,0.0,0.0,0.0,0.0,0.0,0.0,0.0,0.0,0.0,0.0,0.0,0.0,0.0,0.0,0.0,0.0,0.0
2016-33,0.0,0.0,0.0,0.0,0.0,0.0,0.0,0.0,0.0,0.0,0.0,0.0,0.0,0.0,0.0,0.0,0.0,0.0,0.0,0.0,0.0,0.0,0.0,0.0,0.0,0.0,0.0,0.0,0.0,0.0,0.0,0.0,0.0,0.0,0.0,0.0,0.0,0.0,0.0,0.0,0.0,0.0,0.0,0.0,0.0,0.0,0.0,0.0,0.0,0.0,0.0,0.0,0.0,0.0,0.0,0.0,0.0,0.0,0.0,0.0,0.0,0.0,0.0,0.0,0.0,0.0,0.0,0.0,0.0,0.0,0.0,0.0,0.0,0.0,0.0,0.0,0.0,0.0,0.0,0.0,0.0,0.0,0.0,0.0,0.0,0.0,0.0,0.0,0.0,0.0,0.0,0.0,0.0,0.0,0.0,0.0,0.0,0.0,0.0,0.0,0.0,0.0,0.0,0.0,0.0,0.0,0.0,0.0,0.0,0.0,0.0,0.0,0.0,0.0,0.0,0.0,0.0,0.0,0.0,0.0,0.0,0.0,0.0,0.0,0.0,0.0,0.0,0.0,0.0,0.0,0.0,0.0,0.0,0.0,0.0,0.0,0.0,0.0,0.0,0.0,0.0,0.0,0.0,0.0,0.0,0.0,0.0,0.0,0.0,0.0,0.0,0.0,0.0,0.0,0.0,0.0,0.0,0.0,0.0,0.0,0.0,0.0,0.0,0.0,0.0,0.0,0.0,0.0,0.0,0.0,0.0,0.0,0.0,0.0,0.0,0.0,0.0,0.0,0.0,0.0,0.0,0.0,0.0,0.0,0.0,0.0,0.0,0.0,0.0,0.0,0.0,0.0,0.0,0.0,0.0,0.0,0.0,0.0,0.0,0.0,0.0,0.0,0.0,0.0,0.0,0.0,0.0,0.0,0.0,0.0,0.0,0.0,0.0,0.0,0.0,0.0,0.0,0.0,0.0,0.0,0.0,0.0,0.0,0.0,0.0,0.0,0.0,0.0,0.0,0.0,0.0,0.0,0.0,0.0,0.0,0.0,0.0,0.0,0.0,0.0,0.0,0.0,0.0,0.0,0.0,0.0,0.0,0.0,0.0,0.0,0.0,0.0,0.0,0.0,0.0,0.0,0.0,0.0,0.0,0.0,0.0,0.0,0.0,0.0,0.0,0.0,0.0,0.0,0.0,0.0,0.0,0.0,0.0,0.0,0.0,0.0,0.0,0.0,0.0,0.0,0.0,0.0,0.0,0.0,0.0,0.0,0.0,0.0,0.0,0.0,0.0,0.0,0.0,0.0,0.0,0.0,0.0,0.0,0.0,0.0,0.0,0.0,0.0,0.0,0.0,0.0,0.0,0.0,0.0,0.0,0.0,0.0,0.0,0.0,0.0,0.0,0.0,0.0,0.0,0.0,0.0,0.0,0.0,0.0,0.0,0.0,0.0,0.0,0.0,0.0,0.0,0.0,0.0,0.0,0.0,0.0,0.0,0.0,0.0,0.0,0.0,0.0,0.0,0.0,0.0,0.0,0.0,0.0,0.0,0.0,0.0,0.0,0.0,0.0,0.0,0.0,0.0,0.0,0.0,0.0,0.0,0.0,0.0,0.0,0.0,0.0,0.0,0.0,0.0,0.0,0.0,0.0,0.0,0.0,0.0,0.0,0.0,0.0,0.0,0.0,0.0,0.0
2016-34,0.0,0.0,0.0,0.0,0.0,0.0,0.0,0.0,0.0,0.0,0.0,0.0,0.0,0.0,0.0,0.0,0.0,0.0,0.0,0.0,0.0,0.0,0.0,0.0,0.0,0.0,0.0,0.0,0.0,0.0,0.0,0.0,0.0,0.0,0.0,0.0,0.0,0.0,0.0,0.0,0.0,0.0,0.0,0.0,0.0,0.0,0.0,0.0,0.0,0.0,0.0,0.0,0.0,0.0,0.0,0.0,0.0,0.0,0.0,0.0,0.0,0.0,0.0,0.0,0.0,0.0,0.0,0.0,0.0,0.0,0.0,0.0,0.0,0.0,0.0,0.0,0.0,0.0,0.0,0.0,0.0,0.0,0.0,0.0,0.0,0.0,0.0,0.0,0.0,0.0,0.0,0.0,0.0,0.0,0.0,0.0,0.0,0.0,0.0,0.0,0.0,0.0,0.0,0.0,0.0,0.0,0.0,0.0,0.0,0.0,0.0,0.0,0.0,0.0,0.0,0.0,0.0,0.0,0.0,0.0,0.0,0.0,0.0,0.0,0.0,0.0,0.0,0.0,0.0,0.0,0.0,0.0,0.0,0.0,0.0,0.0,0.0,0.0,0.0,0.0,0.0,0.0,0.0,0.0,0.0,0.0,0.0,0.0,0.0,0.0,0.0,0.0,0.0,0.0,0.0,0.0,0.0,0.0,0.0,0.0,0.0,0.0,0.0,0.0,0.0,0.0,0.0,0.0,0.0,0.0,0.0,0.0,0.0,0.0,0.0,0.0,0.0,0.0,0.0,0.0,0.0,0.0,0.0,0.0,0.0,0.0,0.0,0.0,0.0,0.0,0.0,0.0,0.0,0.0,0.0,0.0,0.0,0.0,0.0,0.0,0.0,0.0,0.0,0.0,0.0,0.0,0.0,0.0,0.0,0.0,0.0,0.0,0.0,0.0,0.0,0.0,0.0,0.0,0.0,0.0,0.0,0.0,0.0,0.0,0.0,0.0,0.0,0.0,0.0,0.0,0.0,0.0,0.0,0.0,0.0,0.0,0.0,0.0,0.0,0.0,0.0,0.0,0.0,0.0,0.0,0.0,0.0,0.0,0.0,0.0,0.0,0.0,0.0,0.0,0.0,0.0,0.0,0.0,0.0,0.0,0.0,0.0,0.0,0.0,0.0,0.0,0.0,0.0,0.0,0.0,0.0,0.0,0.0,0.0,0.0,0.0,0.0,0.0,0.0,0.0,0.0,0.0,0.0,0.0,0.0,0.0,0.0,0.0,0.0,0.0,0.0,0.0,0.0,0.0,0.0,0.0,0.0,0.0,0.0,0.0,0.0,0.0,0.0,0.0,0.0,0.0,0.0,0.0,0.0,0.0,0.0,0.0,0.0,0.0,0.0,0.0,0.0,0.0,0.0,0.0,0.0,0.0,0.0,0.0,0.0,0.0,0.0,0.0,0.0,0.0,0.0,0.0,0.0,0.0,0.0,0.0,0.0,0.0,0.0,0.0,0.0,0.0,0.0,0.0,0.0,0.0,0.0,0.0,0.0,0.0,0.0,0.0,0.0,0.0,0.0,0.0,0.0,0.0,0.0,0.0,0.0,0.0,0.0,0.0,0.0,0.0,0.0,0.0,0.0,0.0,0.0,0.0,0.0,0.0,0.0,0.0,0.0,0.0,0.0,0.0,0.0,0.0
2016-35,0.0,0.0,0.0,0.0,0.0,0.0,0.0,0.0,0.0,0.0,0.0,0.0,0.0,0.0,0.0,0.0,0.0,0.0,0.0,0.0,0.0,0.0,0.0,0.0,0.0,0.0,0.0,0.0,0.0,0.0,0.0,0.0,0.0,0.0,0.0,0.0,0.0,0.0,0.0,0.0,0.0,0.0,0.0,0.0,0.0,0.0,0.0,0.0,0.0,0.0,0.0,0.0,0.0,0.0,0.0,0.0,0.0,0.0,0.0,0.0,0.0,0.0,0.0,0.0,0.0,0.0,0.0,0.0,0.0,0.0,0.0,0.0,0.0,0.0,0.0,0.0,0.0,0.0,0.0,0.0,0.0,0.0,0.0,0.0,0.0,0.0,0.0,0.0,0.0,0.0,0.0,0.0,0.0,0.0,0.0,0.0,0.0,0.0,0.0,0.0,0.0,0.0,0.0,0.0,0.0,0.0,0.0,0.0,0.0,0.0,0.0,0.0,0.0,0.0,0.0,0.0,0.0,0.0,0.0,0.0,0.0,0.0,0.0,0.0,0.0,0.0,0.0,0.0,0.0,0.0,0.0,0.0,0.0,0.0,0.0,0.0,0.0,0.0,0.0,0.0,0.0,0.0,0.0,0.0,0.0,0.0,0.0,0.0,0.0,0.0,0.0,0.0,0.0,0.0,0.0,0.0,0.0,0.0,0.0,0.0,0.0,0.0,0.0,0.0,0.0,0.0,0.0,0.0,0.0,0.0,0.0,0.0,0.0,0.0,0.0,0.0,0.0,0.0,0.0,0.0,0.0,0.0,0.0,0.0,0.0,0.0,0.0,0.0,0.0,0.0,0.0,0.0,0.0,0.0,0.0,0.0,0.0,0.0,0.0,0.0,0.0,0.0,0.0,0.0,0.0,0.0,0.0,0.0,0.0,0.0,0.0,0.0,0.0,0.0,0.0,0.0,0.0,0.0,0.0,0.0,0.0,0.0,0.0,0.0,0.0,0.0,0.0,0.0,0.0,0.0,0.0,0.0,0.0,0.0,0.0,0.0,0.0,0.0,0.0,0.0,0.0,0.0,0.0,0.0,0.0,0.0,0.0,0.0,0.0,0.0,0.0,0.0,0.0,0.0,0.0,0.0,0.0,0.0,0.0,0.0,0.0,0.0,0.0,0.0,0.0,0.0,0.0,0.0,0.0,0.0,0.0,0.0,0.0,0.0,0.0,0.0,0.0,0.0,0.0,0.0,0.0,0.0,0.0,0.0,0.0,0.0,0.0,0.0,0.0,0.0,0.0,0.0,0.0,0.0,0.0,0.0,0.0,0.0,0.0,0.0,0.0,0.0,0.0,0.0,0.0,0.0,0.0,0.0,0.0,0.0,0.0,0.0,0.0,0.0,0.0,0.0,0.0,0.0,0.0,0.0,0.0,0.0,0.0,0.0,0.0,0.0,0.0,0.0,0.0,0.0,0.0,0.0,0.0,0.0,0.0,0.0,0.0,0.0,0.0,0.0,0.0,0.0,0.0,0.0,0.0,0.0,0.0,0.0,0.0,0.0,0.0,0.0,0.0,0.0,0.0,0.0,0.0,0.0,0.0,0.0,0.0,0.0,0.0,0.0,0.0,0.0,0.0,0.0,0.0,0.0,0.0,0.0,0.0,0.0,0.0,0.0,0.0,0.0,0.0,0.0,0.0,0.0
2016-36,0.0,0.0,0.0,0.0,0.0,0.0,0.0,0.0,0.0,0.0,0.0,0.0,0.0,0.0,0.0,0.0,0.0,0.0,0.0,0.0,0.0,0.0,0.0,0.0,0.0,0.0,0.0,0.0,0.0,0.0,0.0,0.0,0.0,0.0,0.0,0.0,0.0,0.0,0.0,0.0,0.0,0.0,0.0,0.0,0.0,0.0,0.0,0.0,0.0,0.0,0.0,0.0,0.0,0.0,0.0,0.0,0.0,0.0,0.0,0.0,0.0,0.0,0.0,0.0,0.0,0.0,0.0,0.0,0.0,0.0,0.0,0.0,0.0,0.0,0.0,0.0,0.0,0.0,0.0,0.0,0.0,0.0,0.0,0.0,0.0,0.0,0.0,0.0,0.0,0.0,0.0,0.0,0.0,0.0,0.0,0.0,0.0,0.0,0.0,0.0,0.0,0.0,0.0,0.0,0.0,0.0,0.0,0.0,0.0,0.0,0.0,0.0,0.0,0.0,0.0,0.0,0.0,0.0,0.0,0.0,0.0,0.0,0.0,0.0,0.0,0.0,0.0,0.0,0.0,0.0,0.0,0.0,0.0,0.0,0.0,0.0,0.0,0.0,0.0,0.0,0.0,0.0,0.0,0.0,0.0,0.0,0.0,0.0,0.0,0.0,0.0,0.0,0.0,0.0,0.0,0.0,0.0,0.0,0.0,0.0,0.0,0.0,0.0,0.0,0.0,0.0,0.0,0.0,0.0,0.0,0.0,0.0,0.0,0.0,0.0,0.0,0.0,0.0,0.0,0.0,0.0,0.0,0.0,0.0,0.0,0.0,0.0,0.0,0.0,0.0,0.0,0.0,0.0,0.0,0.0,0.0,0.0,0.0,0.0,0.0,0.0,0.0,0.0,0.0,0.0,0.0,0.0,0.0,0.0,0.0,0.0,0.0,0.0,0.0,0.0,0.0,0.0,0.0,0.0,0.0,0.0,0.0,0.0,0.0,0.0,0.0,0.0,0.0,0.0,0.0,0.0,0.0,0.0,0.0,0.0,0.0,0.0,0.0,0.0,0.0,0.0,0.0,0.0,0.0,0.0,0.0,0.0,0.0,0.0,0.0,0.0,0.0,0.0,0.0,0.0,0.0,0.0,0.0,0.0,0.0,0.0,0.0,0.0,0.0,0.0,0.0,0.0,0.0,0.0,0.0,0.0,0.0,0.0,0.0,0.0,0.0,0.0,0.0,0.0,0.0,0.0,0.0,0.0,0.0,0.0,0.0,0.0,0.0,0.0,0.0,0.0,0.0,0.0,0.0,0.0,0.0,0.0,0.0,0.0,0.0,0.0,0.0,0.0,0.0,0.0,0.0,0.0,0.0,0.0,0.0,0.0,0.0,0.0,0.0,0.0,0.0,0.0,0.0,0.0,0.0,0.0,0.0,0.0,0.0,0.0,0.0,0.0,0.0,0.0,0.0,0.0,0.0,0.0,0.0,0.0,0.0,0.0,0.0,0.0,0.0,0.0,0.0,0.0,0.0,0.0,0.0,0.0,0.0,0.0,0.0,0.0,0.0,0.0,0.0,0.0,0.0,0.0,0.0,0.0,0.0,0.0,0.0,0.0,0.0,0.0,0.0,0.0,0.0,0.0,0.0,0.0,0.0,0.0,0.0,0.0,0.0,0.0,0.0,0.0,0.0,0.0,0.0
2016-37,0.0,0.0,0.0,0.0,0.0,0.0,0.0,0.0,0.0,0.0,0.0,0.0,0.0,0.0,0.0,0.0,0.0,0.0,0.0,0.0,0.0,0.0,0.0,0.0,0.0,0.0,0.0,0.0,0.0,0.0,0.0,0.0,0.0,0.0,0.0,0.0,0.0,0.0,0.0,0.0,0.0,0.0,0.0,0.0,0.0,0.0,0.0,0.0,0.0,0.0,0.0,0.0,0.0,0.0,0.0,0.0,0.0,0.0,0.0,0.0,0.0,0.0,0.0,0.0,0.0,0.0,0.0,0.0,0.0,0.0,0.0,0.0,0.0,0.0,0.0,0.0,0.0,0.0,0.0,0.0,0.0,0.0,0.0,0.0,0.0,0.0,0.0,0.0,0.0,0.0,0.0,0.0,0.0,0.0,0.0,0.0,0.0,0.0,0.0,0.0,0.0,0.0,0.0,0.0,0.0,0.0,0.0,0.0,0.0,0.0,0.0,0.0,0.0,0.0,0.0,0.0,0.0,0.0,0.0,0.0,0.0,0.0,0.0,0.0,0.0,0.0,0.0,0.0,0.0,0.0,0.0,0.0,0.0,0.0,0.0,0.0,0.0,0.0,0.0,0.0,0.0,0.0,0.0,0.0,0.0,0.0,0.0,0.0,0.0,0.0,0.0,0.0,0.0,0.0,0.0,0.0,0.0,0.0,0.0,0.0,0.0,0.0,0.0,0.0,0.0,0.0,0.0,0.0,0.0,0.0,0.0,0.0,0.0,0.0,0.0,0.0,0.0,0.0,0.0,0.0,0.0,0.0,0.0,0.0,0.0,0.0,0.0,0.0,0.0,0.0,0.0,0.0,0.0,0.0,0.0,0.0,0.0,0.0,0.0,0.0,0.0,0.0,0.0,0.0,0.0,0.0,0.0,0.0,0.0,0.0,0.0,0.0,0.0,0.0,0.0,0.0,0.0,0.0,0.0,0.0,0.0,0.0,0.0,0.0,0.0,0.0,0.0,0.0,0.0,0.0,0.0,0.0,0.0,0.0,0.0,0.0,0.0,0.0,0.0,0.0,0.0,0.0,0.0,0.0,0.0,0.0,0.0,0.0,0.0,0.0,0.0,0.0,0.0,0.0,0.0,0.0,0.0,0.0,0.0,0.0,0.0,0.0,0.0,0.0,0.0,0.0,0.0,0.0,0.0,0.0,0.0,0.0,0.0,0.0,0.0,0.0,0.0,0.0,0.0,0.0,0.0,0.0,0.0,0.0,0.0,0.0,0.0,0.0,0.0,0.0,0.0,0.0,0.0,0.0,0.0,0.0,0.0,0.0,0.0,0.0,0.0,0.0,0.0,0.0,0.0,0.0,0.0,0.0,0.0,0.0,0.0,0.0,0.0,0.0,0.0,0.0,0.0,0.0,0.0,0.0,0.0,0.0,0.0,0.0,0.0,0.0,0.0,0.0,0.0,0.0,0.0,0.0,0.0,0.0,0.0,0.0,0.0,0.0,0.0,0.0,0.0,0.0,0.0,0.0,0.0,0.0,0.0,0.0,0.0,0.0,0.0,0.0,0.0,0.0,0.0,0.0,0.0,0.0,0.0,0.0,0.0,0.0,0.0,0.0,0.0,0.0,0.0,0.0,0.0,0.0,0.0,0.0,0.0,0.0,0.0,0.0,0.0,0.0,0.0,0.0,0.0,0.0
2016-38,0.0,0.0,0.0,0.0,0.0,0.0,0.0,0.0,0.0,0.0,0.0,0.0,0.0,0.0,0.0,0.0,0.0,0.0,0.0,0.0,0.0,0.0,0.0,0.0,0.0,0.0,0.0,0.0,0.0,0.0,0.0,0.0,0.0,0.0,0.0,0.0,0.0,0.0,0.0,0.0,0.0,0.0,0.0,0.0,0.0,0.0,0.0,0.0,0.0,0.0,0.0,0.0,0.0,0.0,0.0,0.0,0.0,0.0,0.0,0.0,0.0,0.0,0.0,0.0,0.0,0.0,0.0,0.0,0.0,0.0,0.0,0.0,0.0,0.0,0.0,0.0,0.0,0.0,0.0,0.0,0.0,0.0,0.0,0.0,0.0,0.0,0.0,0.0,0.0,0.0,0.0,0.0,0.0,0.0,0.0,0.0,0.0,0.0,0.0,0.0,0.0,0.0,0.0,0.0,0.0,0.0,0.0,0.0,0.0,0.0,0.0,0.0,0.0,0.0,0.0,0.0,0.0,0.0,0.0,0.0,0.0,0.0,0.0,0.0,0.0,0.0,0.0,0.0,0.0,0.0,0.0,0.0,0.0,0.0,0.0,0.0,0.0,0.0,0.0,0.0,0.0,0.0,0.0,0.0,0.0,0.0,0.0,0.0,0.0,0.0,0.0,0.0,0.0,0.0,0.0,0.0,0.0,0.0,0.0,0.0,0.0,0.0,0.0,0.0,0.0,0.0,0.0,0.0,0.0,0.0,0.0,0.0,0.0,0.0,0.0,0.0,0.0,0.0,0.0,0.0,0.0,0.0,0.0,0.0,0.0,0.0,0.0,0.0,0.0,0.0,0.0,0.0,0.0,0.0,0.0,0.0,0.0,0.0,0.0,0.0,0.0,0.0,0.0,0.0,0.0,0.0,0.0,0.0,0.0,0.0,0.0,0.0,0.0,0.0,0.0,0.0,0.0,0.0,0.0,0.0,0.0,0.0,0.0,0.0,0.0,0.0,0.0,0.0,0.0,0.0,0.0,0.0,0.0,0.0,0.0,0.0,0.0,0.0,0.0,0.0,0.0,0.0,0.0,0.0,0.0,0.0,0.0,0.0,0.0,0.0,0.0,0.0,0.0,0.0,0.0,0.0,0.0,0.0,0.0,0.0,0.0,0.0,0.0,0.0,0.0,0.0,0.0,0.0,0.0,0.0,0.0,0.0,0.0,0.0,0.0,0.0,0.0,0.0,0.0,0.0,0.0,0.0,0.0,0.0,0.0,0.0,0.0,0.0,0.0,0.0,0.0,0.0,0.0,0.0,0.0,0.0,0.0,0.0,0.0,0.0,0.0,0.0,0.0,0.0,0.0,0.0,0.0,0.0,0.0,0.0,0.0,0.0,0.0,0.0,0.0,0.0,0.0,0.0,0.0,0.0,0.0,0.0,0.0,0.0,0.0,0.0,0.0,0.0,0.0,0.0,0.0,0.0,0.0,0.0,0.0,0.0,0.0,0.0,0.0,0.0,0.0,0.0,0.0,0.0,0.0,0.0,0.0,0.0,0.0,0.0,0.0,0.0,0.0,0.0,0.0,0.0,0.0,0.0,0.0,0.0,0.0,0.0,0.0,0.0,0.0,0.0,0.0,0.0,0.0,0.0,0.0,0.0,0.0,0.0,0.0,0.0,0.0,0.0,0.0,0.0,0.0,0.0
2016-39,0.0,0.0,0.0,0.0,0.0,0.0,0.0,0.0,0.0,0.0,0.0,0.0,0.0,0.0,0.0,0.0,0.0,0.0,0.0,0.0,0.0,0.0,0.0,0.0,0.0,0.0,0.0,0.0,0.0,0.0,0.0,0.0,0.0,0.0,0.0,0.0,0.0,0.0,0.0,0.0,0.0,0.0,0.0,0.0,0.0,0.0,0.0,0.0,0.0,0.0,0.0,0.0,0.0,0.0,0.0,0.0,0.0,0.0,0.0,0.0,0.0,0.0,0.0,0.0,0.0,0.0,0.0,0.0,0.0,0.0,0.0,0.0,0.0,0.0,0.0,0.0,0.0,0.0,0.0,0.0,0.0,0.0,0.0,0.0,0.0,0.0,0.0,0.0,0.0,0.0,0.0,0.0,0.0,0.0,0.0,0.0,0.0,0.0,0.0,0.0,0.0,0.0,0.0,0.0,0.0,0.0,0.0,0.0,0.0,0.0,0.0,0.0,0.0,0.0,0.0,0.0,0.0,0.0,0.0,0.0,0.0,0.0,0.0,0.0,0.0,0.0,0.0,0.0,0.0,0.0,0.0,0.0,0.0,0.0,0.0,0.0,0.0,0.0,0.0,0.0,0.0,0.0,0.0,0.0,0.0,0.0,0.0,0.0,0.0,0.0,0.0,0.0,0.0,0.0,0.0,0.0,0.0,0.0,0.0,0.0,0.0,0.0,0.0,0.0,0.0,0.0,0.0,0.0,0.0,0.0,0.0,0.0,0.0,0.0,0.0,0.0,0.0,0.0,0.0,0.0,0.0,0.0,0.0,0.0,0.0,0.0,0.0,0.0,0.0,0.0,0.0,0.0,0.0,0.0,0.0,0.0,0.0,0.0,0.0,0.0,0.0,0.0,0.0,0.0,0.0,0.0,0.0,0.0,0.0,0.0,0.0,0.0,0.0,0.0,0.0,0.0,0.0,0.0,0.0,0.0,0.0,0.0,0.0,0.0,0.0,0.0,0.0,0.0,0.0,0.0,0.0,0.0,0.0,0.0,0.0,0.0,0.0,0.0,0.0,0.0,0.0,0.0,0.0,0.0,0.0,0.0,0.0,0.0,0.0,0.0,0.0,0.0,0.0,0.0,0.0,0.0,0.0,0.0,0.0,0.0,0.0,0.0,0.0,0.0,0.0,0.0,0.0,0.0,0.0,0.0,0.0,0.0,0.0,0.0,0.0,0.0,0.0,0.0,0.0,0.0,0.0,0.0,0.0,0.0,0.0,0.0,0.0,0.0,0.0,0.0,0.0,0.0,0.0,0.0,0.0,0.0,0.0,0.0,0.0,0.0,0.0,0.0,0.0,0.0,0.0,0.0,0.0,0.0,0.0,0.0,0.0,0.0,0.0,0.0,0.0,0.0,0.0,0.0,0.0,0.0,0.0,0.0,0.0,0.0,0.0,0.0,0.0,0.0,0.0,0.0,0.0,0.0,0.0,0.0,0.0,0.0,0.0,0.0,0.0,0.0,0.0,0.0,0.0,0.0,0.0,0.0,0.0,0.0,0.0,0.0,0.0,0.0,0.0,0.0,0.0,0.0,0.0,0.0,0.0,0.0,0.0,0.0,0.0,0.0,0.0,0.0,0.0,0.0,0.0,0.0,0.0,0.0,0.0,0.0,0.0,0.0,0.0,0.0,0.0,0.0,0.0,0.0
2016-40,0.0,0.0,0.0,0.0,0.0,0.0,0.0,0.0,0.0,0.0,0.0,0.0,0.0,0.0,0.0,0.0,0.0,0.0,0.0,0.0,0.0,0.0,0.0,0.0,0.0,0.0,0.0,0.0,0.0,0.0,0.0,0.0,0.0,0.0,0.0,0.0,0.0,0.0,0.0,0.0,0.0,0.0,0.0,0.0,0.0,0.0,0.0,0.0,0.0,0.0,0.0,0.0,0.0,0.0,0.0,0.0,0.0,0.0,0.0,0.0,0.0,0.0,0.0,0.0,0.0,0.0,0.0,0.0,0.0,0.0,0.0,0.0,0.0,0.0,0.0,0.0,0.0,0.0,0.0,0.0,0.0,0.0,0.0,0.0,0.0,0.0,0.0,0.0,0.0,0.0,0.0,0.0,0.0,0.0,0.0,0.0,0.0,0.0,0.0,0.0,0.0,0.0,0.0,0.0,0.0,0.0,0.0,0.0,0.0,0.0,0.0,0.0,0.0,0.0,0.0,0.0,0.0,0.0,0.0,0.0,0.0,0.0,0.0,0.0,0.0,0.0,0.0,0.0,0.0,0.0,0.0,0.0,0.0,0.0,0.0,0.0,0.0,0.0,0.0,0.0,0.0,0.0,0.0,0.0,0.0,0.0,0.0,0.0,0.0,0.0,0.0,0.0,0.0,0.0,0.0,0.0,0.0,0.0,0.0,0.0,0.0,0.0,0.0,0.0,0.0,0.0,0.0,0.0,0.0,0.0,0.0,0.0,0.0,0.0,0.0,0.0,0.0,0.0,0.0,0.0,0.0,0.0,0.0,0.0,0.0,0.0,0.0,0.0,0.0,0.0,0.0,0.0,0.0,0.0,0.0,0.0,0.0,0.0,0.0,0.0,0.0,0.0,0.0,0.0,0.0,0.0,0.0,0.0,0.0,0.0,0.0,0.0,0.0,0.0,0.0,0.0,0.0,0.0,0.0,0.0,0.0,0.0,0.0,0.0,0.0,0.0,0.0,0.0,0.0,0.0,0.0,0.0,0.0,0.0,0.0,0.0,0.0,0.0,0.0,0.0,0.0,0.0,0.0,0.0,0.0,0.0,0.0,0.0,0.0,0.0,0.0,0.0,0.0,0.0,0.0,0.0,0.0,0.0,0.0,0.0,0.0,0.0,0.0,0.0,0.0,0.0,0.0,0.0,0.0,0.0,0.0,0.0,0.0,0.0,0.0,0.0,0.0,0.0,0.0,0.0,0.0,0.0,0.0,0.0,0.0,0.0,0.0,0.0,0.0,0.0,0.0,0.0,0.0,0.0,0.0,0.0,0.0,0.0,0.0,0.0,0.0,0.0,0.0,0.0,0.0,0.0,0.0,0.0,0.0,0.0,0.0,0.0,0.0,0.0,0.0,0.0,0.0,0.0,0.0,0.0,0.0,0.0,0.0,0.0,0.0,0.0,0.0,0.0,0.0,0.0,0.0,0.0,0.0,0.0,0.0,0.0,0.0,0.0,0.0,0.0,0.0,0.0,0.0,0.0,0.0,0.0,0.0,0.0,0.0,0.0,0.0,0.0,0.0,0.0,0.0,0.0,0.0,0.0,0.0,0.0,0.0,0.0,0.0,0.0,0.0,0.0,0.0,0.0,0.0,0.0,0.0,0.0,0.0,0.0,0.0,0.0,0.0,0.0,0.0,0.0,0.0,0.0
2016-41,0.0,0.0,0.0,0.0,0.0,0.0,0.0,0.0,0.0,0.0,0.0,0.0,0.0,0.0,0.0,0.0,0.0,0.0,0.0,0.0,0.0,0.0,0.0,0.0,0.0,0.0,0.0,0.0,0.0,0.0,0.0,0.0,0.0,0.0,0.0,0.0,0.0,0.0,0.0,0.0,0.0,0.0,0.0,0.0,0.0,0.0,0.0,0.0,0.0,0.0,0.0,0.0,0.0,0.0,0.0,0.0,0.0,0.0,0.0,0.0,0.0,0.0,0.0,0.0,0.0,0.0,0.0,0.0,0.0,0.0,0.0,0.0,0.0,0.0,0.0,0.0,0.0,0.0,0.0,0.0,0.0,0.0,0.0,0.0,0.0,0.0,0.0,0.0,0.0,0.0,0.0,0.0,0.0,0.0,0.0,0.0,0.0,0.0,0.0,0.0,0.0,0.0,0.0,0.0,0.0,0.0,0.0,0.0,0.0,0.0,0.0,0.0,0.0,0.0,0.0,0.0,0.0,0.0,0.0,0.0,0.0,0.0,0.0,0.0,0.0,0.0,0.0,0.0,0.0,0.0,0.0,0.0,0.0,0.0,0.0,0.0,0.0,0.0,0.0,0.0,0.0,0.0,0.0,0.0,0.0,0.0,0.0,0.0,0.0,0.0,0.0,0.0,0.0,0.0,0.0,0.0,0.0,0.0,0.0,0.0,0.0,0.0,0.0,0.0,0.0,0.0,0.0,0.0,0.0,0.0,0.0,0.0,0.0,0.0,0.0,0.0,0.0,0.0,0.0,0.0,0.0,0.0,0.0,0.0,0.0,0.0,0.0,0.0,0.0,0.0,0.0,0.0,0.0,0.0,0.0,0.0,0.0,0.0,0.0,0.0,0.0,0.0,0.0,0.0,0.0,0.0,0.0,0.0,0.0,0.0,0.0,0.0,0.0,0.0,0.0,0.0,0.0,0.0,0.0,0.0,0.0,0.0,0.0,0.0,0.0,0.0,0.0,0.0,0.0,0.0,0.0,0.0,0.0,0.0,0.0,0.0,0.0,0.0,0.0,0.0,0.0,0.0,0.0,0.0,0.0,0.0,0.0,0.0,0.0,0.0,0.0,0.0,0.0,0.0,0.0,0.0,0.0,0.0,0.0,0.0,0.0,0.0,0.0,0.0,0.0,0.0,0.0,0.0,0.0,0.0,0.0,0.0,0.0,0.0,0.0,0.0,0.0,0.0,0.0,0.0,0.0,0.0,0.0,0.0,0.0,0.0,0.0,0.0,0.0,0.0,0.0,0.0,0.0,0.0,0.0,0.0,0.0,0.0,0.0,0.0,0.0,0.0,0.0,0.0,0.0,0.0,0.0,0.0,0.0,0.0,0.0,0.0,0.0,0.0,0.0,0.0,0.0,0.0,0.0,0.0,0.0,0.0,0.0,0.0,0.0,0.0,0.0,0.0,0.0,0.0,0.0,0.0,0.0,0.0,0.0,0.0,0.0,0.0,0.0,0.0,0.0,0.0,0.0,0.0,0.0,0.0,0.0,0.0,0.0,0.0,0.0,0.0,0.0,0.0,0.0,0.0,0.0,0.0,0.0,0.0,0.0,0.0,0.0,0.0,0.0,0.0,0.0,0.0,0.0,0.0,0.0,0.0,0.0,0.0,0.0,0.0,0.0,0.0,0.0,0.0,0.0,0.0
2016-42,0.0,0.0,0.0,0.0,0.0,0.0,0.0,0.0,0.0,0.0,0.0,0.0,0.0,0.0,0.0,0.0,0.0,0.0,0.0,0.0,0.0,0.0,0.0,0.0,0.0,0.0,0.0,0.0,0.0,0.0,0.0,0.0,0.0,0.0,0.0,0.0,0.0,0.0,0.0,0.0,0.0,0.0,0.0,0.0,0.0,0.0,0.0,0.0,0.0,0.0,0.0,0.0,0.0,0.0,0.0,0.0,0.0,0.0,0.0,0.0,0.0,0.0,0.0,0.0,0.0,0.0,0.0,0.0,0.0,0.0,0.0,0.0,0.0,0.0,0.0,0.0,0.0,0.0,0.0,0.0,0.0,0.0,0.0,0.0,0.0,0.0,0.0,0.0,0.0,0.0,0.0,0.0,0.0,0.0,0.0,0.0,0.0,0.0,0.0,0.0,0.0,0.0,0.0,0.0,0.0,0.0,0.0,0.0,0.0,0.0,0.0,0.0,0.0,0.0,0.0,0.0,0.0,0.0,0.0,0.0,0.0,0.0,0.0,0.0,0.0,0.0,0.0,0.0,0.0,0.0,0.0,0.0,0.0,0.0,0.0,0.0,0.0,0.0,0.0,0.0,0.0,0.0,0.0,0.0,0.0,0.0,0.0,0.0,0.0,0.0,0.0,0.0,0.0,0.0,0.0,0.0,0.0,0.0,0.0,0.0,0.0,0.0,0.0,0.0,0.0,0.0,0.0,0.0,0.0,0.0,0.0,0.0,0.0,0.0,0.0,0.0,0.0,0.0,0.0,0.0,0.0,0.0,0.0,0.0,0.0,0.0,0.0,0.0,0.0,0.0,0.0,0.0,0.0,0.0,0.0,0.0,0.0,0.0,0.0,0.0,0.0,0.0,0.0,0.0,0.0,0.0,0.0,0.0,0.0,0.0,0.0,0.0,0.0,0.0,0.0,0.0,0.0,0.0,0.0,0.0,0.0,0.0,0.0,0.0,0.0,0.0,0.0,0.0,0.0,0.0,0.0,0.0,0.0,0.0,0.0,0.0,0.0,0.0,0.0,0.0,0.0,0.0,0.0,0.0,0.0,0.0,0.0,0.0,0.0,0.0,0.0,0.0,0.0,0.0,0.0,0.0,0.0,0.0,0.0,0.0,0.0,0.0,0.0,0.0,0.0,0.0,0.0,0.0,0.0,0.0,0.0,0.0,0.0,0.0,0.0,0.0,0.0,0.0,0.0,0.0,0.0,0.0,0.0,0.0,0.0,0.0,0.0,0.0,0.0,0.0,0.0,0.0,0.0,0.0,0.0,0.0,0.0,0.0,0.0,0.0,0.0,0.0,0.0,0.0,0.0,0.0,0.0,0.0,0.0,0.0,0.0,0.0,0.0,0.0,0.0,0.0,0.0,0.0,0.0,0.0,0.0,0.0,0.0,0.0,0.0,0.0,0.0,0.0,0.0,0.0,0.0,0.0,0.0,0.0,0.0,0.0,0.0,0.0,0.0,0.0,0.0,0.0,0.0,0.0,0.0,0.0,0.0,0.0,0.0,0.0,0.0,0.0,0.0,0.0,0.0,0.0,0.0,0.0,0.0,0.0,0.0,0.0,0.0,0.0,0.0,0.0,0.0,0.0,0.0,0.0,0.0,0.0,0.0,0.0,0.0,0.0,0.0,0.0,0.0,0.0,0.0,0.0
2016-43,0.0,0.0,0.0,0.0,0.0,0.0,0.0,0.0,0.0,0.0,0.0,0.0,0.0,0.0,0.0,0.0,0.0,0.0,0.0,0.0,0.0,0.0,0.0,0.0,0.0,0.0,0.0,0.0,0.0,0.0,0.0,0.0,0.0,0.0,0.0,0.0,0.0,0.0,0.0,0.0,0.0,0.0,0.0,0.0,0.0,0.0,0.0,0.0,0.0,0.0,0.0,0.0,0.0,0.0,0.0,0.0,0.0,0.0,0.0,0.0,0.0,0.0,0.0,0.0,0.0,0.0,0.0,0.0,0.0,0.0,0.0,0.0,0.0,0.0,0.0,0.0,0.0,0.0,0.0,0.0,0.0,0.0,0.0,0.0,0.0,0.0,0.0,0.0,0.0,0.0,0.0,0.0,0.0,0.0,0.0,0.0,0.0,0.0,0.0,0.0,0.0,0.0,0.0,0.0,0.0,0.0,0.0,0.0,0.0,0.0,0.0,0.0,0.0,0.0,0.0,0.0,0.0,0.0,0.0,0.0,0.0,0.0,0.0,0.0,0.0,0.0,0.0,0.0,0.0,0.0,0.0,0.0,0.0,0.0,0.0,0.0,0.0,0.0,0.0,0.0,0.0,0.0,0.0,0.0,0.0,0.0,0.0,0.0,0.0,0.0,0.0,0.0,0.0,0.0,0.0,0.0,0.0,0.0,0.0,0.0,0.0,0.0,0.0,0.0,0.0,0.0,0.0,0.0,0.0,0.0,0.0,0.0,0.0,0.0,0.0,0.0,0.0,0.0,0.0,0.0,0.0,0.0,0.0,0.0,0.0,0.0,0.0,0.0,0.0,0.0,0.0,0.0,0.0,0.0,0.0,0.0,0.0,0.0,0.0,0.0,0.0,0.0,0.0,0.0,0.0,0.0,0.0,0.0,0.0,0.0,0.0,0.0,0.0,0.0,0.0,0.0,0.0,0.0,0.0,0.0,0.0,0.0,0.0,0.0,0.0,0.0,0.0,0.0,0.0,0.0,0.0,0.0,0.0,0.0,0.0,0.0,0.0,0.0,0.0,0.0,0.0,0.0,0.0,0.0,0.0,0.0,0.0,0.0,0.0,0.0,0.0,0.0,0.0,0.0,0.0,0.0,0.0,0.0,0.0,0.0,0.0,0.0,0.0,0.0,0.0,0.0,0.0,0.0,0.0,0.0,0.0,0.0,0.0,0.0,0.0,0.0,0.0,0.0,0.0,0.0,0.0,0.0,0.0,0.0,0.0,0.0,0.0,0.0,0.0,0.0,0.0,0.0,0.0,0.0,0.0,0.0,0.0,0.0,0.0,0.0,0.0,0.0,0.0,0.0,0.0,0.0,0.0,0.0,0.0,0.0,0.0,0.0,0.0,0.0,0.0,0.0,0.0,0.0,0.0,0.0,0.0,0.0,0.0,0.0,0.0,0.0,0.0,0.0,0.0,0.0,0.0,0.0,0.0,0.0,0.0,0.0,0.0,0.0,0.0,0.0,0.0,0.0,0.0,0.0,0.0,0.0,0.0,0.0,0.0,0.0,0.0,0.0,0.0,0.0,0.0,0.0,0.0,0.0,0.0,0.0,0.0,0.0,0.0,0.0,0.0,0.0,0.0,0.0,0.0,0.0,0.0,0.0,0.0,0.0,0.0,0.0,0.0,0.0,0.0,0.0,0.0,0.0
2016-44,0.0,0.0,0.0,0.0,0.0,0.0,0.0,0.0,0.0,0.0,0.0,0.0,0.0,0.0,0.0,0.0,0.0,0.0,0.0,0.0,0.0,0.0,0.0,0.0,0.0,0.0,0.0,0.0,0.0,0.0,0.0,0.0,0.0,0.0,0.0,0.0,0.0,0.0,0.0,0.0,0.0,0.0,0.0,0.0,0.0,0.0,0.0,0.0,0.0,0.0,0.0,0.0,0.0,0.0,0.0,0.0,0.0,0.0,0.0,0.0,0.0,0.0,0.0,0.0,0.0,0.0,0.0,0.0,0.0,0.0,0.0,0.0,0.0,0.0,0.0,0.0,0.0,0.0,0.0,0.0,0.0,0.0,0.0,0.0,0.0,0.0,0.0,0.0,0.0,0.0,0.0,0.0,0.0,0.0,0.0,0.0,0.0,0.0,0.0,0.0,0.0,0.0,0.0,0.0,0.0,0.0,0.0,0.0,0.0,0.0,0.0,0.0,0.0,0.0,0.0,0.0,0.0,0.0,0.0,0.0,0.0,0.0,0.0,0.0,0.0,0.0,0.0,0.0,0.0,0.0,0.0,0.0,0.0,0.0,0.0,0.0,0.0,0.0,0.0,0.0,0.0,0.0,0.0,0.0,0.0,0.0,0.0,0.0,0.0,0.0,0.0,0.0,0.0,0.0,0.0,0.0,0.0,0.0,0.0,0.0,0.0,0.0,0.0,0.0,0.0,0.0,0.0,0.0,0.0,0.0,0.0,0.0,0.0,0.0,0.0,0.0,0.0,0.0,0.0,0.0,0.0,0.0,0.0,0.0,0.0,0.0,0.0,0.0,0.0,0.0,0.0,0.0,0.0,0.0,0.0,0.0,0.0,0.0,0.0,0.0,0.0,0.0,0.0,0.0,0.0,0.0,0.0,0.0,0.0,0.0,0.0,0.0,0.0,0.0,0.0,0.0,0.0,0.0,0.0,0.0,0.0,0.0,0.0,0.0,0.0,0.0,0.0,0.0,0.0,0.0,0.0,0.0,0.0,0.0,0.0,0.0,0.0,0.0,0.0,0.0,0.0,0.0,0.0,0.0,0.0,0.0,0.0,0.0,0.0,0.0,0.0,0.0,0.0,0.0,0.0,0.0,0.0,0.0,0.0,0.0,0.0,0.0,0.0,0.0,0.0,0.0,0.0,0.0,0.0,0.0,0.0,0.0,0.0,0.0,0.0,0.0,0.0,0.0,0.0,0.0,0.0,0.0,0.0,0.0,0.0,0.0,0.0,0.0,0.0,0.0,0.0,0.0,0.0,0.0,0.0,0.0,0.0,0.0,0.0,0.0,0.0,0.0,0.0,0.0,0.0,0.0,0.0,0.0,0.0,0.0,0.0,0.0,0.0,0.0,0.0,0.0,0.0,0.0,0.0,0.0,0.0,0.0,0.0,0.0,0.0,0.0,0.0,0.0,0.0,0.0,0.0,0.0,0.0,0.0,0.0,0.0,0.0,0.0,0.0,0.0,0.0,0.0,0.0,0.0,0.0,0.0,0.0,0.0,0.0,0.0,0.0,0.0,0.0,0.0,0.0,0.0,0.0,0.0,0.0,0.0,0.0,0.0,0.0,0.0,0.0,0.0,0.0,0.0,0.0,0.0,0.0,0.0,0.0,0.0,0.0,0.0,0.0,0.0,0.0,0.0,0.0,0.0
2016-45,0.0,0.0,0.0,0.0,0.0,0.0,0.0,0.0,0.0,0.0,0.0,0.0,0.0,0.0,0.0,0.0,0.0,0.0,0.0,0.0,0.0,0.0,0.0,0.0,0.0,0.0,0.0,0.0,0.0,0.0,0.0,0.0,0.0,0.0,0.0,0.0,0.0,0.0,0.0,0.0,0.0,0.0,0.0,0.0,0.0,0.0,0.0,0.0,0.0,0.0,0.0,0.0,0.0,0.0,0.0,0.0,0.0,0.0,0.0,0.0,0.0,0.0,0.0,0.0,0.0,0.0,0.0,0.0,0.0,0.0,0.0,0.0,0.0,0.0,0.0,0.0,0.0,0.0,0.0,0.0,0.0,0.0,0.0,0.0,0.0,0.0,0.0,0.0,0.0,0.0,0.0,0.0,0.0,0.0,0.0,0.0,0.0,0.0,0.0,0.0,0.0,0.0,0.0,0.0,0.0,0.0,0.0,0.0,0.0,0.0,0.0,0.0,0.0,0.0,0.0,0.0,0.0,0.0,0.0,0.0,0.0,0.0,0.0,0.0,0.0,0.0,0.0,0.0,0.0,0.0,0.0,0.0,0.0,0.0,0.0,0.0,0.0,0.0,0.0,0.0,0.0,0.0,0.0,0.0,0.0,0.0,0.0,0.0,0.0,0.0,0.0,0.0,0.0,0.0,0.0,0.0,0.0,0.0,0.0,0.0,0.0,0.0,0.0,0.0,0.0,0.0,0.0,0.0,0.0,0.0,0.0,0.0,0.0,0.0,0.0,0.0,0.0,0.0,0.0,0.0,0.0,0.0,0.0,0.0,0.0,0.0,0.0,0.0,0.0,0.0,0.0,0.0,0.0,0.0,0.0,0.0,0.0,0.0,0.0,0.0,0.0,0.0,0.0,0.0,0.0,0.0,0.0,0.0,0.0,0.0,0.0,0.0,0.0,0.0,0.0,0.0,0.0,0.0,0.0,0.0,0.0,0.0,0.0,0.0,0.0,0.0,0.0,0.0,0.0,0.0,0.0,0.0,0.0,0.0,0.0,0.0,0.0,0.0,0.0,0.0,0.0,0.0,0.0,0.0,0.0,0.0,0.0,0.0,0.0,0.0,0.0,0.0,0.0,0.0,0.0,0.0,0.0,0.0,0.0,0.0,0.0,0.0,0.0,0.0,0.0,0.0,0.0,0.0,0.0,0.0,0.0,0.0,0.0,0.0,0.0,0.0,0.0,0.0,0.0,0.0,0.0,0.0,0.0,0.0,0.0,0.0,0.0,0.0,0.0,0.0,0.0,0.0,0.0,0.0,0.0,0.0,0.0,0.0,0.0,0.0,0.0,0.0,0.0,0.0,0.0,0.0,0.0,0.0,0.0,0.0,0.0,0.0,0.0,0.0,0.0,0.0,0.0,0.0,0.0,0.0,0.0,0.0,0.0,0.0,0.0,0.0,0.0,0.0,0.0,0.0,0.0,0.0,0.0,0.0,0.0,0.0,0.0,0.0,0.0,0.0,0.0,0.0,0.0,0.0,0.0,0.0,0.0,0.0,0.0,0.0,0.0,0.0,0.0,0.0,0.0,0.0,0.0,0.0,0.0,0.0,0.0,0.0,0.0,0.0,0.0,0.0,0.0,0.0,0.0,0.0,0.0,0.0,0.0,0.0,0.0,0.0,0.0,0.0,0.0,0.0,0.0,0.0
2016-46,0.0,0.0,0.0,0.0,0.0,0.0,0.0,0.0,0.0,0.0,0.0,0.0,0.0,0.0,0.0,0.0,0.0,0.0,0.0,0.0,0.0,0.0,0.0,0.0,0.0,0.0,0.0,0.0,0.0,0.0,0.0,0.0,0.0,0.0,0.0,0.0,0.0,0.0,0.0,0.0,0.0,0.0,0.0,0.0,0.0,0.0,0.0,0.0,0.0,0.0,0.0,0.0,0.0,0.0,0.0,0.0,0.0,0.0,0.0,0.0,0.0,0.0,0.0,0.0,0.0,0.0,0.0,0.0,0.0,0.0,0.0,0.0,0.0,0.0,0.0,0.0,0.0,0.0,0.0,0.0,0.0,0.0,0.0,0.0,0.0,0.0,0.0,0.0,0.0,0.0,0.0,0.0,0.0,0.0,0.0,0.0,0.0,0.0,0.0,0.0,0.0,0.0,0.0,0.0,0.0,0.0,0.0,0.0,0.0,0.0,0.0,0.0,0.0,0.0,0.0,0.0,0.0,0.0,0.0,0.0,0.0,0.0,0.0,0.0,0.0,0.0,0.0,0.0,0.0,0.0,0.0,0.0,0.0,0.0,0.0,0.0,0.0,0.0,0.0,0.0,0.0,0.0,0.0,0.0,0.0,0.0,0.0,0.0,0.0,0.0,0.0,0.0,0.0,0.0,0.0,0.0,0.0,0.0,0.0,0.0,0.0,0.0,0.0,0.0,0.0,0.0,0.0,0.0,0.0,0.0,0.0,0.0,0.0,0.0,0.0,0.0,0.0,0.0,0.0,0.0,0.0,0.0,0.0,0.0,0.0,0.0,0.0,0.0,0.0,0.0,0.0,0.0,0.0,0.0,0.0,0.0,0.0,0.0,0.0,0.0,0.0,0.0,0.0,0.0,0.0,0.0,0.0,0.0,0.0,0.0,0.0,0.0,0.0,0.0,0.0,0.0,0.0,0.0,0.0,0.0,0.0,0.0,0.0,0.0,0.0,0.0,0.0,0.0,0.0,0.0,0.0,0.0,0.0,0.0,0.0,0.0,0.0,0.0,0.0,0.0,0.0,0.0,0.0,0.0,0.0,0.0,0.0,0.0,0.0,0.0,0.0,0.0,0.0,0.0,0.0,0.0,0.0,0.0,0.0,0.0,0.0,0.0,0.0,0.0,0.0,0.0,0.0,0.0,0.0,0.0,0.0,0.0,0.0,0.0,0.0,0.0,0.0,0.0,0.0,0.0,0.0,0.0,0.0,0.0,0.0,0.0,0.0,0.0,0.0,0.0,0.0,0.0,0.0,0.0,0.0,0.0,0.0,0.0,0.0,0.0,0.0,0.0,0.0,0.0,0.0,0.0,0.0,0.0,0.0,0.0,0.0,0.0,0.0,0.0,0.0,0.0,0.0,0.0,0.0,0.0,0.0,0.0,0.0,0.0,0.0,0.0,0.0,0.0,0.0,0.0,0.0,0.0,0.0,0.0,0.0,0.0,0.0,0.0,0.0,0.0,0.0,0.0,0.0,0.0,0.0,0.0,0.0,0.0,0.0,0.0,0.0,0.0,0.0,0.0,0.0,0.0,0.0,0.0,0.0,0.0,0.0,0.0,0.0,0.0,0.0,0.0,0.0,0.0,0.0,0.0,0.0,0.0,0.0,0.0,0.0,0.0,0.0,0.0,0.0,0.0,0.0,0.0
2016-47,0.0,0.0,0.0,0.0,0.0,0.0,0.0,0.0,0.0,0.0,0.0,0.0,0.0,0.0,0.0,0.0,0.0,0.0,0.0,0.0,0.0,0.0,0.0,0.0,0.0,0.0,0.0,0.0,0.0,0.0,0.0,0.0,0.0,0.0,0.0,0.0,0.0,0.0,0.0,0.0,0.0,0.0,0.0,0.0,0.0,0.0,0.0,0.0,0.0,0.0,0.0,0.0,0.0,0.0,0.0,0.0,0.0,0.0,0.0,0.0,0.0,0.0,0.0,0.0,0.0,0.0,0.0,0.0,0.0,0.0,0.0,0.0,0.0,0.0,0.0,0.0,0.0,0.0,0.0,0.0,0.0,0.0,0.0,0.0,0.0,0.0,0.0,0.0,0.0,0.0,0.0,0.0,0.0,0.0,0.0,0.0,0.0,0.0,0.0,0.0,0.0,0.0,0.0,0.0,0.0,0.0,0.0,0.0,0.0,0.0,0.0,0.0,0.0,0.0,0.0,0.0,0.0,0.0,0.0,0.0,0.0,0.0,0.0,0.0,0.0,0.0,0.0,0.0,0.0,0.0,0.0,0.0,0.0,0.0,0.0,0.0,0.0,0.0,0.0,0.0,0.0,0.0,0.0,0.0,0.0,0.0,0.0,0.0,0.0,0.0,0.0,0.0,0.0,0.0,0.0,0.0,0.0,0.0,0.0,0.0,0.0,0.0,0.0,0.0,0.0,0.0,0.0,0.0,0.0,0.0,0.0,0.0,0.0,0.0,0.0,0.0,0.0,0.0,0.0,0.0,0.0,0.0,0.0,0.0,0.0,0.0,0.0,0.0,0.0,0.0,0.0,0.0,0.0,0.0,0.0,0.0,0.0,0.0,0.0,0.0,0.0,0.0,0.0,0.0,0.0,0.0,0.0,0.0,0.0,0.0,0.0,0.0,0.0,0.0,0.0,0.0,0.0,0.0,0.0,0.0,0.0,0.0,0.0,0.0,0.0,0.0,0.0,0.0,0.0,0.0,0.0,0.0,0.0,0.0,0.0,0.0,0.0,0.0,0.0,0.0,0.0,0.0,0.0,0.0,0.0,0.0,0.0,0.0,0.0,0.0,0.0,0.0,0.0,0.0,0.0,0.0,0.0,0.0,0.0,0.0,0.0,0.0,0.0,0.0,0.0,0.0,0.0,0.0,0.0,0.0,0.0,0.0,0.0,0.0,0.0,0.0,0.0,0.0,0.0,0.0,0.0,0.0,0.0,0.0,0.0,0.0,0.0,0.0,0.0,0.0,0.0,0.0,0.0,0.0,0.0,0.0,0.0,0.0,0.0,0.0,0.0,0.0,0.0,0.0,0.0,0.0,0.0,0.0,0.0,0.0,0.0,0.0,0.0,0.0,0.0,0.0,0.0,0.0,0.0,0.0,0.0,0.0,0.0,0.0,0.0,0.0,0.0,0.0,0.0,0.0,0.0,0.0,0.0,0.0,0.0,0.0,0.0,0.0,0.0,0.0,0.0,0.0,0.0,0.0,0.0,0.0,0.0,0.0,0.0,0.0,0.0,0.0,0.0,0.0,0.0,0.0,0.0,0.0,0.0,0.0,0.0,0.0,0.0,0.0,0.0,0.0,0.0,0.0,0.0,0.0,0.0,0.0,0.0,0.0,0.0,0.0,0.0,0.0,0.0,0.0,0.0,0.0
2016-48,0.0,0.0,0.0,0.0,0.0,0.0,0.0,0.0,0.0,0.0,0.0,0.0,0.0,0.0,0.0,0.0,0.0,0.0,0.0,0.0,0.0,0.0,0.0,0.0,0.0,0.0,0.0,0.0,0.0,0.0,0.0,0.0,0.0,0.0,0.0,0.0,0.0,0.0,0.0,0.0,0.0,0.0,0.0,0.0,0.0,0.0,0.0,0.0,0.0,0.0,0.0,0.0,0.0,0.0,0.0,0.0,0.0,0.0,0.0,0.0,0.0,0.0,0.0,0.0,0.0,0.0,0.0,0.0,0.0,0.0,0.0,0.0,0.0,0.0,0.0,0.0,0.0,0.0,0.0,0.0,0.0,0.0,0.0,0.0,0.0,0.0,0.0,0.0,0.0,0.0,0.0,0.0,0.0,0.0,0.0,0.0,0.0,0.0,0.0,0.0,0.0,0.0,0.0,0.0,0.0,0.0,0.0,0.0,0.0,0.0,0.0,0.0,0.0,0.0,0.0,0.0,0.0,0.0,0.0,0.0,0.0,0.0,0.0,0.0,0.0,0.0,0.0,0.0,0.0,0.0,0.0,0.0,0.0,0.0,0.0,0.0,0.0,0.0,0.0,0.0,0.0,0.0,0.0,0.0,0.0,0.0,0.0,0.0,0.0,0.0,0.0,0.0,0.0,0.0,0.0,0.0,0.0,0.0,0.0,0.0,0.0,0.0,0.0,0.0,0.0,0.0,0.0,0.0,0.0,0.0,0.0,0.0,0.0,0.0,0.0,0.0,0.0,0.0,0.0,0.0,0.0,0.0,0.0,0.0,0.0,0.0,0.0,0.0,0.0,0.0,0.0,0.0,0.0,0.0,0.0,0.0,0.0,0.0,0.0,0.0,0.0,0.0,0.0,0.0,0.0,0.0,0.0,0.0,0.0,0.0,0.0,0.0,0.0,0.0,0.0,0.0,0.0,0.0,0.0,0.0,0.0,0.0,0.0,0.0,0.0,0.0,0.0,0.0,0.0,0.0,0.0,0.0,0.0,0.0,0.0,0.0,0.0,0.0,0.0,0.0,0.0,0.0,0.0,0.0,0.0,0.0,0.0,0.0,0.0,0.0,0.0,0.0,0.0,0.0,0.0,0.0,0.0,0.0,0.0,0.0,0.0,0.0,0.0,0.0,0.0,0.0,0.0,0.0,0.0,0.0,0.0,0.0,0.0,0.0,0.0,0.0,0.0,0.0,0.0,0.0,0.0,0.0,0.0,0.0,0.0,0.0,0.0,0.0,0.0,0.0,0.0,0.0,0.0,0.0,0.0,0.0,0.0,0.0,0.0,0.0,0.0,0.0,0.0,0.0,0.0,0.0,0.0,0.0,0.0,0.0,0.0,0.0,0.0,0.0,0.0,0.0,0.0,0.0,0.0,0.0,0.0,0.0,0.0,0.0,0.0,0.0,0.0,0.0,0.0,0.0,0.0,0.0,0.0,0.0,0.0,0.0,0.0,0.0,0.0,0.0,0.0,0.0,0.0,0.0,0.0,0.0,0.0,0.0,0.0,0.0,0.0,0.0,0.0,0.0,0.0,0.0,0.0,0.0,0.0,0.0,0.0,0.0,0.0,0.0,0.0,0.0,0.0,0.0,0.0,0.0,0.0,0.0,0.0,0.0,0.0,0.0,0.0,0.0,0.0,0.0,0.0,0.0
2016-49,0.0,0.0,0.0,0.0,0.0,0.0,0.0,0.0,0.0,0.0,0.0,0.0,0.0,0.0,0.0,0.0,0.0,0.0,0.0,0.0,0.0,0.0,0.0,0.0,0.0,0.0,0.0,0.0,0.0,0.0,0.0,0.0,0.0,0.0,0.0,0.0,0.0,0.0,0.0,0.0,0.0,0.0,0.0,0.0,0.0,0.0,0.0,0.0,0.0,0.0,0.0,0.0,0.0,0.0,0.0,0.0,0.0,0.0,0.0,0.0,0.0,0.0,0.0,0.0,0.0,0.0,0.0,0.0,0.0,0.0,0.0,0.0,0.0,0.0,0.0,0.0,0.0,0.0,0.0,0.0,0.0,0.0,0.0,0.0,0.0,0.0,0.0,0.0,0.0,0.0,0.0,0.0,0.0,0.0,0.0,0.0,0.0,0.0,0.0,0.0,0.0,0.0,0.0,0.0,0.0,0.0,0.0,0.0,0.0,0.0,0.0,0.0,0.0,0.0,0.0,0.0,0.0,0.0,0.0,0.0,0.0,0.0,0.0,0.0,0.0,0.0,0.0,0.0,0.0,0.0,0.0,0.0,0.0,0.0,0.0,0.0,0.0,0.0,0.0,0.0,0.0,0.0,0.0,0.0,0.0,0.0,0.0,0.0,0.0,0.0,0.0,0.0,0.0,0.0,0.0,0.0,0.0,0.0,0.0,0.0,0.0,0.0,0.0,0.0,0.0,0.0,0.0,0.0,0.0,0.0,0.0,0.0,0.0,0.0,0.0,0.0,0.0,0.0,0.0,0.0,0.0,0.0,0.0,0.0,0.0,0.0,0.0,0.0,0.0,0.0,0.0,0.0,0.0,0.0,0.0,0.0,0.0,0.0,0.0,0.0,0.0,0.0,0.0,0.0,0.0,0.0,0.0,0.0,0.0,0.0,0.0,0.0,0.0,0.0,0.0,0.0,0.0,0.0,0.0,0.0,0.0,0.0,0.0,0.0,0.0,0.0,0.0,0.0,0.0,0.0,0.0,0.0,0.0,0.0,0.0,0.0,0.0,0.0,0.0,0.0,0.0,0.0,0.0,0.0,0.0,0.0,0.0,0.0,0.0,0.0,0.0,0.0,0.0,0.0,0.0,0.0,0.0,0.0,0.0,0.0,0.0,0.0,0.0,0.0,0.0,0.0,0.0,0.0,0.0,0.0,0.0,0.0,0.0,0.0,0.0,0.0,0.0,0.0,0.0,0.0,0.0,0.0,0.0,0.0,0.0,0.0,0.0,0.0,0.0,0.0,0.0,0.0,0.0,0.0,0.0,0.0,0.0,0.0,0.0,0.0,0.0,0.0,0.0,0.0,0.0,0.0,0.0,0.0,0.0,0.0,0.0,0.0,0.0,0.0,0.0,0.0,0.0,0.0,0.0,0.0,0.0,0.0,0.0,0.0,0.0,0.0,0.0,0.0,0.0,0.0,0.0,0.0,0.0,0.0,0.0,0.0,0.0,0.0,0.0,0.0,0.0,0.0,0.0,0.0,0.0,0.0,0.0,0.0,0.0,0.0,0.0,0.0,0.0,0.0,0.0,0.0,0.0,0.0,0.0,0.0,0.0,0.0,0.0,0.0,0.0,0.0,0.0,0.0,0.0,0.0,0.0,0.0,0.0,0.0,0.0,0.0,0.0,0.0,0.0,0.0,0.0,0.0
2016-50,0.0,0.0,0.0,0.0,0.0,0.0,0.0,0.0,0.0,0.0,0.0,0.0,0.0,0.0,0.0,0.0,0.0,0.0,0.0,0.0,0.0,0.0,0.0,0.0,0.0,0.0,0.0,0.0,0.0,0.0,0.0,0.0,0.0,0.0,0.0,0.0,0.0,0.0,0.0,0.0,0.0,0.0,0.0,0.0,0.0,0.0,0.0,0.0,0.0,0.0,0.0,0.0,0.0,0.0,0.0,0.0,0.0,0.0,0.0,0.0,0.0,0.0,0.0,0.0,0.0,0.0,0.0,0.0,0.0,0.0,0.0,0.0,0.0,0.0,0.0,0.0,0.0,0.0,0.0,0.0,0.0,0.0,0.0,0.0,0.0,0.0,0.0,0.0,0.0,0.0,0.0,0.0,0.0,0.0,0.0,0.0,0.0,0.0,0.0,0.0,0.0,0.0,0.0,0.0,0.0,0.0,0.0,0.0,0.0,0.0,0.0,0.0,0.0,0.0,0.0,0.0,0.0,0.0,0.0,0.0,0.0,0.0,0.0,0.0,0.0,0.0,0.0,0.0,0.0,0.0,0.0,0.0,0.0,0.0,0.0,0.0,0.0,0.0,0.0,0.0,0.0,0.0,0.0,0.0,0.0,0.0,0.0,0.0,0.0,0.0,0.0,0.0,0.0,0.0,0.0,0.0,0.0,0.0,0.0,0.0,0.0,0.0,0.0,0.0,0.0,0.0,0.0,0.0,0.0,0.0,0.0,0.0,0.0,0.0,0.0,0.0,0.0,0.0,0.0,0.0,0.0,0.0,0.0,0.0,0.0,0.0,0.0,0.0,0.0,0.0,0.0,0.0,0.0,0.0,0.0,0.0,0.0,0.0,0.0,0.0,0.0,0.0,0.0,0.0,0.0,0.0,0.0,0.0,0.0,0.0,0.0,0.0,0.0,0.0,0.0,0.0,0.0,0.0,0.0,0.0,0.0,0.0,0.0,0.0,0.0,0.0,0.0,0.0,0.0,0.0,0.0,0.0,0.0,0.0,0.0,0.0,0.0,0.0,0.0,0.0,0.0,0.0,0.0,0.0,0.0,0.0,0.0,0.0,0.0,0.0,0.0,0.0,0.0,0.0,0.0,0.0,0.0,0.0,0.0,0.0,0.0,0.0,0.0,0.0,0.0,0.0,0.0,0.0,0.0,0.0,0.0,0.0,0.0,0.0,0.0,0.0,0.0,0.0,0.0,0.0,0.0,0.0,0.0,0.0,0.0,0.0,0.0,0.0,0.0,0.0,0.0,0.0,0.0,0.0,0.0,0.0,0.0,0.0,0.0,0.0,0.0,0.0,0.0,0.0,0.0,0.0,0.0,0.0,0.0,0.0,0.0,0.0,0.0,0.0,0.0,0.0,0.0,0.0,0.0,0.0,0.0,0.0,0.0,0.0,0.0,0.0,0.0,0.0,0.0,0.0,0.0,0.0,0.0,0.0,0.0,0.0,0.0,0.0,0.0,0.0,0.0,0.0,0.0,0.0,0.0,0.0,0.0,0.0,0.0,0.0,0.0,0.0,0.0,0.0,0.0,0.0,0.0,0.0,0.0,0.0,0.0,0.0,0.0,0.0,0.0,0.0,0.0,0.0,0.0,0.0,0.0,0.0,0.0,0.0,0.0,0.0,0.0,0.0,0.0,0.0,0.0,0.0
2016-51,0.0,0.0,0.0,0.0,0.0,0.0,0.0,0.0,0.0,0.0,0.0,0.0,0.0,0.0,0.0,0.0,0.0,0.0,0.0,0.0,0.0,0.0,0.0,0.0,0.0,0.0,0.0,0.0,0.0,0.0,0.0,0.0,0.0,0.0,0.0,0.0,0.0,0.0,0.0,0.0,0.0,0.0,0.0,0.0,0.0,0.0,0.0,0.0,0.0,0.0,0.0,0.0,0.0,0.0,0.0,0.0,0.0,0.0,0.0,0.0,0.0,0.0,0.0,0.0,0.0,0.0,0.0,0.0,0.0,0.0,0.0,0.0,0.0,0.0,0.0,0.0,0.0,0.0,0.0,0.0,0.0,0.0,0.0,0.0,0.0,0.0,0.0,0.0,0.0,0.0,0.0,0.0,0.0,0.0,0.0,0.0,0.0,0.0,0.0,0.0,0.0,0.0,0.0,0.0,0.0,0.0,0.0,0.0,0.0,0.0,0.0,0.0,0.0,0.0,0.0,0.0,0.0,0.0,0.0,0.0,0.0,0.0,0.0,0.0,0.0,0.0,0.0,0.0,0.0,0.0,0.0,0.0,0.0,0.0,0.0,0.0,0.0,0.0,0.0,0.0,0.0,0.0,0.0,0.0,0.0,0.0,0.0,0.0,0.0,0.0,0.0,0.0,0.0,0.0,0.0,0.0,0.0,0.0,0.0,0.0,0.0,0.0,0.0,0.0,0.0,0.0,0.0,0.0,0.0,0.0,0.0,0.0,0.0,0.0,0.0,0.0,0.0,0.0,0.0,0.0,0.0,0.0,0.0,0.0,0.0,0.0,0.0,0.0,0.0,0.0,0.0,0.0,0.0,0.0,0.0,0.0,0.0,0.0,0.0,0.0,0.0,0.0,0.0,0.0,0.0,0.0,0.0,0.0,0.0,0.0,0.0,0.0,0.0,0.0,0.0,0.0,0.0,0.0,0.0,0.0,0.0,0.0,0.0,0.0,0.0,0.0,0.0,0.0,0.0,0.0,0.0,0.0,0.0,0.0,0.0,0.0,0.0,0.0,0.0,0.0,0.0,0.0,0.0,0.0,0.0,0.0,0.0,0.0,0.0,0.0,0.0,0.0,0.0,0.0,0.0,0.0,0.0,0.0,0.0,0.0,0.0,0.0,0.0,0.0,0.0,0.0,0.0,0.0,0.0,0.0,0.0,0.0,0.0,0.0,0.0,0.0,0.0,0.0,0.0,0.0,0.0,0.0,0.0,0.0,0.0,0.0,0.0,0.0,0.0,0.0,0.0,0.0,0.0,0.0,0.0,0.0,0.0,0.0,0.0,0.0,0.0,0.0,0.0,0.0,0.0,0.0,0.0,0.0,0.0,0.0,0.0,0.0,0.0,0.0,0.0,0.0,0.0,0.0,0.0,0.0,0.0,0.0,0.0,0.0,0.0,0.0,0.0,0.0,0.0,0.0,0.0,0.0,0.0,0.0,0.0,0.0,0.0,0.0,0.0,0.0,0.0,0.0,0.0,0.0,0.0,0.0,0.0,0.0,0.0,0.0,0.0,0.0,0.0,0.0,0.0,0.0,0.0,0.0,0.0,0.0,0.0,0.0,0.0,0.0,0.0,0.0,0.0,0.0,0.0,0.0,0.0,0.0,0.0,0.0,0.0,0.0,0.0,0.0,0.0,0.0,0.0,0.0
2016-52,0.0,0.0,0.0,0.0,0.0,0.0,0.0,0.0,0.0,0.0,0.0,0.0,0.0,0.0,0.0,0.0,0.0,0.0,0.0,0.0,0.0,0.0,0.0,0.0,0.0,0.0,0.0,0.0,0.0,0.0,0.0,0.0,0.0,0.0,0.0,0.0,0.0,0.0,0.0,0.0,0.0,0.0,0.0,0.0,0.0,0.0,0.0,0.0,0.0,0.0,0.0,0.0,0.0,0.0,0.0,0.0,0.0,0.0,0.0,0.0,0.0,0.0,0.0,0.0,0.0,0.0,0.0,0.0,0.0,0.0,0.0,0.0,0.0,0.0,0.0,0.0,0.0,0.0,0.0,0.0,0.0,0.0,0.0,0.0,0.0,0.0,0.0,0.0,0.0,0.0,0.0,0.0,0.0,0.0,0.0,0.0,0.0,0.0,0.0,0.0,0.0,0.0,0.0,0.0,0.0,0.0,0.0,0.0,0.0,0.0,0.0,0.0,0.0,0.0,0.0,0.0,0.0,0.0,0.0,0.0,0.0,0.0,0.0,0.0,0.0,0.0,0.0,0.0,0.0,0.0,0.0,0.0,0.0,0.0,0.0,0.0,0.0,0.0,0.0,0.0,0.0,0.0,0.0,0.0,0.0,0.0,0.0,0.0,0.0,0.0,0.0,0.0,0.0,0.0,0.0,0.0,0.0,0.0,0.0,0.0,0.0,0.0,0.0,0.0,0.0,0.0,0.0,0.0,0.0,0.0,0.0,0.0,0.0,0.0,0.0,0.0,0.0,0.0,0.0,0.0,0.0,0.0,0.0,0.0,0.0,0.0,0.0,0.0,0.0,0.0,0.0,0.0,0.0,0.0,0.0,0.0,0.0,0.0,0.0,0.0,0.0,0.0,0.0,0.0,0.0,0.0,0.0,0.0,0.0,0.0,0.0,0.0,0.0,0.0,0.0,0.0,0.0,0.0,0.0,0.0,0.0,0.0,0.0,0.0,0.0,0.0,0.0,0.0,0.0,0.0,0.0,0.0,0.0,0.0,0.0,0.0,0.0,0.0,0.0,0.0,0.0,0.0,0.0,0.0,0.0,0.0,0.0,0.0,0.0,0.0,0.0,0.0,0.0,0.0,0.0,0.0,0.0,0.0,0.0,0.0,0.0,0.0,0.0,0.0,0.0,0.0,0.0,0.0,0.0,0.0,0.0,0.0,0.0,0.0,0.0,0.0,0.0,0.0,0.0,0.0,0.0,0.0,0.0,0.0,0.0,0.0,0.0,0.0,0.0,0.0,0.0,0.0,0.0,0.0,0.0,0.0,0.0,0.0,0.0,0.0,0.0,0.0,0.0,0.0,0.0,0.0,0.0,0.0,0.0,0.0,0.0,0.0,0.0,0.0,0.0,0.0,0.0,0.0,0.0,0.0,0.0,0.0,0.0,0.0,0.0,0.0,0.0,0.0,0.0,0.0,0.0,0.0,0.0,0.0,0.0,0.0,0.0,0.0,0.0,0.0,0.0,0.0,0.0,0.0,0.0,0.0,0.0,0.0,0.0,0.0,0.0,0.0,0.0,0.0,0.0,0.0,0.0,0.0,0.0,0.0,0.0,0.0,0.0,0.0,0.0,0.0,0.0,0.0,0.0,0.0,0.0,0.0,0.0,0.0,0.0,0.0,0.0,0.0,0.0,0.0,0.0,0.0
2016-53,0.0,18.0,7.0,2.0,3.0,59.0,25.0,4.0,24.0,25.0,51.0,23.0,8.0,174.0,0.0,2.0,10.0,304.0,3.0,19.0,1.0,33.0,14.0,17.0,21.0,26.0,34.0,10.0,111.0,2.0,2.0,13.0,4.0,4.0,23.0,177.0,32.0,0.0,0.0,7.0,10.0,8.0,21.0,33.0,2.0,48.0,19.0,50.0,0.0,0.0,26.0,3.0,22.0,273.0,14.0,26.0,94.0,16.0,0.0,106.0,3.0,13.0,6.0,0.0,10.0,226.0,30.0,90.0,55.0,49.0,0.0,6.0,26.0,0.0,50.0,2.0,49.0,13.0,3.0,0.0,0.0,25.0,31.0,4.0,93.0,0.0,5.0,21.0,6.0,28.0,12.0,12.0,63.0,122.0,0.0,0.0,4.0,123.0,23.0,80.0,8.0,158.0,5.0,42.0,15.0,0.0,42.0,19.0,6.0,17.0,74.0,8.0,109.0,60.0,0.0,69.0,0.0,17.0,0.0,19.0,11.0,37.0,4.0,0.0,7.0,153.0,1.0,81.0,10.0,6.0,19.0,216.0,172.0,19.0,17.0,3.0,42.0,3.0,1.0,6.0,8.0,43.0,20.0,36.0,14.0,152.0,56.0,0.0,79.0,142.0,411.0,32.0,21.0,12.0,234.0,160.0,33.0,156.0,11.0,72.0,128.0,0.0,42.0,0.0,0.0,0.0,111.0,0.0,2.0,0.0,44.0,0.0,24.0,6.0,153.0,0.0,68.0,0.0,0.0,0.0,11.0,8.0,8.0,9.0,9.0,0.0,134.0,6.0,53.0,285.0,0.0,60.0,307.0,101.0,28.0,39.0,123.0,5.0,0.0,13.0,0.0,23.0,11.0,6.0,0.0,23.0,0.0,404.0,72.0,80.0,20.0,0.0,10.0,0.0,108.0,7.0,78.0,2.0,4.0,75.0,29.0,11.0,12.0,3.0,31.0,0.0,52.0,6.0,41.0,0.0,0.0,1.0,25.0,56.0,11.0,16.0,54.0,40.0,141.0,201.0,6.0,22.0,31.0,8.0,0.0,22.0,0.0,1.0,10.0,53.0,9.0,71.0,9.0,7.0,16.0,179.0,11.0,11.0,4.0,28.0,31.0,122.0,28.0,9.0,5.0,12.0,14.0,12.0,0.0,4.0,10.0,105.0,10.0,16.0,14.0,5.0,135.0,0.0,122.0,17.0,37.0,40.0,0.0,11.0,9.0,8.0,18.0,10.0,31.0,62.0,87.0,28.0,28.0,50.0,5.0,60.0,0.0,54.0,3.0,1.0,78.0,14.0,90.0,0.0,39.0,0.0,30.0,9.0,1.0,63.0,5.0,2.0,3.0,1.0,44.0,10.0,0.0,28.0,37.0,6.0,104.0,51.0,13.0,59.0,50.0,16.0,34.0,152.0,57.0,30.0,5.0,6.0,68.0,9.0,5.0,0.0,0.0,1.0,105.0,25.0,41.0,1.0,0.0,8.0,3.0,103.0,1.0,25.0,0.0,0.0,48.0,19.0,25.0,0.0,0.0,162.0,24.0,26.0,11.0,0.0,0.0,11.0,15.0,209.0,40.0,5.0,19.0,0.0,0.0,77.0,2.0,83.0,6.0,12.0,0.0,27.0,8.0,16.0,21.0,0.0,0.0,29.0
