Week,1968,Acetylsalicylsäure,Adolf_Mayer_(Agronom),Agglutinine,Akute_Bronchitis,Algen,Allergie,Altgriechische_Sprache,Amantadin,Aminosäuren,Anatomie,Anorexie,Antibiotika,Antibiotikum,Antigen,Antikörper,Arch_Int_Med,Art_(Biologie),Arzneimittel,Arzneistoff,Asiatische_Grippe,Asthma_bronchiale,Astrologie,Atemtrakt,Bakterien,Berichte_zur_Wissenschaftsgeschichte,Berlin,Biologie,Blut,Blutgefäß,Blutsenkungsreaktion,Bronchialsekret,Bronchialsystem,Bronchitis,Bronchoalveoläre_Lavage,Bundesamt_für_Gesundheit,Bundesamt_für_Statistik,Carl_von_Linné,Cathelicidine,Cholecalciferol,Cholera,Cochrane_Collaboration,"Constantine_Phipps,_2._Baron_Mulgrave",Desoxyribonukleinsäure,Deutschland,Diagnose,Dmitri_Iossifowitsch_Iwanowski,Dmitri_Iwanowski,Durchfall,EU,Einen_Vogel_haben,Elektronenmikroskop,Emerg_Infect_Dis,Emerging_Infectious_Diseases,Englische_Sprache,Entzündung,Enzephalitis,Enzym,Epidemie,Epidemiologie,Epidemiologische_Überwachung,Epithel,Erbrechen,Erkältung,Erreger,Erythrozyt,Ethanol,Eukaryoten,European_Centre_for_Disease_Prevention_and_Control,European_Influenza_Surveillance_Scheme,Europäische_Union,Europäisches_Zentrum_für_die_Prävention_und_die_Kontrolle_von_Krankheiten,Expositionsprophylaxe,Fachzeitschrift,Familie_(Biologie),Fieber,Frankreich,Gattung_(Biologie),Geflügelpest,Gehirn,Gelbfieber,Gen,Generikum,Genom,Gliederschmerz,Gliederschmerzen,Glykoproteine,Grad_Celsius,Griechische_Sprache,Grippe_(Begriffsklärung),Grippeimpfung,Gundolf_Keil,HIV,Haut,Hepatitis,Hepatitis_A,Hermann_Nothnagel,Hongkong-Grippe,Horst_Kremling,Husten,Hygiene,Hämagglutinin,Hämagglutinin_(Influenzavirus_A),I.E.,ISI_Web_of_Knowledge,Immunantwort,Immunisierung,Immunität_(Medizin),Immunsystem,Impact_Factor,Impfung,Infektion,Infektionskrankheit,Influenza,Influenza-A-Virus_H1N1,Influenza-Schnelltest,Influenzaimpfstoff,Influenzapandemie,Influenzavirus,Inkubationszeit,International_Statistical_Classification_of_Diseases_and_Related_Health_Problems,Internationale_Einheit,Internationale_statistische_Klassifikation_der_Krankheiten_und_verwandter_Gesundheitsprobleme,Internetsurfen,Italienische_Sprache,JAMA_Internal_Medicine,J_Infect_Dis,Journal_of_the_American_Medical_Association,Kehle,Kehle_(Anatomie),Kohortenisolierung,Kontaktinfektion,Kontraindikation,Kopfschmerz,Kopfschmerzen,Krankenkasse,Krankheit,Krankheitserreger,Königsberg_(Preußen),Latein,Latenzzeit,Leber,Lebewesen,Leukozyt,Liste_von_Subtypen_des_Influenza-A-Virus,Luftzug,Lunge,Lungenentzündung,M2_(Influenza),MMW-Fortschritte_der_Medizin,Martinus_Beijerinck,Martinus_Willem_Beijerinck,Matrixprotein_2_(Influenzavirus_A),Medikament,Medizin,Meningitis,Meter,Miasma,Miasmen,Mikrobiologie,Mikroorganismus,Mittelalter,Mol,Mortalität,Mundschutz,Mundschutz_(Medizin),Mundschutz_(Sport),Mutation,Myokarditis,Myositis,Nasenschleimhaut,Nasensekret,National_Institute_for_Medical_Research,Nature,Nebenwirkung,Neuraminidase,Neuraminidase-Hemmer,Nomenklatur_(Biologie),Norwegen,Organismus,Orthomyxoviridae,Oseltamivir,Otitis_media,PCR,PH-Wert,Pandemie,Pandemie_H1N1_2009,Pandemie_H1N1_2009/10,Parasitismus,Pathogen,Pathogenität,Patrick_Laidlaw,Peer-Review,Pest,Pferdeinfluenza,Pilze,Planet,Pneumokokken,Polymerase-Kettenreaktion,Preußen,Protein,Public_Health,Resistenz,Respiratory-Syncytial-Virus,Reye-Syndrom,Rhinitis,Ribonukleinsäure,Richard_Pfeiffer_(Bakteriologe),Rimantadin,Risikofaktor_(Medizin),Robert-Koch-Institut,Robert_Koch-Institut,Russische_Grippe,Römische_Kirche,Sauerstoff,Scheinkorrelation,Schleimhaut,Schmerz,Schmierinfektion,Schweineinfluenza,Schweiz,Schüttelfrost,Sekundärinfektion,Selbstmedikation,Sexuell_übertragbare_Erkrankung,Spanische_Grippe,Speichel,Staphylococcus_aureus,Statistisches_Bundesamt,Superinfektion,Symptom,Systematik_(Biologie),Systematische_Übersichtsarbeit,Säugetier,Säugetiere,Süddeutsche_Zeitung,T-Lymphozyt,The_Journal_of_Infectious_Diseases,The_Times,Therapie,Todesursachenstatistik,Totenschein,Trachealsekret,Trinkwasser,Tröpfcheninfektion,Tumor,Urbanisierung,Vektor_(Biologie),Vereinigte_Staaten,Vereinigtes_Königreich,Verschreibungspflicht,Verschreibungspflichtig,Verzögerungszeit,Viren,Virologie,Virusinfektion,Vogel,Vogelgrippe_H5N1,Vögel,Wasser,Web_of_Science,Weltgesundheitsorganisation,Wendell_Meredith_Stanley,Werner_E._Gerabek,Wirt_(Biologie),World_Health_Organization,Zanamivir,Zelle_(Biologie),Zellkultur,Zweiter_Weltkrieg,Zytokin,Zytokinsturm,Öffentliche_Gesundheit,Österreich,Übelkeit,Übergewicht,Übersterblichkeit
2010-01,,0.0,0.0,210.0,3569.0,,5658.0,2303.0,,0.0,,3214.0,,7785.0,,,0.0,0.0,1721.0,569.0,115.0,6077.0,3923.0,734.0,10652.0,1.0,,,,0.0,1054.0,45.0,1432.0,,0.0,,0.0,,0.0,,,,0.0,0.0,,,40.0,7.0,7267.0,,44.0,2049.0,,,,0.0,1861.0,9200.0,,3027.0,0.0,3585.0,2964.0,0.0,129.0,2605.0,,4442.0,,20.0,0.0,0.0,,414.0,0.0,,,0.0,0.0,10294.0,2372.0,,1991.0,,208.0,77.0,177.0,4082.0,3140.0,0.0,640.0,23.0,,,,,,151.0,0.0,2616.0,,0.0,0.0,,,967.0,684.0,0.0,5495.0,,4380.0,3300.0,2930.0,,1444.0,47.0,0.0,13.0,,2121.0,,376.0,3620.0,367.0,2213.0,,,,275.0,0.0,0.0,183.0,1080.0,2481.0,591.0,1677.0,2896.0,1115.0,,6752.0,266.0,,2493.0,5297.0,0.0,175.0,,0.0,0.0,17.0,,,0.0,1286.0,4928.0,,,,22.0,1196.0,1631.0,17189.0,,0.0,85.0,0.0,0.0,,2630.0,,428.0,1411.0,,,814.0,,198.0,0.0,,1261.0,,,,,11660.0,,4803.0,0.0,3233.0,,0.0,,1263.0,9998.0,94.0,4632.0,,2216.0,4723.0,,,,1112.0,458.0,1305.0,,0.0,0.0,36.0,0.0,,,186.0,0.0,,60.0,2007.0,3174.0,690.0,3195.0,,0.0,0.0,146.0,0.0,2930.0,1273.0,,,665.0,,0.0,0.0,0.0,0.0,,1858.0,,,2280.0,0.0,379.0,0.0,2772.0,0.0,,3099.0,0.0,51873.0,,554.0,46.0,0.0,,391.0,2438.0,,0.0,0.0,,,2097.0,,0.0,0.0,,,0.0,771.0,44695.0,1119.0,2.0,0.0,,0.0,0.0,0.0
2010-02,,0.0,0.0,329.0,3396.0,,6715.0,2691.0,,0.0,,3637.0,,8982.0,,,0.0,0.0,2438.0,623.0,100.0,6804.0,3673.0,884.0,13543.0,1.0,,,,0.0,1428.0,56.0,1680.0,,0.0,,0.0,,0.0,,,,0.0,0.0,,,44.0,4.0,8170.0,,63.0,2263.0,,,,0.0,2144.0,12414.0,,3603.0,0.0,4014.0,3286.0,0.0,204.0,3888.0,,5403.0,,15.0,0.0,0.0,,490.0,0.0,,,0.0,0.0,13021.0,2842.0,,2368.0,,230.0,98.0,190.0,4120.0,3719.0,0.0,671.0,19.0,,,,,,114.0,0.0,2596.0,,0.0,0.0,,,1309.0,797.0,0.0,6693.0,,5552.0,4030.0,3668.0,,1291.0,44.0,0.0,10.0,,2352.0,,446.0,4099.0,372.0,2687.0,,,,235.0,0.0,0.0,217.0,1281.0,2778.0,429.0,1845.0,3501.0,1276.0,,8126.0,304.0,,2860.0,7229.0,0.0,147.0,,0.0,0.0,47.0,,,0.0,931.0,5527.0,,,,25.0,1272.0,2041.0,21537.0,,0.0,88.0,0.0,0.0,,2782.0,,482.0,1405.0,,,1050.0,,214.0,0.0,,1453.0,,,,,15523.0,,3957.0,0.0,3813.0,,0.0,,1585.0,10809.0,87.0,5712.0,,2609.0,6407.0,,,,1404.0,534.0,1630.0,,0.0,0.0,47.0,0.0,,,157.0,0.0,,107.0,2109.0,3576.0,843.0,2770.0,,0.0,0.0,200.0,0.0,2106.0,1374.0,,,617.0,,0.0,0.0,0.0,0.0,,2482.0,,,2654.0,0.0,399.0,0.0,3536.0,0.0,,4185.0,0.0,60862.0,,628.0,75.0,0.0,,388.0,2840.0,,0.0,0.0,,,2427.0,,0.0,0.0,,,0.0,999.0,59204.0,1932.0,3.0,0.0,,0.0,0.0,0.0
2010-03,,0.0,0.0,231.0,2745.0,,5922.0,2060.0,,0.0,,2853.0,,6971.0,,,0.0,0.0,2088.0,425.0,109.0,5710.0,2590.0,641.0,10037.0,0.0,,,,0.0,1479.0,32.0,1176.0,,0.0,,0.0,,0.0,,,,0.0,0.0,,,27.0,4.0,6347.0,,61.0,1901.0,,,,0.0,1814.0,9110.0,,3018.0,0.0,2984.0,2502.0,0.0,131.0,3638.0,,3756.0,,9.0,0.0,0.0,,320.0,0.0,,,0.0,0.0,9889.0,2316.0,,1939.0,,209.0,67.0,175.0,3182.0,2770.0,0.0,488.0,28.0,,,,,,113.0,0.0,2016.0,,0.0,0.0,,,934.0,655.0,0.0,5203.0,,4777.0,3297.0,2946.0,,789.0,41.0,0.0,8.0,,1874.0,,319.0,3339.0,310.0,1998.0,,,,150.0,0.0,0.0,152.0,1077.0,2029.0,378.0,1818.0,2837.0,1019.0,,5945.0,255.0,,2127.0,6586.0,0.0,122.0,,0.0,0.0,25.0,14.0,,0.0,630.0,4426.0,,,,31.0,1030.0,1629.0,17878.0,,0.0,56.0,0.0,0.0,,2309.0,,448.0,1098.0,,,799.0,,136.0,0.0,,1128.0,,,,,11983.0,,2503.0,0.0,2821.0,,0.0,,1327.0,8686.0,85.0,4183.0,,2302.0,4656.0,,,,1081.0,531.0,1256.0,,0.0,0.0,23.0,0.0,,,108.0,0.0,,64.0,1764.0,3134.0,640.0,1768.0,,0.0,0.0,133.0,0.0,1616.0,1098.0,,,477.0,,0.0,0.0,0.0,0.0,,1860.0,,,2255.0,0.0,304.0,3.0,2578.0,0.0,,2669.0,0.0,45105.0,,508.0,50.0,0.0,,389.0,2197.0,,0.0,0.0,,,1999.0,,0.0,0.0,,,0.0,761.0,50119.0,1261.0,1.0,0.0,,0.0,0.0,0.0
2010-04,,0.0,0.0,242.0,3705.0,,7009.0,2727.0,,0.0,,3621.0,,8995.0,,,0.0,0.0,2792.0,639.0,132.0,7200.0,2964.0,851.0,12248.0,0.0,,,,0.0,1599.0,50.0,1704.0,,0.0,,0.0,,0.0,,,,0.0,0.0,,,48.0,13.0,8520.0,,64.0,2507.0,,,,0.0,2197.0,10235.0,,3959.0,0.0,4141.0,3477.0,0.0,183.0,3905.0,,4608.0,,17.0,0.0,0.0,,433.0,0.0,,,0.0,0.0,12498.0,2667.0,,2613.0,,224.0,69.0,224.0,4170.0,3685.0,0.0,554.0,16.0,,,,,,181.0,0.0,2634.0,,0.0,0.0,,,1194.0,827.0,0.0,6122.0,,5632.0,4139.0,3480.0,,1098.0,58.0,0.0,7.0,,2271.0,,452.0,4454.0,417.0,2626.0,,,,254.0,0.0,0.0,176.0,1369.0,2872.0,482.0,3190.0,3385.0,1160.0,,7698.0,346.0,,2597.0,7976.0,0.0,182.0,,0.0,0.0,44.0,13.0,,0.0,869.0,5971.0,,,,29.0,1370.0,2022.0,17939.0,,0.0,87.0,0.0,0.0,,3222.0,,642.0,1578.0,,,1056.0,,261.0,0.0,,1334.0,,,,,14860.0,,3078.0,0.0,3454.0,,0.0,,1507.0,10552.0,96.0,4978.0,,2999.0,6052.0,,,,1391.0,777.0,1663.0,,0.0,0.0,57.0,0.0,,,159.0,0.0,,113.0,2382.0,4079.0,846.0,2034.0,,0.0,0.0,144.0,0.0,1907.0,1412.0,,,678.0,,0.0,0.0,0.0,0.0,,2584.0,,,2994.0,0.0,377.0,0.0,3172.0,0.0,,3136.0,0.0,54764.0,,625.0,47.0,0.0,,426.0,2764.0,,0.0,0.0,,,2549.0,,0.0,0.0,,,0.0,945.0,51640.0,1495.0,2.0,0.0,,0.0,0.0,0.0
2010-05,,0.0,0.0,366.0,4028.0,,6901.0,2799.0,,0.0,,3579.0,,9447.0,,,0.0,0.0,2683.0,601.0,115.0,7197.0,3025.0,977.0,12394.0,2.0,,,,0.0,1683.0,76.0,1799.0,,0.0,,0.0,,0.0,,,,0.0,0.0,,,33.0,8.0,8627.0,,91.0,2035.0,,,,0.0,2249.0,12043.0,,3851.0,0.0,4165.0,3721.0,0.0,170.0,4314.0,,5337.0,,14.0,0.0,0.0,,463.0,0.0,,,0.0,0.0,11954.0,2612.0,,3014.0,,230.0,99.0,240.0,3590.0,3757.0,0.0,571.0,32.0,,,,,,112.0,0.0,2737.0,,0.0,0.0,,,1281.0,868.0,0.0,6653.0,,5621.0,4293.0,3432.0,,1023.0,63.0,0.0,18.0,,2419.0,,521.0,4726.0,386.0,2767.0,,,,290.0,0.0,0.0,216.0,1408.0,3068.0,532.0,2702.0,3737.0,1135.0,,8113.0,337.0,,2864.0,7761.0,0.0,141.0,,0.0,0.0,27.0,8.0,,0.0,884.0,6219.0,,,,27.0,1372.0,2099.0,18729.0,,0.0,90.0,0.0,0.0,,3264.0,,678.0,1536.0,,,1389.0,,283.0,0.0,,1404.0,,,,,15018.0,,2649.0,0.0,3558.0,,0.0,,1438.0,10728.0,97.0,5447.0,,3085.0,6260.0,,,,1298.0,1010.0,1715.0,,0.0,0.0,40.0,0.0,,,144.0,0.0,,154.0,2444.0,4060.0,848.0,1944.0,,0.0,0.0,193.0,0.0,2589.0,1563.0,,,701.0,,0.0,0.0,0.0,0.0,,2819.0,,,2860.0,0.0,401.0,1.0,2976.0,0.0,,3361.0,0.0,55374.0,,665.0,50.0,0.0,,407.0,2884.0,,0.0,0.0,,,2369.0,,0.0,0.0,,,0.0,948.0,50222.0,1796.0,3.0,0.0,,0.0,0.0,0.0
2010-06,,0.0,0.0,249.0,3722.0,,6186.0,2421.0,,0.0,,8141.0,,8508.0,,,0.0,0.0,2438.0,541.0,109.0,6402.0,2653.0,721.0,11387.0,0.0,,,,0.0,1498.0,56.0,1504.0,,0.0,,0.0,,0.0,,,,0.0,0.0,,,48.0,12.0,8190.0,,69.0,1734.0,,,,0.0,2067.0,9576.0,,3065.0,0.0,3246.0,3227.0,0.0,122.0,3270.0,,4373.0,,10.0,0.0,0.0,,362.0,0.0,,,0.0,0.0,10119.0,2211.0,,2255.0,,246.0,70.0,201.0,3106.0,3219.0,0.0,408.0,27.0,,,7718.0,,,138.0,0.0,2511.0,,0.0,0.0,,,1066.0,609.0,0.0,5475.0,,4581.0,3639.0,3226.0,,831.0,59.0,0.0,8.0,,2079.0,,418.0,4008.0,347.0,2319.0,,,,266.0,0.0,0.0,196.0,1244.0,2789.0,455.0,2074.0,3094.0,1047.0,,7071.0,279.0,,2391.0,6805.0,0.0,139.0,,0.0,0.0,33.0,5.0,,0.0,684.0,5528.0,,,,25.0,1150.0,1701.0,15785.0,,0.0,92.0,0.0,0.0,,2907.0,,583.0,1454.0,,,977.0,,217.0,0.0,,1289.0,,,,,13258.0,,1838.0,0.0,3263.0,,0.0,,1156.0,8385.0,104.0,4814.0,,2635.0,5033.0,,,,1198.0,913.0,1370.0,,0.0,0.0,29.0,0.0,,,125.0,0.0,,110.0,2149.0,3551.0,827.0,1528.0,46548.0,0.0,0.0,174.0,0.0,1764.0,1345.0,,,585.0,,0.0,0.0,0.0,0.0,,2145.0,,,2549.0,0.0,328.0,0.0,2566.0,0.0,,2816.0,0.0,51483.0,0.0,596.0,39.0,0.0,,379.0,2699.0,,0.0,0.0,,,2100.0,,0.0,0.0,,,0.0,947.0,43089.0,1333.0,2.0,0.0,,0.0,0.0,0.0
2010-07,,0.0,0.0,274.0,4493.0,,6878.0,2562.0,,0.0,,3736.0,,8956.0,,,0.0,0.0,2492.0,598.0,135.0,6506.0,3187.0,718.0,11821.0,1.0,,,,0.0,1396.0,64.0,1678.0,,0.0,,0.0,,0.0,3271.0,,,0.0,0.0,,,41.0,9.0,8441.0,,68.0,1867.0,,,,0.0,2268.0,11748.0,,3102.0,0.0,3525.0,3408.0,0.0,178.0,3285.0,,4593.0,,8.0,0.0,0.0,,322.0,0.0,,,0.0,0.0,11127.0,2314.0,,2274.0,,242.0,103.0,228.0,3099.0,3399.0,0.0,376.0,25.0,,,8434.0,,,272.0,0.0,2792.0,,0.0,0.0,,,1218.0,725.0,0.0,5947.0,,5120.0,4543.0,3474.0,,857.0,43.0,0.0,13.0,,2488.0,,476.0,3915.0,368.0,2314.0,,,,297.0,0.0,0.0,194.0,1270.0,2726.0,463.0,2052.0,3355.0,1119.0,,7110.0,229.0,,2474.0,6985.0,0.0,139.0,,0.0,0.0,43.0,7.0,,0.0,787.0,5275.0,,,,19.0,1241.0,2092.0,16537.0,,0.0,82.0,0.0,0.0,,3165.0,,644.0,1944.0,,,926.0,349.0,171.0,0.0,,1429.0,,,,,14437.0,,1490.0,0.0,4014.0,,0.0,,1354.0,9240.0,116.0,5017.0,,2660.0,5515.0,,,,1328.0,903.0,1377.0,,0.0,0.0,30.0,0.0,,,125.0,0.0,,90.0,2172.0,3530.0,828.0,1528.0,48778.0,0.0,0.0,146.0,0.0,1727.0,1416.0,,,660.0,,0.0,0.0,0.0,0.0,,2350.0,,830.0,2618.0,0.0,326.0,0.0,2734.0,0.0,,2749.0,0.0,56718.0,0.0,574.0,44.0,0.0,,371.0,2852.0,,0.0,0.0,,,2350.0,,0.0,0.0,,,0.0,952.0,45974.0,1392.0,2.0,0.0,,0.0,0.0,0.0
2010-08,,0.0,0.0,252.0,4303.0,,5951.0,2512.0,,0.0,,3261.0,,8615.0,,,0.0,0.0,2296.0,548.0,109.0,6539.0,2825.0,774.0,11116.0,0.0,,,,0.0,1343.0,50.0,1618.0,,0.0,,0.0,,0.0,4195.0,,,0.0,0.0,,,52.0,7.0,7792.0,,64.0,1885.0,,,,0.0,1879.0,11873.0,,2785.0,0.0,3014.0,3184.0,0.0,165.0,3103.0,,4069.0,,19.0,0.0,0.0,,322.0,0.0,,,0.0,0.0,10216.0,2244.0,,1912.0,,267.0,73.0,289.0,3084.0,3169.0,0.0,336.0,17.0,,,7450.0,,,106.0,0.0,2623.0,,0.0,0.0,,,1097.0,737.0,0.0,5225.0,,4762.0,3556.0,3476.0,,596.0,39.0,0.0,9.0,,2278.0,,381.0,3586.0,339.0,2303.0,,,,261.0,0.0,0.0,194.0,1148.0,2375.0,397.0,1877.0,3396.0,1023.0,,7516.0,242.0,,2430.0,6342.0,0.0,110.0,,0.0,0.0,25.0,4.0,,0.0,723.0,4967.0,,,,23.0,1115.0,1870.0,16248.0,,0.0,88.0,0.0,0.0,,2508.0,,513.0,1530.0,,,929.0,249.0,131.0,0.0,,1185.0,,,,,13660.0,,936.0,27.0,3965.0,,0.0,,1180.0,9350.0,98.0,4490.0,,2402.0,5251.0,,,,1280.0,962.0,1062.0,,0.0,0.0,34.0,0.0,,,99.0,0.0,,70.0,1951.0,3054.0,698.0,1269.0,47746.0,0.0,0.0,168.0,0.0,1526.0,1289.0,,,655.0,,0.0,0.0,0.0,0.0,,2027.0,,743.0,2505.0,2.0,311.0,1.0,2610.0,0.0,,2919.0,0.0,58417.0,0.0,589.0,51.0,0.0,,347.0,2735.0,,0.0,0.0,,,2181.0,25.0,0.0,0.0,,,0.0,835.0,44681.0,1162.0,1.0,0.0,,0.0,0.0,0.0
2010-09,,0.0,0.0,237.0,4074.0,,6531.0,2583.0,,0.0,,3018.0,,8615.0,,,0.0,0.0,2460.0,561.0,95.0,6474.0,2861.0,905.0,10703.0,0.0,,,,0.0,1437.0,64.0,1541.0,,0.0,,0.0,,0.0,3305.0,3355.0,,0.0,0.0,,,36.0,10.0,7701.0,2447.0,68.0,1743.0,,,,0.0,2014.0,13080.0,,2826.0,0.0,2924.0,3271.0,0.0,155.0,3313.0,,4379.0,,16.0,0.0,0.0,,395.0,0.0,,,0.0,0.0,11111.0,2256.0,,1981.0,,213.0,57.0,638.0,3139.0,3374.0,0.0,410.0,41.0,,,7517.0,,,110.0,0.0,2476.0,,0.0,0.0,,,1169.0,679.0,0.0,5442.0,,4815.0,3449.0,3261.0,,630.0,43.0,0.0,3.0,,2224.0,,407.0,3782.0,362.0,2390.0,,,,299.0,0.0,0.0,174.0,1152.0,2537.0,373.0,1746.0,3359.0,1053.0,,7238.0,232.0,,2608.0,6728.0,0.0,121.0,,0.0,0.0,30.0,11.0,,0.0,772.0,5077.0,6453.0,,,32.0,1123.0,1942.0,16069.0,,0.0,58.0,0.0,0.0,,2727.0,,601.0,1432.0,,,929.0,279.0,141.0,0.0,,1300.0,,,,,14155.0,,422.0,152.0,4112.0,,0.0,,1228.0,9831.0,113.0,4497.0,,2357.0,5708.0,,,,1208.0,1173.0,1082.0,,0.0,0.0,35.0,0.0,,,126.0,0.0,,91.0,1987.0,3336.0,724.0,1075.0,53939.0,0.0,0.0,148.0,0.0,1759.0,1243.0,,,575.0,,0.0,0.0,0.0,0.0,,2025.0,,739.0,2683.0,0.0,366.0,0.0,3230.0,0.0,,3066.0,0.0,50866.0,0.0,586.0,47.0,0.0,,349.0,2594.0,,0.0,0.0,,,2271.0,24.0,0.0,0.0,,,0.0,805.0,49363.0,1176.0,1.0,0.0,,0.0,0.0,0.0
2010-10,,0.0,0.0,267.0,3789.0,,6045.0,2641.0,,0.0,,2981.0,,8647.0,,,0.0,0.0,2650.0,540.0,107.0,6401.0,2816.0,804.0,10496.0,0.0,,,,0.0,1429.0,68.0,1382.0,,0.0,,0.0,,0.0,4124.0,3175.0,,0.0,0.0,,,48.0,5.0,7676.0,2471.0,68.0,1756.0,,,,0.0,2012.0,13091.0,,2709.0,0.0,2883.0,3240.0,0.0,159.0,3235.0,,5828.0,,11.0,0.0,0.0,,332.0,0.0,,,0.0,0.0,11197.0,2375.0,,2276.0,,190.0,68.0,707.0,3102.0,3503.0,0.0,348.0,28.0,,,7407.0,,,86.0,0.0,2361.0,,0.0,0.0,,,1307.0,732.0,0.0,5337.0,,4807.0,3518.0,3402.0,,555.0,37.0,0.0,8.0,,2124.0,,399.0,3763.0,335.0,2399.0,,,,364.0,0.0,0.0,198.0,1160.0,2625.0,372.0,1939.0,3439.0,1047.0,,7365.0,260.0,,2543.0,6661.0,0.0,127.0,,0.0,0.0,36.0,10.0,,0.0,726.0,5142.0,6608.0,,,14.0,1051.0,1744.0,15889.0,,0.0,77.0,0.0,0.0,,2934.0,,525.0,1440.0,,,1000.0,254.0,111.0,0.0,,1290.0,,,,,13802.0,,525.0,310.0,4540.0,,0.0,,1291.0,9083.0,107.0,4213.0,,2358.0,5429.0,0.0,,,1216.0,1080.0,1013.0,,0.0,0.0,40.0,0.0,,,106.0,0.0,,81.0,1884.0,3340.0,785.0,997.0,42937.0,0.0,0.0,138.0,0.0,1378.0,1300.0,,,553.0,,0.0,0.0,0.0,0.0,,2012.0,,698.0,2603.0,0.0,302.0,0.0,2821.0,0.0,,3140.0,0.0,47982.0,0.0,588.0,51.0,0.0,,325.0,2635.0,656.0,0.0,0.0,,,2279.0,37.0,0.0,0.0,,,0.0,715.0,49781.0,2797.0,1.0,0.0,,0.0,0.0,0.0
2010-11,,0.0,0.0,235.0,3420.0,,6811.0,2485.0,,0.0,,2998.0,,7701.0,,,0.0,0.0,2096.0,519.0,62.0,6087.0,2840.0,755.0,9465.0,0.0,,,,0.0,1440.0,47.0,1300.0,,0.0,,0.0,,0.0,3232.0,2942.0,,0.0,0.0,,,29.0,2.0,7675.0,2379.0,49.0,1720.0,,,,0.0,1793.0,11759.0,,2643.0,0.0,2942.0,3181.0,0.0,149.0,3407.0,,3760.0,,11.0,0.0,0.0,,304.0,0.0,,,0.0,0.0,9724.0,1771.0,,3480.0,2919.0,173.0,72.0,628.0,3194.0,3149.0,0.0,354.0,19.0,,,7174.0,,,75.0,0.0,2278.0,,0.0,0.0,,,1404.0,723.0,0.0,5500.0,,4704.0,3261.0,2939.0,,530.0,43.0,0.0,11.0,,1944.0,,400.0,3634.0,374.0,2198.0,,,,288.0,0.0,0.0,178.0,1189.0,2619.0,433.0,1762.0,3396.0,997.0,,6898.0,235.0,,2396.0,6546.0,0.0,123.0,,0.0,0.0,28.0,7.0,,0.0,675.0,4978.0,6173.0,,,25.0,1132.0,1758.0,14301.0,,0.0,52.0,0.0,0.0,,2726.0,,419.0,1407.0,,,904.0,309.0,162.0,0.0,,1218.0,,,,,13325.0,,386.0,448.0,4086.0,,0.0,,1159.0,8990.0,107.0,4360.0,,2046.0,5114.0,0.0,,,1143.0,1019.0,1060.0,,0.0,0.0,43.0,0.0,,,78.0,0.0,,77.0,1831.0,3215.0,676.0,966.0,42657.0,0.0,0.0,149.0,0.0,1353.0,1092.0,,,534.0,3041.0,0.0,0.0,0.0,0.0,,1927.0,,631.0,2505.0,0.0,307.0,1.0,2827.0,0.0,,2727.0,0.0,46481.0,0.0,522.0,45.0,0.0,,308.0,2437.0,638.0,0.0,0.0,,,2167.0,32.0,0.0,0.0,,,0.0,725.0,45567.0,13099.0,1.0,0.0,,0.0,0.0,0.0
2010-12,,0.0,0.0,290.0,3045.0,,7081.0,2559.0,,0.0,,2784.0,,7083.0,,,0.0,0.0,1962.0,437.0,80.0,5917.0,2452.0,551.0,16011.0,0.0,,,,0.0,1268.0,51.0,1132.0,,0.0,,0.0,,0.0,2866.0,2808.0,,0.0,0.0,,,28.0,6.0,7653.0,2724.0,214.0,1473.0,,,,0.0,1926.0,9052.0,,2245.0,0.0,2462.0,2879.0,0.0,147.0,3275.0,,4165.0,,18.0,0.0,0.0,,314.0,0.0,,,0.0,0.0,8573.0,1697.0,,2240.0,2549.0,202.0,65.0,671.0,2779.0,3360.0,0.0,280.0,24.0,,,6682.0,,,74.0,0.0,2295.0,,0.0,0.0,,,1277.0,593.0,0.0,4633.0,,4368.0,2842.0,2617.0,,502.0,45.0,0.0,11.0,,1641.0,,328.0,3279.0,317.0,5650.0,,,,267.0,0.0,0.0,194.0,1054.0,2347.0,392.0,1714.0,2865.0,868.0,,7278.0,238.0,,21754.0,6055.0,0.0,143.0,,0.0,0.0,20.0,7.0,,0.0,708.0,4779.0,6136.0,,,17.0,968.0,3456.0,14358.0,,0.0,45.0,0.0,0.0,,2288.0,,424.0,1298.0,,,876.0,246.0,104.0,0.0,,960.0,99.0,,,,11390.0,,334.0,380.0,3878.0,,0.0,,1217.0,8263.0,107.0,13456.0,,1875.0,4023.0,0.0,,,941.0,1023.0,954.0,2682.0,0.0,0.0,33.0,0.0,,,91.0,0.0,,92.0,1898.0,2913.0,592.0,735.0,45003.0,0.0,0.0,110.0,0.0,1429.0,1057.0,,,456.0,2690.0,0.0,0.0,0.0,0.0,,2251.0,,662.0,2250.0,1.0,318.0,0.0,3058.0,0.0,,2607.0,0.0,53518.0,0.0,494.0,45.0,0.0,,345.0,2335.0,573.0,0.0,0.0,,,2145.0,33.0,0.0,0.0,,,0.0,712.0,44963.0,1116.0,3.0,0.0,,0.0,0.0,0.0
2010-13,,0.0,0.0,218.0,2613.0,,5737.0,2648.0,,0.0,,2646.0,,6424.0,,,0.0,0.0,1756.0,439.0,67.0,4162.0,2328.0,445.0,5947.0,0.0,,,,0.0,1062.0,35.0,938.0,,0.0,,0.0,,0.0,2583.0,2300.0,,0.0,0.0,,,23.0,4.0,6883.0,3108.0,62.0,1057.0,,,,0.0,1488.0,4964.0,,2076.0,0.0,2171.0,2623.0,0.0,103.0,2390.0,,2764.0,,13.0,0.0,0.0,,280.0,0.0,,,0.0,0.0,7154.0,1657.0,,2131.0,2249.0,202.0,59.0,517.0,6079.0,3540.0,0.0,294.0,30.0,,,5911.0,,,83.0,0.0,1996.0,,0.0,0.0,,,977.0,406.0,0.0,3390.0,,3258.0,2504.0,1984.0,,385.0,44.0,0.0,10.0,,1345.0,,294.0,2908.0,267.0,6195.0,,,,231.0,0.0,0.0,148.0,917.0,2068.0,287.0,1323.0,2922.0,658.0,,8512.0,204.0,,1705.0,4505.0,0.0,108.0,,0.0,0.0,17.0,8.0,,0.0,797.0,4734.0,5602.0,,,21.0,826.0,1135.0,13891.0,,0.0,69.0,0.0,0.0,,2329.0,,352.0,1180.0,,,806.0,182.0,153.0,0.0,,758.0,68.0,,,,8470.0,,342.0,293.0,2924.0,,0.0,,943.0,8488.0,97.0,3200.0,,1610.0,3256.0,0.0,,,801.0,802.0,862.0,2290.0,0.0,0.0,36.0,0.0,,,70.0,0.0,,39.0,1601.0,2486.0,500.0,601.0,48975.0,0.0,0.0,124.0,0.0,1181.0,894.0,,,469.0,2602.0,0.0,0.0,0.0,0.0,,1588.0,,907.0,1992.0,0.0,292.0,0.0,2147.0,0.0,,2336.0,0.0,47734.0,0.0,514.0,38.0,0.0,,283.0,1771.0,453.0,0.0,0.0,,,2023.0,35.0,0.0,0.0,,,0.0,568.0,46881.0,851.0,0.0,0.0,,0.0,0.0,0.0
2010-14,,0.0,0.0,236.0,2477.0,,7040.0,2244.0,,0.0,,2893.0,,6210.0,,,0.0,0.0,1908.0,486.0,61.0,4189.0,2495.0,504.0,7038.0,0.0,,,,0.0,1144.0,39.0,1049.0,,0.0,,0.0,,0.0,2884.0,3190.0,,0.0,0.0,,,9.0,4.0,6803.0,2171.0,54.0,1284.0,,,,0.0,1730.0,6424.0,,2414.0,0.0,2661.0,2653.0,0.0,104.0,2288.0,,3301.0,,11.0,0.0,0.0,,312.0,0.0,,,0.0,0.0,7971.0,1789.0,,3037.0,2425.0,213.0,54.0,524.0,2427.0,2903.0,0.0,309.0,12.0,,,6405.0,,,72.0,0.0,1974.0,,0.0,0.0,,,877.0,487.0,0.0,4023.0,,3841.0,2737.0,2099.0,,407.0,59.0,0.0,16.0,,1684.0,,319.0,3192.0,294.0,2365.0,,,,236.0,0.0,0.0,142.0,967.0,2166.0,360.0,1274.0,3119.0,751.0,,6790.0,202.0,,1966.0,4643.0,0.0,107.0,,0.0,0.0,48.0,12.0,21.0,0.0,693.0,4618.0,5743.0,5698.0,,10.0,1054.0,1475.0,13930.0,,0.0,74.0,0.0,0.0,,2150.0,,388.0,1149.0,,,783.0,230.0,171.0,0.0,,931.0,104.0,,,,9818.0,,293.0,239.0,3920.0,,0.0,,987.0,8284.0,94.0,3604.0,,1770.0,3837.0,0.0,,,910.0,683.0,780.0,2484.0,0.0,0.0,35.0,0.0,,,98.0,0.0,,59.0,1751.0,2962.0,529.0,657.0,45903.0,0.0,0.0,168.0,0.0,1085.0,992.0,,,421.0,2414.0,0.0,0.0,0.0,0.0,,1661.0,,1055.0,2034.0,2.0,306.0,1.0,2384.0,0.0,,2364.0,0.0,42912.0,0.0,485.0,45.0,0.0,,290.0,1838.0,484.0,0.0,0.0,,,2022.0,20.0,0.0,0.0,,,0.0,670.0,46762.0,1053.0,1.0,0.0,,0.0,0.0,0.0
2010-15,,0.0,0.0,337.0,2683.0,,7783.0,2457.0,,0.0,,2623.0,,6735.0,,,0.0,0.0,2218.0,569.0,70.0,6290.0,2253.0,696.0,9040.0,0.0,,,,0.0,1519.0,48.0,1268.0,,0.0,,0.0,,0.0,3885.0,3755.0,,0.0,0.0,,,11.0,2.0,7203.0,2220.0,61.0,1526.0,,,,0.0,1760.0,9905.0,,2809.0,0.0,3193.0,2685.0,0.0,121.0,3780.0,,3898.0,,13.0,0.0,0.0,,339.0,0.0,,,0.0,0.0,9127.0,2233.0,,2286.0,2546.0,159.0,51.0,669.0,2589.0,2975.0,0.0,278.0,23.0,,,7232.0,,,50.0,0.0,2100.0,,0.0,0.0,,,1496.0,656.0,0.0,5197.0,,4572.0,3052.0,2982.0,2295.0,414.0,31.0,0.0,8.0,,1820.0,,350.0,3408.0,347.0,2006.0,,,,277.0,0.0,0.0,173.0,1114.0,2301.0,381.0,1548.0,3039.0,935.0,,6250.0,240.0,,2319.0,6017.0,0.0,114.0,,0.0,0.0,28.0,9.0,22.0,0.0,641.0,4735.0,6174.0,6753.0,,24.0,1079.0,1834.0,16520.0,,0.0,77.0,0.0,0.0,,2280.0,,453.0,1207.0,,,880.0,212.0,103.0,0.0,,1155.0,76.0,,,,12350.0,,282.0,229.0,5072.0,,0.0,,1109.0,9466.0,71.0,4139.0,,1885.0,4099.0,0.0,,,1025.0,578.0,834.0,2674.0,0.0,0.0,32.0,0.0,,,90.0,0.0,,140.0,1637.0,3292.0,590.0,635.0,41534.0,0.0,0.0,149.0,0.0,1551.0,1110.0,,1211.0,440.0,2681.0,0.0,0.0,0.0,0.0,,2004.0,,703.0,1702.0,0.0,281.0,0.0,3310.0,0.0,,2703.0,0.0,43336.0,0.0,516.0,35.0,0.0,,322.0,2223.0,547.0,0.0,0.0,,,2019.0,15.0,0.0,0.0,,,0.0,641.0,42612.0,1134.0,1.0,0.0,,0.0,0.0,0.0
2010-16,,0.0,0.0,200.0,3004.0,,9627.0,2542.0,,0.0,,2585.0,,7219.0,,,0.0,0.0,2190.0,478.0,70.0,8112.0,2105.0,732.0,9315.0,0.0,,,,0.0,1607.0,42.0,1293.0,,0.0,,0.0,,0.0,3234.0,2999.0,,0.0,0.0,,,24.0,4.0,7258.0,2360.0,57.0,1627.0,,,,0.0,2176.0,10843.0,,2901.0,0.0,3084.0,2654.0,0.0,150.0,4322.0,,3889.0,,8.0,0.0,0.0,,345.0,0.0,,,0.0,0.0,9190.0,1810.0,,1920.0,2668.0,133.0,42.0,671.0,2857.0,3059.0,0.0,289.0,24.0,,,7067.0,,,88.0,0.0,2309.0,,0.0,0.0,,,1116.0,732.0,0.0,5294.0,,5269.0,3150.0,2839.0,2279.0,364.0,35.0,0.0,2.0,,1775.0,,328.0,3835.0,288.0,2318.0,,,,277.0,0.0,0.0,182.0,1172.0,2289.0,330.0,1731.0,3205.0,1033.0,,6601.0,246.0,,2296.0,6513.0,0.0,140.0,,0.0,0.0,19.0,3.0,19.0,0.0,686.0,4731.0,6663.0,7165.0,,22.0,1015.0,1746.0,15882.0,,0.0,59.0,0.0,0.0,,2228.0,,496.0,1223.0,,,928.0,157.0,117.0,0.0,,1163.0,71.0,,,,12837.0,,272.0,192.0,5058.0,,0.0,,1220.0,8932.0,103.0,4369.0,,1882.0,4416.0,0.0,,,999.0,520.0,801.0,2757.0,0.0,0.0,26.0,0.0,,,89.0,0.0,,90.0,1860.0,3372.0,616.0,713.0,40270.0,0.0,0.0,142.0,0.0,1120.0,1132.0,,1579.0,441.0,2871.0,0.0,0.0,0.0,0.0,,1854.0,,785.0,2018.0,0.0,330.0,0.0,2982.0,0.0,,3108.0,0.0,43829.0,0.0,517.0,42.0,0.0,,306.0,2191.0,560.0,0.0,0.0,,,2224.0,16.0,0.0,0.0,,,0.0,832.0,44373.0,1217.0,4.0,0.0,,0.0,0.0,0.0
2010-17,,0.0,0.0,320.0,2956.0,,9113.0,2650.0,,0.0,,2955.0,,7432.0,,,0.0,0.0,2387.0,491.0,78.0,8060.0,2543.0,725.0,9294.0,0.0,,,,0.0,1605.0,56.0,1386.0,,0.0,,0.0,,0.0,3332.0,3901.0,,0.0,0.0,,,34.0,3.0,7910.0,2465.0,73.0,1546.0,,,,0.0,2007.0,10709.0,,3124.0,0.0,3138.0,2864.0,0.0,155.0,4285.0,,4734.0,,9.0,0.0,0.0,,355.0,0.0,,,0.0,0.0,9418.0,1940.0,,1860.0,2984.0,140.0,51.0,701.0,2867.0,3292.0,0.0,318.0,23.0,,,7309.0,,,71.0,0.0,2473.0,,0.0,0.0,,,1379.0,705.0,0.0,5718.0,,5401.0,3257.0,3031.0,2516.0,393.0,32.0,0.0,6.0,,1902.0,,393.0,3828.0,341.0,2430.0,,,,237.0,0.0,0.0,191.0,1125.0,2548.0,375.0,1650.0,3269.0,940.0,,6662.0,259.0,,2353.0,7193.0,0.0,197.0,,0.0,0.0,17.0,5.0,17.0,0.0,721.0,4748.0,6941.0,7815.0,,33.0,1043.0,1814.0,16274.0,,0.0,89.0,0.0,0.0,,3427.0,,492.0,1354.0,,,982.0,225.0,93.0,0.0,,1215.0,100.0,,297.0,,13946.0,,292.0,251.0,5244.0,,0.0,,1294.0,9042.0,123.0,4720.0,,2099.0,6291.0,0.0,,,1149.0,516.0,749.0,2882.0,0.0,0.0,33.0,0.0,,,63.0,0.0,,79.0,1873.0,3476.0,639.0,650.0,43162.0,0.0,0.0,148.0,0.0,1091.0,1200.0,,1558.0,416.0,2918.0,0.0,0.0,0.0,0.0,,2171.0,,748.0,1793.0,0.0,299.0,8.0,3193.0,0.0,,3417.0,0.0,47114.0,0.0,588.0,42.0,0.0,,272.0,2466.0,544.0,0.0,0.0,,,2145.0,18.0,0.0,0.0,,,0.0,713.0,46680.0,1258.0,1.0,0.0,,0.0,0.0,0.0
2010-18,,0.0,0.0,222.0,2826.0,,7063.0,2700.0,,0.0,,3053.0,,7138.0,,,0.0,0.0,2464.0,529.0,63.0,6127.0,2270.0,661.0,9041.0,0.0,,,,0.0,1663.0,53.0,1331.0,,0.0,,0.0,,0.0,3501.0,3368.0,,0.0,0.0,,,27.0,4.0,7583.0,2953.0,52.0,1327.0,,,,0.0,2645.0,10709.0,,2968.0,0.0,2998.0,2741.0,0.0,122.0,4335.0,,3929.0,,8.0,0.0,0.0,,397.0,0.0,,,0.0,0.0,9595.0,1848.0,,2001.0,3059.0,192.0,45.0,649.0,2879.0,3438.0,0.0,301.0,26.0,,,7002.0,,,77.0,0.0,2401.0,,0.0,0.0,,,1444.0,739.0,0.0,5398.0,,5319.0,3382.0,3071.0,2566.0,384.0,37.0,0.0,5.0,,1833.0,,340.0,3805.0,327.0,2575.0,,,,239.0,0.0,0.0,187.0,1215.0,2494.0,375.0,1639.0,2995.0,1060.0,,7034.0,242.0,,2347.0,6871.0,0.0,127.0,,0.0,0.0,31.0,9.0,21.0,0.0,679.0,4920.0,6430.0,6973.0,,17.0,1044.0,1773.0,15965.0,,0.0,72.0,0.0,0.0,,2515.0,,408.0,1233.0,,,978.0,187.0,80.0,0.0,,1240.0,80.0,,350.0,,13789.0,,304.0,222.0,5102.0,,0.0,,1225.0,9833.0,91.0,4898.0,,2037.0,4466.0,0.0,,,1040.0,528.0,792.0,2682.0,0.0,0.0,24.0,0.0,,,82.0,0.0,,73.0,1853.0,3309.0,637.0,599.0,45100.0,0.0,0.0,137.0,0.0,1204.0,1266.0,,1764.0,465.0,2891.0,0.0,0.0,0.0,0.0,,2345.0,,914.0,1733.0,1.0,352.0,12.0,2973.0,0.0,,3235.0,0.0,47661.0,0.0,506.0,32.0,0.0,,274.0,2297.0,565.0,0.0,0.0,,,2850.0,26.0,0.0,0.0,,,0.0,759.0,71479.0,1320.0,4.0,0.0,,0.0,0.0,0.0
2010-19,,0.0,0.0,161.0,2524.0,,5837.0,2137.0,,0.0,,2431.0,,6274.0,,,0.0,0.0,2021.0,464.0,78.0,5627.0,2022.0,577.0,7420.0,0.0,,,,0.0,1283.0,67.0,1142.0,,0.0,,0.0,,0.0,3044.0,2732.0,,0.0,0.0,,,39.0,3.0,6765.0,2034.0,50.0,1373.0,,,,0.0,1795.0,8294.0,,2475.0,0.0,2323.0,2517.0,0.0,109.0,3384.0,,2993.0,,5.0,0.0,0.0,,294.0,0.0,,,0.0,0.0,7956.0,1557.0,,1638.0,2429.0,168.0,47.0,534.0,2480.0,2753.0,0.0,213.0,23.0,,,6409.0,,,65.0,0.0,2296.0,,0.0,0.0,,,1018.0,587.0,0.0,4533.0,,4177.0,2789.0,2393.0,2552.0,322.0,28.0,0.0,4.0,,1556.0,,329.0,3296.0,278.0,1966.0,,,,231.0,0.0,0.0,144.0,1023.0,2203.0,328.0,1176.0,2743.0,840.0,,5569.0,193.0,,1981.0,5268.0,0.0,120.0,,0.0,0.0,35.0,3.0,16.0,0.0,546.0,4288.0,6010.0,5864.0,414.0,17.0,790.0,1491.0,13071.0,,0.0,72.0,0.0,0.0,,2141.0,,335.0,1227.0,,,836.0,165.0,84.0,0.0,,1198.0,84.0,,319.0,,11049.0,,299.0,197.0,3935.0,,0.0,,918.0,7525.0,86.0,3953.0,,1752.0,3429.0,0.0,,,933.0,388.0,742.0,2368.0,0.0,0.0,34.0,0.0,,,60.0,0.0,,65.0,1619.0,3146.0,542.0,523.0,40881.0,0.0,0.0,125.0,0.0,1045.0,1103.0,,1360.0,399.0,2985.0,0.0,0.0,0.0,0.0,,1770.0,,607.0,1518.0,0.0,279.0,10.0,2447.0,0.0,,2733.0,0.0,39749.0,0.0,515.0,23.0,0.0,,261.0,1920.0,547.0,0.0,0.0,15369.0,,1654.0,24.0,0.0,0.0,,,0.0,539.0,42048.0,1143.0,2.0,0.0,,0.0,0.0,0.0
2010-20,,0.0,0.0,166.0,2800.0,,5760.0,2121.0,,0.0,,2254.0,,7062.0,,,0.0,0.0,1905.0,417.0,65.0,5404.0,2027.0,549.0,8004.0,0.0,,,,0.0,1288.0,41.0,1123.0,,0.0,,0.0,,0.0,3283.0,2664.0,,0.0,0.0,,,20.0,1.0,6796.0,1979.0,56.0,1179.0,,,,0.0,1819.0,7561.0,,2465.0,0.0,2340.0,2334.0,0.0,129.0,3750.0,,3216.0,,9.0,0.0,0.0,,303.0,0.0,,,0.0,0.0,7847.0,1687.0,,2162.0,3193.0,159.0,59.0,523.0,2304.0,2746.0,0.0,246.0,18.0,,,7987.0,,,77.0,0.0,2338.0,,0.0,0.0,,,825.0,530.0,0.0,4330.0,,4622.0,2890.0,2509.0,2809.0,404.0,26.0,0.0,8.0,,1586.0,,350.0,3290.0,352.0,2350.0,,,,231.0,0.0,0.0,181.0,984.0,2301.0,342.0,1253.0,2520.0,746.0,,5461.0,198.0,,2082.0,5213.0,0.0,126.0,,0.0,0.0,20.0,8.0,21.0,0.0,534.0,4677.0,6418.0,6540.0,402.0,33.0,832.0,1397.0,12952.0,,0.0,78.0,0.0,0.0,,2246.0,,400.0,1220.0,,,903.0,171.0,89.0,0.0,,1021.0,61.0,,327.0,,10664.0,,283.0,211.0,4025.0,,0.0,,1072.0,7146.0,70.0,4373.0,,1736.0,3511.0,0.0,,,877.0,444.0,715.0,2481.0,0.0,0.0,24.0,0.0,,,76.0,0.0,,81.0,1738.0,2853.0,588.0,501.0,42252.0,0.0,0.0,128.0,0.0,1224.0,1036.0,,1254.0,465.0,2571.0,0.0,0.0,0.0,0.0,,1570.0,,538.0,1364.0,0.0,252.0,9.0,2453.0,0.0,,2660.0,0.0,38108.0,0.0,441.0,20.0,0.0,,296.0,1947.0,501.0,0.0,0.0,15079.0,,1785.0,31.0,0.0,0.0,,,0.0,669.0,34129.0,1005.0,1.0,0.0,,0.0,0.0,0.0
2010-21,,0.0,0.0,182.0,2763.0,,6545.0,2208.0,,0.0,,2766.0,,7115.0,,,0.0,0.0,2128.0,445.0,57.0,6016.0,2277.0,574.0,7952.0,0.0,,,,0.0,1417.0,47.0,1196.0,,0.0,,0.0,,1.0,3062.0,2977.0,,0.0,0.0,,,20.0,4.0,7388.0,1996.0,55.0,1194.0,,,,0.0,1852.0,8201.0,,2505.0,0.0,2558.0,2415.0,0.0,125.0,3674.0,,3405.0,,9.0,0.0,0.0,,306.0,0.0,,,0.0,0.0,8142.0,1720.0,,1759.0,2955.0,175.0,39.0,588.0,2395.0,2889.0,0.0,238.0,32.0,,,7184.0,,,58.0,0.0,2455.0,,0.0,0.0,,,857.0,685.0,0.0,4843.0,,4795.0,3056.0,2606.0,2608.0,352.0,27.0,0.0,4.0,,1674.0,,334.0,3274.0,311.0,2065.0,,,,236.0,0.0,0.0,160.0,1064.0,2294.0,286.0,1249.0,2746.0,846.0,,5739.0,191.0,,2128.0,5566.0,0.0,171.0,,0.0,0.0,24.0,10.0,27.0,0.0,586.0,4439.0,13360.0,6531.0,516.0,100.0,921.0,1328.0,13814.0,,0.0,69.0,0.0,0.0,,2172.0,,371.0,1217.0,,,905.0,234.0,99.0,0.0,,1141.0,80.0,,318.0,,11704.0,,240.0,233.0,4291.0,,0.0,,1129.0,7163.0,79.0,4837.0,,1853.0,3867.0,0.0,,,927.0,371.0,824.0,2459.0,0.0,0.0,27.0,0.0,,,64.0,0.0,,86.0,1675.0,2951.0,650.0,482.0,46428.0,0.0,0.0,95.0,0.0,1012.0,1111.0,,1210.0,466.0,2603.0,0.0,0.0,0.0,0.0,,1774.0,,877.0,1395.0,1.0,264.0,7.0,2748.0,0.0,,3019.0,0.0,42342.0,0.0,519.0,33.0,0.0,,266.0,2035.0,499.0,0.0,0.0,15885.0,,2062.0,34.0,0.0,0.0,,,0.0,655.0,41103.0,1109.0,3.0,0.0,,0.0,0.0,0.0
2010-22,,0.0,0.0,184.0,2452.0,,7085.0,2379.0,,0.0,,2432.0,,6763.0,,,0.0,0.0,2107.0,413.0,70.0,5994.0,2273.0,642.0,8649.0,1.0,,,,0.0,1407.0,49.0,1189.0,,0.0,,0.0,,0.0,3130.0,2898.0,,0.0,0.0,,,15.0,5.0,6991.0,1853.0,49.0,1291.0,,,,0.0,1950.0,7773.0,,2533.0,0.0,2563.0,2369.0,0.0,147.0,3615.0,,3768.0,,16.0,0.0,0.0,,286.0,0.0,,,0.0,0.0,8487.0,1860.0,,1744.0,2676.0,185.0,65.0,610.0,2573.0,2989.0,0.0,261.0,15.0,,,6651.0,,,70.0,0.0,2283.0,,0.0,0.0,,,958.0,767.0,0.0,4599.0,,4749.0,3074.0,2883.0,2599.0,325.0,38.0,0.0,9.0,,1794.0,,310.0,3409.0,306.0,2215.0,,,,226.0,0.0,0.0,209.0,1065.0,2366.0,332.0,1450.0,2533.0,895.0,,5769.0,200.0,6477.0,27934.0,5687.0,0.0,148.0,,0.0,0.0,29.0,6.0,32.0,0.0,590.0,4960.0,7089.0,6326.0,458.0,24.0,873.0,1698.0,13014.0,,0.0,64.0,0.0,0.0,,2255.0,,360.0,1196.0,,,813.0,262.0,124.0,0.0,,1099.0,93.0,,353.0,,12039.0,1456.0,234.0,219.0,3914.0,,0.0,,1004.0,7591.0,112.0,4425.0,,1687.0,3537.0,0.0,,,1014.0,373.0,878.0,2337.0,0.0,0.0,31.0,0.0,,,86.0,0.0,,110.0,1706.0,2995.0,585.0,518.0,45018.0,0.0,0.0,129.0,0.0,1070.0,1046.0,,1243.0,442.0,2727.0,0.0,0.0,0.0,0.0,,1923.0,,796.0,1407.0,0.0,302.0,7.0,2687.0,0.0,,2665.0,0.0,43230.0,0.0,503.0,25.0,0.0,,265.0,2385.0,709.0,0.0,0.0,17633.0,,2368.0,21.0,0.0,0.0,,,0.0,749.0,41316.0,1152.0,2.0,0.0,,0.0,0.0,0.0
2010-23,,0.0,0.0,150.0,1826.0,,5823.0,1681.0,,0.0,,1774.0,,4775.0,,,0.0,0.0,1671.0,342.0,50.0,5224.0,1757.0,445.0,5755.0,0.0,,,,0.0,1235.0,34.0,897.0,,0.0,,0.0,,0.0,2576.0,2359.0,,0.0,0.0,,,17.0,1.0,5191.0,1409.0,33.0,961.0,,,,0.0,1387.0,5934.0,,2149.0,0.0,1925.0,1620.0,0.0,111.0,2970.0,,2353.0,,5.0,0.0,0.0,,234.0,0.0,,,0.0,0.0,6218.0,1663.0,,1390.0,1999.0,90.0,35.0,483.0,2035.0,2101.0,0.0,267.0,11.0,,,5443.0,,5.0,51.0,0.0,1619.0,,0.0,0.0,,,739.0,527.0,0.0,3595.0,,3891.0,2327.0,1762.0,1915.0,242.0,14.0,0.0,10.0,,1216.0,,290.0,2656.0,244.0,1602.0,,,,157.0,0.0,0.0,149.0,861.0,1538.0,189.0,1159.0,2005.0,612.0,,4120.0,176.0,4855.0,1509.0,4373.0,0.0,194.0,,0.0,0.0,32.0,2.0,17.0,0.0,441.0,3134.0,5338.0,4932.0,374.0,17.0,711.0,1232.0,9583.0,,0.0,32.0,0.0,0.0,,1448.0,,297.0,706.0,,,593.0,201.0,73.0,0.0,,803.0,58.0,,233.0,,9168.0,1222.0,136.0,157.0,3254.0,,0.0,,906.0,5322.0,61.0,3093.0,,1267.0,3044.0,0.0,,,677.0,368.0,599.0,1714.0,0.0,0.0,24.0,0.0,,,42.0,0.0,6240.0,77.0,1329.0,2299.0,442.0,365.0,33849.0,0.0,0.0,92.0,0.0,739.0,706.0,,1162.0,331.0,2089.0,0.0,0.0,0.0,0.0,,1520.0,,438.0,1124.0,0.0,196.0,8.0,2065.0,0.0,,2193.0,0.0,36327.0,0.0,402.0,18.0,0.0,,184.0,1611.0,455.0,0.0,0.0,13810.0,,1573.0,21.0,0.0,0.0,,,0.0,554.0,27035.0,939.0,0.0,0.0,0.0,0.0,0.0,0.0
2010-24,,0.0,0.0,127.0,1476.0,,5314.0,1670.0,,0.0,,1915.0,,4902.0,,,0.0,0.0,1555.0,281.0,65.0,5097.0,1952.0,391.0,5100.0,0.0,,,,0.0,1069.0,32.0,853.0,,0.0,,0.0,,0.0,2330.0,1997.0,,0.0,0.0,,,16.0,3.0,5242.0,1189.0,56.0,897.0,,,,0.0,1388.0,4868.0,,1978.0,0.0,1929.0,1729.0,0.0,93.0,2882.0,,2245.0,,12.0,0.0,0.0,,199.0,0.0,,34523.0,0.0,0.0,6230.0,1650.0,,1300.0,1933.0,110.0,31.0,557.0,1648.0,2131.0,0.0,223.0,16.0,,,5073.0,,13.0,70.0,0.0,1379.0,,0.0,0.0,,,802.0,465.0,0.0,3573.0,,3896.0,2070.0,1535.0,1844.0,254.0,17.0,0.0,1.0,,1070.0,,269.0,2528.0,222.0,1642.0,,,,164.0,0.0,0.0,134.0,806.0,1598.0,206.0,1062.0,1816.0,592.0,,4172.0,127.0,4721.0,1500.0,4051.0,0.0,111.0,,0.0,0.0,21.0,1.0,13.0,0.0,424.0,3341.0,5714.0,4643.0,358.0,20.0,576.0,1049.0,9244.0,,0.0,44.0,0.0,0.0,,1597.0,,324.0,779.0,,,650.0,197.0,80.0,0.0,,715.0,63.0,,227.0,,8411.0,1005.0,148.0,170.0,2852.0,,0.0,,828.0,5553.0,80.0,3339.0,,1282.0,3048.0,0.0,,,682.0,239.0,694.0,1737.0,0.0,0.0,18.0,0.0,,,59.0,0.0,5578.0,67.0,1223.0,2450.0,405.0,412.0,42094.0,0.0,0.0,93.0,0.0,760.0,753.0,,864.0,291.0,1937.0,0.0,0.0,0.0,0.0,,1581.0,,643.0,1018.0,0.0,186.0,8.0,1893.0,0.0,,2310.0,0.0,39575.0,0.0,321.0,22.0,0.0,,205.0,1644.0,369.0,0.0,0.0,11160.0,,1478.0,19.0,0.0,0.0,,,0.0,510.0,26303.0,987.0,0.0,0.0,0.0,0.0,0.0,0.0
2010-25,,0.0,0.0,139.0,1766.0,,5535.0,1606.0,,0.0,,1941.0,,5250.0,,,0.0,0.0,1687.0,365.0,42.0,5135.0,1753.0,403.0,5029.0,0.0,,,,0.0,1250.0,45.0,909.0,,0.0,,0.0,,0.0,2588.0,2005.0,,0.0,0.0,,,20.0,7.0,5568.0,1107.0,45.0,1109.0,,,,0.0,1566.0,4787.0,,2202.0,0.0,2043.0,1946.0,0.0,98.0,2935.0,,2046.0,,17.0,0.0,0.0,,182.0,0.0,,29684.0,0.0,0.0,6233.0,2018.0,,1485.0,2071.0,115.0,35.0,622.0,1628.0,2144.0,0.0,231.0,23.0,,,5297.0,,13.0,54.0,0.0,1609.0,,0.0,0.0,,,737.0,451.0,0.0,3554.0,,3768.0,2150.0,1473.0,1835.0,236.0,17.0,0.0,8.0,,1238.0,,260.0,2697.0,234.0,1718.0,,,,172.0,0.0,0.0,128.0,875.0,1722.0,247.0,1014.0,2008.0,633.0,,4129.0,137.0,5195.0,1268.0,4676.0,0.0,149.0,,0.0,0.0,21.0,5.0,18.0,0.0,446.0,3368.0,6371.0,5071.0,383.0,15.0,679.0,1053.0,8681.0,,0.0,49.0,0.0,0.0,,1667.0,,308.0,868.0,,,643.0,160.0,92.0,0.0,,671.0,60.0,,227.0,,8664.0,886.0,155.0,162.0,2610.0,,0.0,,916.0,4790.0,71.0,2806.0,,1412.0,3116.0,0.0,,,760.0,267.0,732.0,1993.0,0.0,0.0,23.0,0.0,,,49.0,0.0,5807.0,65.0,1261.0,2252.0,530.0,346.0,38058.0,0.0,0.0,116.0,0.0,781.0,762.0,,928.0,294.0,1973.0,0.0,0.0,0.0,0.0,,1630.0,,1061.0,1143.0,0.0,237.0,15.0,2101.0,0.0,,2140.0,0.0,37306.0,0.0,405.0,25.0,0.0,,199.0,1592.0,354.0,0.0,0.0,11119.0,,1547.0,24.0,0.0,0.0,,,0.0,522.0,27214.0,1007.0,6.0,0.0,0.0,0.0,0.0,0.0
2010-26,,0.0,0.0,134.0,1645.0,,6155.0,1798.0,,0.0,,2229.0,,5461.0,,,0.0,0.0,1742.0,375.0,63.0,5519.0,1790.0,336.0,4950.0,0.0,,,,0.0,1255.0,45.0,896.0,,0.0,,0.0,,0.0,2827.0,2349.0,,0.0,0.0,,,15.0,1.0,6463.0,1069.0,59.0,1085.0,,,,0.0,1695.0,4608.0,,2414.0,0.0,2142.0,2019.0,0.0,82.0,2952.0,,2087.0,,11.0,0.0,0.0,,239.0,0.0,,21341.0,0.0,0.0,6167.0,2135.0,,1415.0,2225.0,113.0,44.0,654.0,2577.0,2233.0,0.0,313.0,15.0,,,6000.0,,12.0,75.0,0.0,1587.0,,0.0,0.0,,,819.0,375.0,0.0,3454.0,,4207.0,2341.0,1552.0,1763.0,267.0,20.0,0.0,1.0,,1165.0,,282.0,2837.0,248.0,1746.0,,,,144.0,0.0,0.0,153.0,1003.0,1733.0,213.0,1476.0,1896.0,653.0,,4177.0,164.0,5988.0,1453.0,4756.0,0.0,427.0,,0.0,0.0,36.0,10.0,18.0,0.0,461.0,3539.0,7400.0,5708.0,432.0,24.0,679.0,1071.0,8310.0,,0.0,50.0,0.0,0.0,,1622.0,,292.0,1537.0,,,667.0,204.0,104.0,0.0,,685.0,64.0,,255.0,,9347.0,1121.0,170.0,135.0,2679.0,,0.0,,1098.0,4984.0,60.0,3224.0,,1630.0,3123.0,0.0,,,762.0,324.0,864.0,2007.0,0.0,0.0,28.0,0.0,,,52.0,0.0,5952.0,107.0,1405.0,2411.0,559.0,362.0,31031.0,0.0,0.0,110.0,0.0,849.0,782.0,,1067.0,345.0,2102.0,0.0,0.0,0.0,0.0,,1461.0,0.0,1921.0,1135.0,2.0,264.0,7.0,2136.0,0.0,,1709.0,0.0,33411.0,0.0,366.0,27.0,0.0,,241.0,1655.0,370.0,0.0,0.0,12032.0,,1516.0,25.0,0.0,0.0,,,0.0,628.0,24931.0,1173.0,14.0,0.0,0.0,0.0,0.0,0.0
2010-27,,0.0,0.0,67.0,793.0,,2866.0,937.0,,0.0,,1102.0,,2436.0,,,0.0,0.0,726.0,149.0,27.0,2492.0,773.0,165.0,2329.0,0.0,,,,0.0,656.0,15.0,464.0,,0.0,,0.0,,0.0,1302.0,904.0,,0.0,0.0,,,15.0,1.0,3322.0,510.0,20.0,515.0,,,,0.0,873.0,1939.0,,1082.0,0.0,1088.0,863.0,0.0,27.0,1348.0,,1104.0,,5.0,0.0,0.0,,88.0,0.0,,10545.0,0.0,0.0,2956.0,1016.0,,716.0,836.0,60.0,9.0,292.0,1254.0,1145.0,0.0,149.0,15.0,,,2668.0,,6.0,26.0,0.0,761.0,,0.0,0.0,,,356.0,162.0,0.0,1568.0,,1955.0,1174.0,716.0,875.0,104.0,16.0,0.0,2.0,,523.0,,134.0,1399.0,105.0,889.0,,0.0,,63.0,0.0,0.0,86.0,400.0,811.0,118.0,901.0,868.0,266.0,,1934.0,88.0,2906.0,694.0,2079.0,0.0,196.0,,0.0,0.0,8.0,2.0,9.0,0.0,233.0,1727.0,3628.0,2499.0,254.0,14.0,453.0,521.0,4141.0,,0.0,21.0,0.0,0.0,,797.0,,128.0,435.0,,,308.0,109.0,72.0,0.0,,296.0,56.0,,137.0,,4621.0,551.0,82.0,58.0,1090.0,,0.0,,395.0,2748.0,26.0,1452.0,,770.0,1455.0,0.0,,,336.0,144.0,424.0,919.0,0.0,0.0,20.0,0.0,,,31.0,0.0,2538.0,45.0,714.0,1316.0,239.0,162.0,15056.0,0.0,0.0,37.0,0.0,430.0,419.0,,409.0,146.0,945.0,0.0,0.0,0.0,0.0,,771.0,0.0,279.0,539.0,0.0,148.0,4.0,969.0,0.0,,717.0,0.0,14068.0,0.0,187.0,9.0,0.0,1800.0,118.0,790.0,175.0,0.0,0.0,5073.0,,732.0,7.0,0.0,0.0,,,0.0,235.0,10809.0,538.0,0.0,0.0,0.0,0.0,0.0,0.0
2010-28,,0.0,0.0,108.0,1509.0,,5312.0,1596.0,,0.0,,2382.0,,5014.0,,,0.0,0.0,1513.0,284.0,66.0,4746.0,1600.0,310.0,4029.0,0.0,,,,0.0,1393.0,31.0,758.0,,0.0,,0.0,,0.0,3354.0,2057.0,,0.0,0.0,,,13.0,2.0,6330.0,938.0,49.0,801.0,,,,0.0,1662.0,3558.0,,2116.0,0.0,2068.0,1877.0,0.0,70.0,2694.0,,1881.0,,10.0,0.0,0.0,,254.0,0.0,,21592.0,0.0,0.0,5136.0,1946.0,,1381.0,1635.0,111.0,24.0,568.0,2270.0,1891.0,0.0,305.0,23.0,,,5527.0,,7.0,70.0,0.0,1397.0,,0.0,0.0,,,481.0,297.0,0.0,2703.0,,3618.0,2052.0,1211.0,1679.0,237.0,30.0,0.0,4.0,,915.0,,263.0,2770.0,168.0,1563.0,,0.0,,126.0,0.0,0.0,131.0,802.0,1661.0,204.0,1126.0,1757.0,453.0,,3626.0,154.0,5566.0,1302.0,4509.0,0.0,552.0,,0.0,0.0,22.0,1.0,19.0,0.0,468.0,3290.0,7630.0,4622.0,498.0,20.0,648.0,834.0,7246.0,,0.0,37.0,0.0,0.0,,1779.0,,250.0,780.0,,,642.0,245.0,120.0,0.0,,514.0,57.0,,310.0,,8126.0,1079.0,131.0,106.0,2034.0,,0.0,,874.0,4863.0,51.0,2862.0,,1604.0,2552.0,0.0,,,706.0,270.0,864.0,1530.0,0.0,0.0,43.0,0.0,,,62.0,0.0,4928.0,110.0,1363.0,2483.0,461.0,364.0,26891.0,0.0,0.0,91.0,0.0,937.0,748.0,,765.0,303.0,2009.0,0.0,0.0,0.0,0.0,,1529.0,0.0,420.0,1054.0,1.0,260.0,2.0,1811.0,0.0,,1316.0,0.0,24142.0,0.0,345.0,21.0,0.0,3386.0,201.0,1531.0,310.0,0.0,0.0,9440.0,,1173.0,15.0,0.0,0.0,,,0.0,519.0,21364.0,1071.0,1.0,0.0,0.0,0.0,0.0,0.0
2010-29,,0.0,0.0,135.0,1562.0,,5494.0,2161.0,,0.0,,2806.0,,5575.0,,,0.0,0.0,1783.0,422.0,59.0,5818.0,2073.0,377.0,4875.0,0.0,,,,0.0,1506.0,43.0,1013.0,,0.0,,0.0,,0.0,3203.0,2032.0,,0.0,0.0,,2379.0,25.0,1.0,8236.0,1025.0,50.0,947.0,,,,0.0,1993.0,3557.0,,2436.0,0.0,2333.0,2204.0,0.0,93.0,3346.0,,2175.0,,16.0,0.0,0.0,,275.0,0.0,,25370.0,0.0,0.0,5875.0,2250.0,,1665.0,2064.0,153.0,54.0,561.0,1997.0,2530.0,0.0,276.0,20.0,,,6578.0,,8.0,40.0,0.0,1686.0,,0.0,0.0,,,502.0,302.0,0.0,3017.0,,4141.0,2512.0,1478.0,1835.0,260.0,25.0,0.0,3.0,,1161.0,,397.0,3238.0,220.0,2009.0,,0.0,,148.0,0.0,0.0,156.0,1080.0,2199.0,240.0,1262.0,2290.0,628.0,,4997.0,160.0,6638.0,1469.0,5612.0,0.0,930.0,,0.0,0.0,21.0,3.0,13.0,0.0,577.0,3993.0,9499.0,5158.0,467.0,16.0,793.0,1034.0,8662.0,,0.0,54.0,0.0,0.0,,1955.0,,320.0,923.0,,,819.0,203.0,128.0,0.0,,738.0,71.0,,312.0,,8579.0,1225.0,284.0,311.0,2137.0,,0.0,,960.0,5007.0,70.0,3309.0,,1866.0,3074.0,0.0,,,802.0,232.0,883.0,1968.0,0.0,0.0,34.0,0.0,,,72.0,0.0,5204.0,182.0,1662.0,3056.0,514.0,396.0,34281.0,0.0,0.0,124.0,0.0,1142.0,889.0,,981.0,336.0,2391.0,0.0,0.0,0.0,0.0,,1581.0,0.0,620.0,1316.0,0.0,294.0,2.0,1700.0,0.0,,1172.0,0.0,31392.0,0.0,509.0,34.0,0.0,4230.0,266.0,1957.0,310.0,0.0,0.0,9635.0,,1589.0,13.0,0.0,0.0,,,0.0,534.0,25554.0,975.0,1.0,0.0,0.0,0.0,0.0,0.0
2010-30,,0.0,0.0,139.0,2329.0,,5957.0,2312.0,,0.0,,3713.0,,6989.0,,,0.0,0.0,2168.0,462.0,72.0,7186.0,2374.0,423.0,5043.0,0.0,,,,0.0,2078.0,62.0,1176.0,,0.0,,0.0,,0.0,3570.0,3147.0,,0.0,0.0,,2747.0,15.0,4.0,9137.0,1337.0,79.0,925.0,,,,0.0,2340.0,3957.0,,2487.0,0.0,2570.0,2840.0,0.0,93.0,3712.0,,2176.0,,16.0,0.0,0.0,,328.0,0.0,,28453.0,0.0,0.0,6648.0,2716.0,,2097.0,2209.0,218.0,76.0,563.0,2013.0,2516.0,0.0,316.0,29.0,,,7782.0,,17.0,63.0,0.0,1932.0,,0.0,0.0,,,477.0,355.0,0.0,3353.0,,4730.0,2938.0,1908.0,2136.0,287.0,26.0,0.0,4.0,,1465.0,,400.0,3939.0,297.0,2324.0,,0.0,,189.0,0.0,0.0,215.0,1141.0,2965.0,342.0,1668.0,2546.0,647.0,,5324.0,208.0,8068.0,1634.0,6764.0,0.0,253.0,,0.0,0.0,33.0,5.0,14.0,0.0,674.0,4769.0,10735.0,5643.0,663.0,22.0,844.0,1001.0,9459.0,,0.0,62.0,0.0,0.0,,2387.0,,332.0,1146.0,2.0,,1064.0,194.0,105.0,0.0,,734.0,55.0,,342.0,,9101.0,1274.0,234.0,419.0,2227.0,,0.0,,1215.0,6075.0,85.0,4260.0,,1935.0,3437.0,0.0,,,853.0,341.0,930.0,2372.0,0.0,0.0,36.0,0.0,,,81.0,0.0,5923.0,138.0,1840.0,3545.0,600.0,441.0,67163.0,0.0,0.0,150.0,0.0,1196.0,1082.0,,1344.0,356.0,2954.0,0.0,0.0,0.0,0.0,,1495.0,0.0,688.0,2339.0,1.0,358.0,12.0,2058.0,0.0,,1256.0,0.0,34712.0,0.0,585.0,40.0,0.0,4014.0,281.0,2283.0,394.0,0.0,0.0,10365.0,,1694.0,21.0,0.0,0.0,,,0.0,654.0,29789.0,1057.0,1.0,0.0,0.0,0.0,0.0,0.0
2010-31,,0.0,0.0,134.0,2327.0,,5702.0,2444.0,,0.0,,3391.0,,7021.0,,,0.0,0.0,2358.0,517.0,53.0,7480.0,2478.0,509.0,5573.0,0.0,,,,0.0,1697.0,54.0,1229.0,,0.0,,0.0,,0.0,4035.0,11136.0,,0.0,0.0,,2953.0,39.0,2.0,9240.0,1294.0,57.0,1182.0,,,,0.0,2359.0,4101.0,,2383.0,0.0,2452.0,2804.0,0.0,101.0,3682.0,,2696.0,,14.0,0.0,0.0,,293.0,0.0,,29092.0,0.0,0.0,6823.0,3005.0,,2192.0,1930.0,190.0,58.0,583.0,2030.0,2803.0,0.0,462.0,39.0,,,8605.0,,11.0,100.0,0.0,2080.0,,0.0,0.0,,,511.0,279.0,0.0,15769.0,,4935.0,3094.0,1896.0,2337.0,289.0,28.0,0.0,3.0,,1419.0,,387.0,3983.0,277.0,2224.0,,0.0,,185.0,0.0,0.0,232.0,1302.0,2988.0,365.0,1563.0,2897.0,750.0,,5611.0,210.0,8187.0,2069.0,6548.0,0.0,259.0,,0.0,0.0,31.0,8.0,19.0,0.0,745.0,4894.0,10920.0,7863.0,841.0,18.0,918.0,1175.0,11200.0,,0.0,77.0,0.0,0.0,,2545.0,,384.0,1053.0,0.0,,986.0,221.0,94.0,0.0,,851.0,60.0,,340.0,,9154.0,1414.0,241.0,439.0,2249.0,,0.0,,1065.0,12929.0,81.0,5221.0,,3326.0,3273.0,0.0,,,897.0,305.0,840.0,2490.0,0.0,0.0,25.0,0.0,,703.0,88.0,0.0,6188.0,108.0,1845.0,3626.0,687.0,456.0,46099.0,0.0,0.0,141.0,0.0,1400.0,1143.0,,1255.0,358.0,2946.0,0.0,0.0,0.0,0.0,,1505.0,0.0,653.0,2289.0,0.0,326.0,9.0,2020.0,0.0,,1234.0,0.0,39708.0,0.0,581.0,26.0,0.0,4140.0,245.0,2377.0,360.0,0.0,0.0,10628.0,,1805.0,12.0,0.0,0.0,,,0.0,686.0,33109.0,1032.0,2.0,0.0,0.0,0.0,0.0,0.0
2010-32,,0.0,0.0,137.0,2671.0,,6241.0,2508.0,,0.0,,3078.0,,8124.0,,,0.0,0.0,2489.0,601.0,91.0,7526.0,3034.0,520.0,7828.0,0.0,,,,0.0,1979.0,113.0,1221.0,,0.0,,0.0,,0.0,3472.0,13771.0,,0.0,0.0,,3009.0,22.0,4.0,9185.0,1390.0,54.0,1508.0,,,,0.0,2598.0,4600.0,,2522.0,0.0,2567.0,3037.0,0.0,132.0,4191.0,,3333.0,,14.0,0.0,0.0,46.0,304.0,0.0,,32405.0,0.0,0.0,7420.0,2819.0,,2334.0,2427.0,204.0,52.0,651.0,2215.0,2865.0,0.0,593.0,35.0,,,8579.0,,24.0,92.0,0.0,2114.0,,0.0,0.0,,,458.0,310.0,0.0,4036.0,,4910.0,3317.0,2453.0,2754.0,386.0,20.0,0.0,15.0,,1657.0,,425.0,4204.0,348.0,2404.0,,0.0,,206.0,0.0,0.0,222.0,1434.0,2996.0,390.0,1559.0,3246.0,966.0,,5997.0,224.0,8766.0,3160.0,6939.0,0.0,232.0,4949.0,0.0,0.0,30.0,7.0,29.0,0.0,708.0,9473.0,10682.0,7301.0,751.0,16.0,1162.0,1297.0,14377.0,,0.0,99.0,0.0,0.0,,2669.0,,423.0,1001.0,0.0,,1087.0,153.0,101.0,0.0,,1204.0,69.0,,324.0,,9774.0,2398.0,241.0,3167.0,2380.0,,0.0,,1168.0,9072.0,59.0,8509.0,,2096.0,3314.0,0.0,,,1074.0,307.0,884.0,2586.0,0.0,0.0,32.0,0.0,,741.0,154.0,0.0,7010.0,54.0,1906.0,3856.0,689.0,605.0,46754.0,0.0,0.0,140.0,0.0,1638.0,1127.0,,1385.0,425.0,3095.0,0.0,0.0,0.0,0.0,0.0,1414.0,0.0,646.0,2601.0,0.0,337.0,9.0,2139.0,0.0,,1511.0,0.0,62017.0,0.0,544.0,35.0,0.0,5540.0,322.0,2566.0,422.0,0.0,0.0,12561.0,,2435.0,27.0,0.0,0.0,,,0.0,706.0,36618.0,993.0,1.0,0.0,0.0,0.0,0.0,0.0
2010-33,,0.0,0.0,121.0,2979.0,,6331.0,3452.0,746.0,0.0,,3221.0,,8812.0,,,0.0,0.0,2465.0,591.0,86.0,7343.0,3368.0,624.0,10249.0,0.0,,,,0.0,1994.0,51.0,1313.0,,0.0,,0.0,,0.0,3965.0,8430.0,,0.0,0.0,,3309.0,32.0,3.0,13119.0,1517.0,59.0,2051.0,0.0,,,0.0,2249.0,5629.0,,2617.0,0.0,2661.0,2962.0,0.0,143.0,4511.0,,4460.0,,11.0,0.0,0.0,24.0,754.0,0.0,,33847.0,0.0,0.0,7931.0,2733.0,,2364.0,2606.0,225.0,57.0,706.0,2853.0,3875.0,0.0,606.0,29.0,,,9088.0,,5.0,70.0,0.0,2235.0,,0.0,0.0,,,556.0,349.0,0.0,4295.0,,4920.0,3768.0,2946.0,3134.0,319.0,28.0,0.0,12.0,,1973.0,,407.0,4045.0,333.0,2988.0,,0.0,,196.0,0.0,0.0,230.0,1348.0,3012.0,380.0,1891.0,3731.0,1119.0,,7456.0,207.0,8984.0,5332.0,6874.0,0.0,282.0,5478.0,0.0,0.0,26.0,4.0,27.0,0.0,769.0,5612.0,14488.0,8716.0,684.0,19.0,1301.0,1726.0,17629.0,,0.0,93.0,0.0,0.0,,2600.0,,398.0,1101.0,0.0,,1045.0,176.0,100.0,0.0,,2228.0,74.0,,309.0,,9864.0,1844.0,225.0,435.0,2859.0,,0.0,,1337.0,8707.0,73.0,10243.0,,2297.0,3440.0,0.0,,,1077.0,277.0,931.0,2602.0,0.0,0.0,30.0,0.0,,820.0,108.0,0.0,8413.0,66.0,1909.0,3796.0,764.0,542.0,48452.0,0.0,0.0,173.0,0.0,1417.0,1240.0,,1640.0,460.0,3162.0,0.0,0.0,0.0,0.0,0.0,1452.0,0.0,736.0,2319.0,0.0,378.0,6.0,2365.0,0.0,,1844.0,0.0,58857.0,0.0,642.0,34.0,0.0,7103.0,336.0,2755.0,398.0,0.0,0.0,13955.0,,2376.0,25.0,0.0,0.0,,,0.0,713.0,37751.0,1078.0,2.0,0.0,0.0,0.0,0.0,0.0
2010-34,,0.0,0.0,157.0,3704.0,,6314.0,3131.0,834.0,0.0,,3284.0,,9296.0,,,0.0,0.0,2690.0,493.0,55.0,8035.0,3582.0,683.0,11429.0,0.0,,,,0.0,2070.0,46.0,1475.0,,0.0,,0.0,,0.0,4079.0,4929.0,,0.0,0.0,,3571.0,55.0,3.0,10077.0,1536.0,48.0,3010.0,0.0,,,0.0,2364.0,5710.0,,2789.0,0.0,3196.0,2979.0,0.0,168.0,4831.0,,5244.0,,12.0,0.0,0.0,30.0,304.0,0.0,,72082.0,0.0,0.0,8597.0,2867.0,,2450.0,3438.0,241.0,74.0,588.0,2934.0,3531.0,0.0,734.0,26.0,,,9903.0,,15.0,73.0,0.0,2477.0,,0.0,0.0,,,580.0,377.0,0.0,4729.0,,5515.0,4075.0,3213.0,3527.0,330.0,26.0,0.0,12.0,,2247.0,,379.0,4266.0,379.0,2580.0,,0.0,,222.0,0.0,0.0,265.0,1409.0,3056.0,457.0,1795.0,3538.0,1299.0,0.0,7579.0,233.0,10417.0,5397.0,7909.0,0.0,264.0,5796.0,0.0,0.0,38.0,5.0,24.0,0.0,787.0,5596.0,11423.0,9615.0,657.0,22.0,1441.0,2152.0,33979.0,,0.0,106.0,0.0,0.0,,2892.0,,456.0,1188.0,0.0,,1077.0,156.0,117.0,0.0,,2167.0,69.0,,355.0,,10805.0,1780.0,231.0,460.0,2826.0,,0.0,,1253.0,9578.0,86.0,11858.0,,2466.0,3583.0,0.0,,,1239.0,326.0,862.0,2959.0,0.0,0.0,27.0,0.0,,821.0,84.0,0.0,9592.0,97.0,2091.0,3569.0,887.0,598.0,65411.0,0.0,0.0,175.0,0.0,1351.0,1340.0,,1543.0,433.0,3597.0,0.0,0.0,0.0,0.0,0.0,1534.0,0.0,656.0,2006.0,0.0,366.0,5.0,2493.0,0.0,,2343.0,0.0,67563.0,0.0,653.0,33.0,0.0,7655.0,456.0,3011.0,390.0,0.0,0.0,15925.0,,2458.0,27.0,0.0,0.0,,,0.0,655.0,40508.0,1133.0,0.0,0.0,0.0,0.0,0.0,0.0
2010-35,,0.0,0.0,169.0,3950.0,,6220.0,2965.0,790.0,0.0,,3182.0,,9019.0,,,0.0,0.0,2531.0,551.0,81.0,7786.0,3393.0,756.0,12800.0,0.0,,,,0.0,2096.0,81.0,1537.0,,0.0,,0.0,,0.0,4564.0,5820.0,,0.0,0.0,,3516.0,63.0,7.0,8736.0,1681.0,54.0,4131.0,0.0,,,0.0,2285.0,6666.0,,2768.0,0.0,3630.0,3183.0,0.0,177.0,5052.0,,6778.0,,14.0,0.0,0.0,28.0,335.0,0.0,,31728.0,0.0,0.0,9238.0,2610.0,9162.0,2384.0,4636.0,243.0,77.0,688.0,3172.0,3626.0,0.0,1483.0,18.0,,,8853.0,,16.0,109.0,0.0,2484.0,,0.0,0.0,,,704.0,448.0,0.0,4775.0,,5113.0,4161.0,3255.0,4447.0,364.0,28.0,0.0,8.0,,2389.0,,422.0,4021.0,366.0,2749.0,,0.0,,207.0,0.0,0.0,235.0,1359.0,3138.0,359.0,1790.0,3846.0,1202.0,0.0,7651.0,244.0,9725.0,7093.0,7816.0,0.0,240.0,6088.0,0.0,0.0,44.0,14.0,22.0,0.0,690.0,5510.0,9727.0,10527.0,564.0,17.0,1549.0,2094.0,24052.0,,0.0,103.0,0.0,0.0,,2671.0,,567.0,1262.0,0.0,,992.0,201.0,114.0,0.0,,3867.0,83.0,,360.0,,11497.0,1653.0,277.0,576.0,2836.0,,0.0,,1233.0,8898.0,90.0,12105.0,5138.0,2416.0,3822.0,0.0,,,1217.0,297.0,903.0,3134.0,0.0,0.0,31.0,0.0,,758.0,99.0,0.0,10812.0,82.0,2111.0,3541.0,744.0,649.0,49109.0,0.0,0.0,156.0,0.0,1322.0,1246.0,,1516.0,421.0,3433.0,0.0,0.0,0.0,0.0,0.0,1679.0,0.0,721.0,2762.0,1.0,340.0,7.0,2502.0,0.0,,3036.0,0.0,72197.0,0.0,583.0,35.0,0.0,8052.0,410.0,2780.0,473.0,0.0,0.0,17867.0,,2569.0,27.0,0.0,0.0,,,0.0,791.0,49808.0,1223.0,1.0,0.0,0.0,0.0,0.0,0.0
2010-36,,0.0,0.0,158.0,4787.0,,6594.0,3130.0,849.0,0.0,,3036.0,,10011.0,,,0.0,0.0,2828.0,547.0,100.0,8816.0,3539.0,702.0,12808.0,0.0,,,,0.0,2050.0,63.0,1644.0,,0.0,,0.0,,0.0,4680.0,4606.0,,0.0,0.0,,3669.0,85.0,5.0,8643.0,1816.0,49.0,7479.0,0.0,,,0.0,2558.0,7276.0,,3036.0,0.0,3905.0,3260.0,0.0,200.0,5405.0,,6648.0,,17.0,0.0,0.0,38.0,395.0,0.0,,34183.0,0.0,0.0,10207.0,2910.0,7626.0,2480.0,3983.0,268.0,75.0,770.0,3261.0,3979.0,0.0,2398.0,26.0,,,8843.0,,12.0,85.0,0.0,2923.0,,0.0,0.0,,,752.0,613.0,0.0,5623.0,,5614.0,4204.0,3409.0,5539.0,360.0,44.0,0.0,10.0,,2235.0,,474.0,4158.0,388.0,2958.0,,0.0,,272.0,0.0,0.0,239.0,1464.0,3493.0,423.0,1761.0,3925.0,1303.0,0.0,8496.0,245.0,10521.0,5328.0,8631.0,0.0,235.0,5634.0,0.0,0.0,37.0,9.0,29.0,0.0,700.0,5666.0,11348.0,10522.0,648.0,19.0,1359.0,2167.0,22150.0,,0.0,93.0,0.0,0.0,,2864.0,,576.0,1587.0,0.0,,1115.0,210.0,120.0,0.0,,3889.0,96.0,451.0,370.0,,12076.0,1643.0,245.0,489.0,3192.0,,0.0,,1336.0,11326.0,105.0,13205.0,5294.0,2621.0,4500.0,0.0,,,1290.0,333.0,998.0,3517.0,0.0,0.0,25.0,0.0,,764.0,107.0,0.0,11260.0,97.0,2299.0,3581.0,857.0,593.0,51263.0,0.0,0.0,174.0,0.0,1278.0,1459.0,,1581.0,502.0,3592.0,0.0,0.0,0.0,0.0,0.0,1731.0,0.0,788.0,2868.0,1.0,335.0,7.0,2702.0,0.0,,3064.0,0.0,59884.0,0.0,680.0,48.0,0.0,8780.0,394.0,2976.0,497.0,0.0,0.0,18492.0,,2769.0,19.0,0.0,0.0,,109.0,0.0,778.0,51719.0,1252.0,2.0,0.0,0.0,0.0,0.0,0.0
2010-37,,0.0,0.0,182.0,5655.0,,6809.0,3277.0,954.0,0.0,,3697.0,,10071.0,1766.0,,0.0,0.0,2963.0,575.0,104.0,9277.0,3299.0,808.0,14079.0,0.0,,,,0.0,2188.0,68.0,1807.0,,0.0,,0.0,,0.0,4808.0,4649.0,,0.0,0.0,,3914.0,63.0,0.0,8727.0,1950.0,56.0,5542.0,0.0,,,0.0,2567.0,8464.0,,3212.0,0.0,4246.0,3195.0,0.0,236.0,5803.0,,7852.0,,13.0,0.0,0.0,48.0,439.0,0.0,,43653.0,0.0,0.0,10844.0,2880.0,6533.0,2704.0,4057.0,223.0,83.0,830.0,3761.0,3860.0,0.0,5440.0,71.0,,,9172.0,,13.0,109.0,0.0,3387.0,,0.0,0.0,,,920.0,659.0,0.0,5989.0,,6125.0,4323.0,3723.0,6882.0,400.0,52.0,0.0,6.0,,2535.0,,471.0,4585.0,478.0,2940.0,,0.0,,216.0,0.0,0.0,250.0,1618.0,3504.0,405.0,1794.0,4083.0,1350.0,0.0,8543.0,237.0,10954.0,5453.0,8899.0,0.0,236.0,6746.0,0.0,0.0,36.0,8.0,24.0,0.0,736.0,6299.0,11338.0,11864.0,709.0,29.0,1647.0,2635.0,23142.0,,0.0,109.0,0.0,0.0,,3382.0,,532.0,1558.0,0.0,,1114.0,211.0,155.0,0.0,23206.0,2642.0,79.0,440.0,391.0,,13511.0,1862.0,300.0,513.0,2934.0,,0.0,,1561.0,18025.0,133.0,15283.0,5964.0,2889.0,4827.0,0.0,,34.0,1284.0,365.0,1063.0,3723.0,0.0,0.0,56.0,0.0,,871.0,124.0,0.0,12148.0,111.0,2222.0,3811.0,934.0,647.0,55932.0,0.0,0.0,163.0,0.0,1630.0,1429.0,,1491.0,552.0,3761.0,0.0,0.0,0.0,0.0,0.0,1927.0,0.0,870.0,2712.0,1.0,350.0,11.0,3216.0,0.0,,3150.0,0.0,75222.0,0.0,669.0,34.0,0.0,9303.0,466.0,3273.0,540.0,0.0,0.0,20805.0,495.0,2720.0,35.0,0.0,0.0,17.0,131.0,0.0,850.0,48791.0,1297.0,0.0,0.0,0.0,0.0,0.0,0.0
2010-38,,0.0,0.0,208.0,6202.0,,6856.0,3374.0,928.0,0.0,,3412.0,,10632.0,1717.0,,0.0,0.0,3163.0,625.0,137.0,9872.0,3114.0,896.0,14555.0,0.0,,,,0.0,2140.0,58.0,2064.0,,0.0,,0.0,,0.0,4660.0,28291.0,,0.0,0.0,,4309.0,65.0,7.0,8752.0,2124.0,61.0,6244.0,0.0,,,0.0,2691.0,9534.0,,3313.0,0.0,4468.0,3294.0,0.0,195.0,6104.0,,9073.0,,12.0,0.0,0.0,43.0,397.0,0.0,,40823.0,0.0,0.0,11390.0,3090.0,5816.0,2762.0,4331.0,239.0,76.0,954.0,3866.0,3595.0,0.0,6446.0,39.0,,,9841.0,,15.0,101.0,0.0,3810.0,,0.0,0.0,,,877.0,681.0,0.0,6165.0,,6484.0,4412.0,3814.0,6963.0,560.0,63.0,0.0,7.0,,2610.0,,460.0,4751.0,462.0,2967.0,,0.0,,265.0,0.0,0.0,229.0,1815.0,3444.0,434.0,2339.0,3895.0,1364.0,0.0,8139.0,254.0,11590.0,5011.0,8793.0,0.0,253.0,7199.0,0.0,0.0,28.0,5.0,23.0,0.0,803.0,6245.0,13852.0,11480.0,954.0,28.0,1587.0,2835.0,22447.0,,0.0,117.0,0.0,0.0,,3183.0,,575.0,1605.0,0.0,,1189.0,235.0,212.0,0.0,22692.0,2551.0,99.0,429.0,405.0,,14853.0,2071.0,319.0,584.0,3431.0,,0.0,,1497.0,17418.0,107.0,16768.0,7201.0,3125.0,5486.0,0.0,18203.0,39.0,1352.0,506.0,1073.0,4031.0,0.0,0.0,39.0,0.0,,826.0,122.0,0.0,12086.0,111.0,2310.0,3939.0,835.0,716.0,57576.0,0.0,0.0,166.0,0.0,1622.0,1489.0,,3079.0,621.0,3707.0,0.0,0.0,0.0,0.0,0.0,1821.0,0.0,781.0,2883.0,1.0,393.0,9.0,3235.0,0.0,,3448.0,0.0,67730.0,0.0,676.0,35.0,0.0,10079.0,369.0,3452.0,670.0,0.0,0.0,21193.0,458.0,2696.0,24.0,0.0,0.0,20.0,97.0,0.0,937.0,47362.0,1211.0,2.0,0.0,0.0,0.0,0.0,0.0
2010-39,,0.0,0.0,183.0,6056.0,,6732.0,3296.0,978.0,0.0,,3101.0,,10121.0,1818.0,0.0,0.0,0.0,2983.0,550.0,119.0,8943.0,3232.0,877.0,13745.0,0.0,,,,0.0,2115.0,71.0,2068.0,,0.0,,0.0,,0.0,5164.0,7074.0,,0.0,0.0,,4075.0,81.0,9.0,8759.0,2067.0,114.0,5116.0,0.0,,,0.0,2549.0,9785.0,,3282.0,0.0,4350.0,3353.0,0.0,210.0,6062.0,,7755.0,,23.0,0.0,0.0,46.0,381.0,0.0,,39530.0,0.0,0.0,11154.0,3002.0,5496.0,5039.0,3979.0,288.0,96.0,890.0,3661.0,3690.0,0.0,6477.0,30.0,,,9515.0,,11.0,97.0,0.0,3682.0,,0.0,0.0,,,1003.0,755.0,0.0,6389.0,,6632.0,4429.0,3380.0,7014.0,419.0,88.0,0.0,14.0,,2492.0,,481.0,4313.0,424.0,2843.0,,0.0,,227.0,0.0,0.0,234.0,1589.0,3347.0,420.0,2283.0,4243.0,1647.0,0.0,7824.0,228.0,10931.0,4159.0,8700.0,0.0,251.0,7018.0,0.0,0.0,40.0,9.0,13.0,0.0,763.0,5877.0,14074.0,11192.0,732.0,17.0,1438.0,2771.0,20654.0,,0.0,122.0,0.0,0.0,,3539.0,,523.0,1478.0,1.0,,1118.0,271.0,185.0,0.0,20230.0,2526.0,116.0,402.0,384.0,,13932.0,1753.0,331.0,555.0,3956.0,,0.0,,1483.0,13021.0,109.0,12750.0,7822.0,3218.0,5390.0,0.0,17568.0,32.0,1350.0,502.0,1151.0,3899.0,0.0,0.0,45.0,0.0,,811.0,117.0,0.0,11716.0,123.0,2191.0,3815.0,775.0,628.0,53292.0,0.0,0.0,168.0,0.0,1417.0,1347.0,,2097.0,651.0,3962.0,0.0,0.0,0.0,0.0,0.0,1892.0,0.0,762.0,2905.0,0.0,355.0,13.0,3382.0,0.0,,3657.0,0.0,62606.0,0.0,638.0,30.0,0.0,9540.0,360.0,3407.0,573.0,0.0,0.0,20284.0,468.0,2334.0,31.0,0.0,0.0,28.0,132.0,0.0,988.0,49012.0,1260.0,2.0,0.0,0.0,0.0,0.0,0.0
2010-40,1350.0,0.0,0.0,167.0,6036.0,,6633.0,3278.0,761.0,0.0,,3196.0,,9827.0,1642.0,0.0,0.0,0.0,2658.0,634.0,98.0,8784.0,3370.0,746.0,12641.0,0.0,,,,0.0,2175.0,62.0,2273.0,,0.0,,0.0,,0.0,4970.0,4216.0,,0.0,0.0,,4042.0,76.0,6.0,8899.0,1905.0,62.0,3757.0,0.0,,,0.0,2453.0,9161.0,,3061.0,0.0,4432.0,3365.0,0.0,171.0,5472.0,,6560.0,,14.0,0.0,0.0,67.0,362.0,0.0,,34329.0,0.0,0.0,10963.0,2864.0,2908.0,2804.0,3457.0,322.0,76.0,831.0,3360.0,3445.0,0.0,7260.0,19.0,,,9008.0,,13.0,91.0,0.0,4092.0,,0.0,0.0,,,861.0,644.0,0.0,5612.0,,6608.0,4191.0,3118.0,6498.0,470.0,53.0,0.0,4.0,,2393.0,,502.0,4886.0,514.0,2602.0,,0.0,,247.0,0.0,0.0,235.0,1649.0,3438.0,393.0,2060.0,4061.0,1145.0,0.0,7848.0,227.0,11148.0,3370.0,8143.0,0.0,234.0,6364.0,0.0,0.0,33.0,9.0,27.0,0.0,744.0,5683.0,12366.0,10077.0,675.0,21.0,1451.0,2494.0,21471.0,,0.0,100.0,0.0,0.0,,3500.0,,517.0,1548.0,0.0,,1072.0,176.0,145.0,0.0,20266.0,1797.0,79.0,432.0,429.0,,15653.0,1790.0,344.0,523.0,3735.0,,0.0,,1671.0,12819.0,111.0,11109.0,5745.0,3028.0,5072.0,0.0,14764.0,47.0,1294.0,362.0,924.0,3812.0,0.0,0.0,42.0,0.0,,768.0,91.0,0.0,10801.0,92.0,2154.0,3777.0,794.0,672.0,49968.0,0.0,0.0,142.0,0.0,1408.0,1305.0,,1367.0,550.0,3754.0,0.0,0.0,0.0,0.0,0.0,1899.0,0.0,762.0,2707.0,0.0,360.0,11.0,2900.0,0.0,,2934.0,0.0,56735.0,0.0,713.0,33.0,0.0,8365.0,356.0,3340.0,643.0,0.0,0.0,17801.0,567.0,2387.0,43.0,0.0,0.0,15.0,127.0,0.0,904.0,42807.0,1270.0,1.0,0.0,0.0,0.0,0.0,0.0
2010-41,1394.0,0.0,0.0,224.0,5858.0,,6590.0,3250.0,734.0,0.0,,3124.0,,9372.0,1459.0,0.0,0.0,0.0,2526.0,606.0,117.0,9263.0,2589.0,740.0,10719.0,0.0,,,,0.0,2077.0,69.0,2313.0,5438.0,0.0,,0.0,,0.0,4867.0,3607.0,,0.0,0.0,,3917.0,34.0,7.0,8382.0,1685.0,53.0,2836.0,0.0,,,0.0,2327.0,8172.0,,3261.0,0.0,4787.0,3248.0,0.0,164.0,5086.0,,5064.0,,18.0,0.0,0.0,52.0,386.0,0.0,,28857.0,0.0,0.0,9958.0,2795.0,1974.0,2463.0,3106.0,244.0,95.0,735.0,2978.0,3382.0,0.0,6765.0,24.0,,,8770.0,,15.0,97.0,0.0,3969.0,,0.0,0.0,,,981.0,560.0,0.0,5318.0,,5863.0,3950.0,2777.0,6141.0,391.0,40.0,0.0,2.0,,2004.0,,478.0,4408.0,397.0,2654.0,,0.0,,196.0,0.0,0.0,249.0,1630.0,3168.0,366.0,1914.0,4255.0,1120.0,0.0,6820.0,265.0,11837.0,2532.0,7527.0,0.0,281.0,6222.0,0.0,0.0,35.0,8.0,30.0,0.0,718.0,5669.0,11502.0,9661.0,714.0,35.0,1521.0,2037.0,16697.0,,0.0,116.0,0.0,0.0,,3443.0,,511.0,1512.0,0.0,,1111.0,218.0,115.0,0.0,18933.0,1379.0,61.0,481.0,379.0,,12797.0,1682.0,304.0,479.0,2875.0,,0.0,,1856.0,11885.0,144.0,8001.0,4601.0,2936.0,4406.0,0.0,13953.0,45.0,1158.0,490.0,967.0,3767.0,0.0,0.0,45.0,0.0,,732.0,121.0,0.0,9783.0,116.0,2103.0,3717.0,804.0,672.0,51403.0,0.0,0.0,188.0,0.0,1442.0,1237.0,,1498.0,627.0,3611.0,0.0,0.0,0.0,0.0,0.0,1796.0,0.0,711.0,2054.0,0.0,325.0,9.0,2626.0,0.0,,2362.0,0.0,52379.0,0.0,661.0,34.0,0.0,7315.0,361.0,3110.0,584.0,0.0,0.0,15983.0,537.0,2176.0,28.0,0.0,0.0,9.0,112.0,0.0,947.0,37239.0,1293.0,1.0,0.0,0.0,0.0,0.0,0.0
2010-42,1613.0,0.0,0.0,253.0,5777.0,,6509.0,3550.0,837.0,0.0,,3755.0,1378.0,9781.0,1844.0,0.0,0.0,0.0,2738.0,671.0,119.0,9087.0,2730.0,763.0,11886.0,0.0,,,9220.0,0.0,2043.0,70.0,2245.0,5454.0,0.0,,0.0,,0.0,5774.0,45218.0,,0.0,0.0,,4308.0,40.0,7.0,9130.0,1692.0,80.0,3378.0,0.0,,,0.0,2617.0,9904.0,,3716.0,0.0,5814.0,3755.0,0.0,151.0,5786.0,,7299.0,,18.0,0.0,0.0,49.0,417.0,0.0,,33522.0,0.0,0.0,12512.0,3084.0,2526.0,2928.0,4362.0,199.0,99.0,1119.0,3599.0,4254.0,0.0,7280.0,27.0,,,8793.0,7148.0,18.0,113.0,0.0,4102.0,,0.0,0.0,0.0,,1011.0,616.0,0.0,5864.0,,6231.0,4225.0,3238.0,6721.0,520.0,50.0,0.0,7.0,,2347.0,,518.0,4886.0,409.0,2722.0,,0.0,,234.0,0.0,0.0,209.0,1849.0,3321.0,364.0,1956.0,4284.0,1321.0,0.0,7830.0,262.0,10878.0,2992.0,8169.0,0.0,308.0,6653.0,0.0,0.0,43.0,8.0,21.0,0.0,804.0,6350.0,12596.0,11415.0,1342.0,26.0,1618.0,2325.0,18738.0,,0.0,91.0,0.0,0.0,,3333.0,,604.0,1630.0,0.0,,1130.0,238.0,120.0,0.0,18778.0,1754.0,126.0,510.0,430.0,,14455.0,2156.0,305.0,537.0,3422.0,,0.0,0.0,1837.0,13068.0,103.0,7955.0,4741.0,3097.0,4982.0,0.0,16326.0,53.0,1360.0,556.0,983.0,3658.0,0.0,0.0,38.0,0.0,,834.0,158.0,0.0,11275.0,213.0,2327.0,4012.0,856.0,689.0,53045.0,0.0,0.0,156.0,0.0,2429.0,1536.0,,1513.0,663.0,3824.0,0.0,0.0,0.0,0.0,0.0,2024.0,0.0,922.0,2211.0,0.0,374.0,6.0,2916.0,0.0,,3110.0,0.0,56368.0,0.0,692.0,28.0,0.0,7963.0,463.0,3073.0,592.0,0.0,0.0,19113.0,599.0,2446.0,27.0,0.0,0.0,24.0,138.0,0.0,878.0,41643.0,1474.0,3.0,0.0,0.0,0.0,0.0,0.0
2010-43,1704.0,0.0,0.0,257.0,5367.0,,7038.0,3727.0,790.0,0.0,,3747.0,1349.0,10269.0,2036.0,0.0,0.0,0.0,2945.0,645.0,109.0,9545.0,2664.0,1025.0,14382.0,0.0,,,10796.0,0.0,2355.0,78.0,2471.0,5732.0,0.0,,0.0,,0.0,5656.0,43874.0,,0.0,0.0,,4307.0,53.0,4.0,8980.0,1761.0,50.0,3511.0,0.0,,,0.0,2583.0,12396.0,,3687.0,0.0,5576.0,3753.0,0.0,212.0,6282.0,,8469.0,,16.0,0.0,0.0,39.0,459.0,0.0,,33376.0,0.0,0.0,12841.0,3216.0,2867.0,2621.0,4890.0,198.0,94.0,1004.0,4263.0,4046.0,0.0,5573.0,38.0,,,12490.0,8210.0,18.0,92.0,0.0,3754.0,,0.0,0.0,0.0,,1203.0,847.0,0.0,6537.0,,6611.0,4669.0,3752.0,6747.0,488.0,46.0,0.0,3.0,,2901.0,,536.0,4703.0,402.0,2700.0,,0.0,,246.0,0.0,0.0,242.0,1748.0,3279.0,433.0,1927.0,4252.0,1409.0,0.0,8007.0,287.0,11214.0,3581.0,9013.0,0.0,255.0,7313.0,0.0,0.0,38.0,10.0,21.0,0.0,792.0,6376.0,10775.0,12231.0,1475.0,31.0,1614.0,2657.0,21521.0,,0.0,142.0,0.0,0.0,7773.0,3216.0,,611.0,1428.0,0.0,524.0,1088.0,246.0,120.0,0.0,19774.0,2042.0,102.0,503.0,462.0,,16028.0,1927.0,293.0,525.0,4145.0,,0.0,0.0,1842.0,15138.0,106.0,9548.0,5449.0,3249.0,6011.0,0.0,19323.0,57.0,1290.0,565.0,1094.0,3563.0,0.0,0.0,40.0,0.0,,834.0,101.0,0.0,13379.0,160.0,2268.0,4216.0,837.0,710.0,52074.0,0.0,0.0,151.0,0.0,1652.0,1545.0,13138.0,1528.0,629.0,3910.0,0.0,0.0,0.0,0.0,0.0,2213.0,0.0,787.0,2539.0,1.0,430.0,16.0,3664.0,0.0,,3902.0,0.0,62764.0,0.0,717.0,35.0,0.0,10327.0,418.0,3338.0,648.0,0.0,0.0,21066.0,686.0,2707.0,34.0,0.0,0.0,38.0,90.0,0.0,1437.0,46848.0,1486.0,3.0,0.0,0.0,0.0,0.0,0.0
2010-44,1664.0,0.0,0.0,253.0,5416.0,,7247.0,3587.0,1151.0,0.0,,4196.0,1410.0,10230.0,2410.0,0.0,0.0,0.0,3092.0,700.0,105.0,9490.0,2830.0,1079.0,14428.0,0.0,,,11555.0,0.0,2317.0,112.0,2545.0,5061.0,0.0,,0.0,,0.0,5783.0,11293.0,,0.0,0.0,,4508.0,45.0,9.0,9622.0,1865.0,97.0,3929.0,0.0,,,0.0,2481.0,13185.0,,4046.0,0.0,5464.0,3848.0,0.0,198.0,6728.0,,8266.0,,13.0,0.0,0.0,52.0,467.0,0.0,,34426.0,0.0,0.0,13290.0,3160.0,2750.0,2673.0,4593.0,238.0,110.0,1239.0,4170.0,4267.0,0.0,5078.0,30.0,,,9324.0,7421.0,21.0,163.0,0.0,3938.0,,0.0,0.0,0.0,,1203.0,838.0,0.0,6983.0,,6589.0,4786.0,3772.0,6807.0,551.0,58.0,0.0,2.0,,2633.0,,511.0,4902.0,376.0,2786.0,,0.0,,300.0,0.0,0.0,253.0,1833.0,3334.0,331.0,2016.0,4502.0,1436.0,0.0,8251.0,258.0,11939.0,3677.0,9170.0,0.0,258.0,7893.0,0.0,0.0,35.0,13.0,25.0,0.0,793.0,6539.0,11296.0,11558.0,855.0,27.0,1490.0,2627.0,23050.0,,0.0,129.0,0.0,0.0,7891.0,3863.0,,670.0,1441.0,40.0,588.0,1229.0,225.0,116.0,0.0,21962.0,2261.0,115.0,459.0,422.0,,17534.0,2147.0,273.0,597.0,4603.0,,0.0,0.0,1968.0,13115.0,157.0,8183.0,5719.0,2947.0,6845.0,0.0,20697.0,59.0,1557.0,876.0,1087.0,3568.0,0.0,0.0,32.0,0.0,,829.0,140.0,0.0,14141.0,192.0,2529.0,4769.0,981.0,507.0,52851.0,0.0,0.0,187.0,0.0,1695.0,1583.0,12598.0,1589.0,688.0,3981.0,0.0,0.0,0.0,0.0,0.0,2417.0,0.0,843.0,3226.0,0.0,436.0,15.0,3399.0,0.0,,4728.0,0.0,75080.0,0.0,722.0,35.0,0.0,10078.0,402.0,3546.0,625.0,0.0,0.0,22114.0,609.0,2734.0,27.0,0.0,0.0,28.0,131.0,0.0,990.0,50870.0,1683.0,4.0,0.0,0.0,0.0,0.0,0.0
2010-45,1737.0,0.0,0.0,333.0,5379.0,,7595.0,3688.0,775.0,0.0,,4185.0,1412.0,11038.0,2424.0,0.0,0.0,0.0,3243.0,702.0,114.0,9511.0,2892.0,1106.0,14928.0,0.0,64143.0,,11756.0,0.0,2615.0,91.0,2643.0,5215.0,0.0,,0.0,,0.0,6472.0,32164.0,,0.0,0.0,,4708.0,92.0,5.0,9377.0,1930.0,60.0,4144.0,0.0,,,0.0,2860.0,13661.0,,3973.0,0.0,5190.0,3999.0,0.0,179.0,6979.0,32508.0,8525.0,,13.0,0.0,0.0,37.0,427.0,0.0,,37710.0,0.0,0.0,25058.0,3140.0,2906.0,3001.0,4685.0,235.0,94.0,1082.0,4180.0,3795.0,0.0,4516.0,40.0,,,9764.0,7850.0,16.0,144.0,0.0,3739.0,,0.0,0.0,1.0,,1380.0,957.0,0.0,7420.0,,6855.0,4673.0,4167.0,6972.0,555.0,39.0,0.0,11.0,,2652.0,,530.0,4739.0,388.0,2887.0,,0.0,,228.0,0.0,0.0,283.0,1898.0,3457.0,434.0,2256.0,4567.0,1539.0,0.0,8452.0,319.0,12599.0,3357.0,9217.0,0.0,270.0,8646.0,0.0,0.0,45.0,11.0,27.0,0.0,810.0,6773.0,11391.0,11861.0,1320.0,27.0,1472.0,2578.0,25011.0,,0.0,105.0,0.0,0.0,8690.0,3344.0,,665.0,1532.0,10.0,523.0,1160.0,247.0,246.0,0.0,21295.0,2120.0,114.0,435.0,438.0,,18133.0,2207.0,270.0,702.0,4214.0,,0.0,0.0,1950.0,13603.0,108.0,8271.0,6052.0,3143.0,7186.0,0.0,21216.0,41.0,1521.0,915.0,1192.0,3528.0,0.0,0.0,32.0,0.0,,787.0,119.0,0.0,20349.0,173.0,2323.0,4769.0,921.0,433.0,53641.0,0.0,0.0,198.0,0.0,1821.0,1646.0,13738.0,1538.0,627.0,4205.0,0.0,0.0,0.0,0.0,0.0,2424.0,0.0,818.0,3309.0,0.0,429.0,16.0,3734.0,0.0,,4363.0,0.0,64248.0,0.0,769.0,38.0,0.0,10321.0,416.0,3457.0,676.0,0.0,0.0,23189.0,617.0,2898.0,31.0,0.0,0.0,40.0,150.0,0.0,994.0,59137.0,1739.0,3.0,0.0,0.0,0.0,0.0,0.0
2010-46,1579.0,0.0,0.0,322.0,5253.0,,7219.0,3381.0,765.0,0.0,,3978.0,1398.0,10763.0,2289.0,0.0,0.0,0.0,3156.0,609.0,98.0,9223.0,2892.0,1046.0,14135.0,0.0,60687.0,,11689.0,0.0,2509.0,59.0,2498.0,4991.0,0.0,,0.0,,0.0,6761.0,66263.0,,0.0,0.0,,4457.0,76.0,9.0,9129.0,1837.0,68.0,3826.0,0.0,,,0.0,2649.0,13067.0,,3759.0,0.0,4965.0,3838.0,0.0,220.0,6890.0,34453.0,8431.0,,13.0,0.0,0.0,55.0,390.0,0.0,,36313.0,0.0,0.0,13349.0,2982.0,2817.0,2819.0,4617.0,265.0,83.0,1036.0,4053.0,3683.0,0.0,3636.0,42.0,,,9085.0,7226.0,15.0,84.0,0.0,3646.0,3877.0,0.0,0.0,0.0,,1357.0,922.0,0.0,6663.0,,6548.0,4591.0,3968.0,6746.0,535.0,50.0,0.0,5.0,,2752.0,,551.0,4550.0,399.0,2791.0,,0.0,,191.0,0.0,0.0,240.0,1706.0,3203.0,356.0,1958.0,4198.0,1567.0,0.0,7957.0,283.0,12055.0,3145.0,9576.0,0.0,229.0,8158.0,0.0,0.0,49.0,6.0,31.0,0.0,798.0,6252.0,11393.0,11053.0,1470.0,25.0,1341.0,2475.0,26588.0,,0.0,88.0,0.0,0.0,8108.0,3563.0,,544.0,1428.0,8.0,513.0,1121.0,296.0,213.0,0.0,22988.0,2000.0,112.0,439.0,464.0,491.0,18083.0,2220.0,192.0,724.0,4343.0,,0.0,0.0,1902.0,12878.0,132.0,7808.0,7241.0,2789.0,7137.0,0.0,20265.0,37.0,1578.0,995.0,1152.0,3406.0,0.0,0.0,39.0,0.0,,810.0,99.0,0.0,14168.0,206.0,2338.0,4453.0,946.0,362.0,52391.0,0.0,0.0,187.0,0.0,1579.0,1555.0,13533.0,1460.0,606.0,3936.0,0.0,0.0,0.0,0.0,0.0,2232.0,0.0,841.0,3165.0,0.0,382.0,18.0,3400.0,0.0,,4409.0,0.0,57234.0,0.0,704.0,24.0,0.0,10299.0,409.0,3704.0,560.0,0.0,0.0,22010.0,643.0,2839.0,25.0,0.0,0.0,26.0,144.0,0.0,931.0,49158.0,1508.0,1.0,0.0,0.0,0.0,0.0,0.0
2010-47,1634.0,0.0,0.0,278.0,5511.0,,7954.0,3527.0,866.0,0.0,,3899.0,1434.0,11189.0,2499.0,0.0,0.0,0.0,2971.0,634.0,104.0,9269.0,3043.0,997.0,14675.0,0.0,58393.0,,12009.0,0.0,2423.0,156.0,2551.0,5209.0,0.0,,0.0,,0.0,8784.0,24395.0,,0.0,0.0,,4413.0,23.0,8.0,9565.0,1975.0,53.0,4025.0,0.0,,,0.0,2686.0,14139.0,,4066.0,0.0,4962.0,3878.0,0.0,248.0,6676.0,34801.0,8575.0,,22.0,0.0,0.0,38.0,441.0,0.0,,39366.0,0.0,0.0,14043.0,2843.0,2856.0,2815.0,4478.0,277.0,83.0,1090.0,4703.0,4858.0,0.0,2875.0,38.0,3157.0,,10227.0,7948.0,14.0,103.0,0.0,3843.0,3855.0,0.0,0.0,0.0,,1453.0,1075.0,0.0,7468.0,,6571.0,4799.0,4116.0,7490.0,471.0,50.0,0.0,4.0,,2991.0,,527.0,4606.0,412.0,2577.0,,0.0,,252.0,0.0,0.0,232.0,1723.0,3015.0,411.0,2012.0,4408.0,1654.0,0.0,9034.0,283.0,12379.0,3145.0,10623.0,0.0,296.0,8441.0,0.0,0.0,35.0,6.0,22.0,0.0,778.0,5991.0,11869.0,11760.0,926.0,23.0,1384.0,2701.0,29685.0,,0.0,102.0,0.0,0.0,9082.0,3558.0,1026.0,588.0,1520.0,9.0,506.0,1147.0,342.0,211.0,0.0,24835.0,1942.0,150.0,552.0,402.0,548.0,18438.0,2310.0,197.0,672.0,4903.0,,0.0,0.0,2032.0,15852.0,135.0,7215.0,6221.0,2998.0,8625.0,0.0,22696.0,40.0,1690.0,1235.0,1300.0,3766.0,0.0,0.0,45.0,0.0,,826.0,111.0,0.0,14869.0,208.0,2351.0,4398.0,933.0,382.0,55551.0,0.0,0.0,149.0,0.0,1583.0,2200.0,12763.0,1606.0,669.0,3906.0,0.0,0.0,0.0,0.0,0.0,2485.0,0.0,798.0,3211.0,0.0,405.0,43.0,3400.0,0.0,,5156.0,0.0,59263.0,0.0,668.0,43.0,0.0,10454.0,395.0,3766.0,601.0,0.0,0.0,23477.0,697.0,2806.0,40.0,0.0,0.0,19.0,143.0,0.0,914.0,52927.0,1629.0,2.0,0.0,0.0,0.0,0.0,0.0
2010-48,1619.0,0.0,0.0,230.0,5234.0,,6547.0,2909.0,808.0,0.0,,3944.0,1276.0,9737.0,2066.0,0.0,0.0,0.0,2803.0,542.0,112.0,7825.0,2481.0,872.0,12717.0,0.0,49239.0,,10573.0,0.0,1918.0,69.0,2219.0,4940.0,0.0,,0.0,,0.0,5965.0,9612.0,,0.0,0.0,,3701.0,42.0,7.0,8091.0,1713.0,57.0,2975.0,0.0,,,0.0,2239.0,12261.0,,3519.0,0.0,4510.0,3492.0,0.0,164.0,5830.0,31073.0,6991.0,1.0,14.0,0.0,0.0,49.0,435.0,0.0,,32824.0,0.0,0.0,11602.0,2453.0,2353.0,2475.0,4011.0,291.0,79.0,965.0,4848.0,3280.0,0.0,1975.0,33.0,3588.0,,7753.0,5869.0,15.0,79.0,0.0,3469.0,3214.0,0.0,0.0,2.0,,1156.0,850.0,0.0,6270.0,,5358.0,4038.0,3702.0,7075.0,419.0,43.0,0.0,8.0,,2424.0,,508.0,4073.0,360.0,2230.0,,0.0,,186.0,0.0,0.0,181.0,1413.0,2697.0,293.0,1619.0,3563.0,1208.0,0.0,6703.0,259.0,9768.0,3173.0,7979.0,0.0,417.0,7324.0,0.0,0.0,33.0,9.0,34.0,0.0,670.0,5001.0,10855.0,9927.0,674.0,33.0,1147.0,2161.0,19209.0,,0.0,86.0,0.0,0.0,7706.0,2845.0,882.0,550.0,1411.0,3.0,497.0,969.0,303.0,191.0,0.0,20687.0,1623.0,117.0,457.0,416.0,453.0,15578.0,2481.0,179.0,622.0,3971.0,,0.0,0.0,1753.0,9720.0,79.0,6002.0,5332.0,2499.0,7119.0,0.0,17854.0,32.0,1429.0,1428.0,992.0,3377.0,0.0,0.0,51.0,0.0,,613.0,93.0,0.0,13102.0,160.0,2148.0,3623.0,793.0,308.0,51949.0,0.0,0.0,176.0,0.0,1295.0,1403.0,10198.0,1252.0,614.0,3343.0,0.0,0.0,0.0,0.0,0.0,2145.0,0.0,793.0,3119.0,0.0,345.0,10.0,2849.0,0.0,6422.0,4388.0,0.0,51423.0,0.0,586.0,30.0,0.0,9468.0,316.0,3012.0,523.0,0.0,0.0,20496.0,579.0,2449.0,23.0,0.0,0.0,18.0,135.0,0.0,879.0,44051.0,1357.0,3.0,0.0,0.0,0.0,0.0,0.0
2010-49,1980.0,0.0,0.0,275.0,6360.0,,7321.0,3552.0,851.0,0.0,,3832.0,1472.0,11670.0,2227.0,0.0,0.0,0.0,2985.0,585.0,121.0,8695.0,3019.0,965.0,14234.0,0.0,54253.0,,12226.0,0.0,2145.0,76.0,2256.0,6030.0,0.0,,0.0,,0.0,6306.0,9816.0,,0.0,0.0,,4333.0,47.0,6.0,8967.0,1823.0,136.0,3065.0,0.0,,,0.0,2576.0,14836.0,,3995.0,0.0,5115.0,4136.0,0.0,206.0,6631.0,83417.0,8019.0,1.0,17.0,0.0,0.0,39.0,419.0,0.0,,33192.0,0.0,0.0,13144.0,2749.0,2652.0,2907.0,4445.0,346.0,114.0,973.0,4593.0,4413.0,0.0,1833.0,34.0,2979.0,,11204.0,6971.0,16.0,88.0,0.0,4426.0,3408.0,0.0,0.0,0.0,,1372.0,1037.0,0.0,9125.0,,5930.0,4485.0,3921.0,8683.0,508.0,63.0,0.0,8.0,,3065.0,,491.0,4574.0,388.0,2484.0,,0.0,,275.0,0.0,0.0,214.0,1759.0,3188.0,338.0,1804.0,4363.0,1565.0,0.0,8051.0,288.0,11415.0,3286.0,9069.0,0.0,287.0,8341.0,0.0,0.0,49.0,10.0,27.0,0.0,657.0,6042.0,11767.0,10998.0,682.0,25.0,1305.0,2558.0,22933.0,,0.0,100.0,0.0,0.0,9312.0,3625.0,949.0,625.0,1599.0,6.0,486.0,1137.0,309.0,217.0,0.0,22934.0,1743.0,130.0,607.0,467.0,520.0,18887.0,2227.0,300.0,661.0,4100.0,,0.0,0.0,1889.0,10616.0,98.0,7113.0,5916.0,2821.0,8073.0,0.0,23507.0,32.0,1578.0,2099.0,1366.0,3834.0,0.0,0.0,58.0,0.0,,690.0,115.0,0.0,14071.0,209.0,2362.0,4794.0,913.0,394.0,54854.0,0.0,0.0,193.0,0.0,1667.0,1569.0,12217.0,1476.0,619.0,3913.0,0.0,0.0,0.0,0.0,0.0,2476.0,0.0,825.0,3179.0,0.0,393.0,17.0,3485.0,0.0,7640.0,4779.0,0.0,60720.0,0.0,677.0,25.0,0.0,10979.0,353.0,3831.0,627.0,0.0,0.0,23284.0,525.0,2428.0,26.0,0.0,0.0,23.0,133.0,0.0,1021.0,48409.0,1641.0,4.0,0.0,0.0,0.0,0.0,0.0
2010-50,1601.0,0.0,0.0,265.0,6790.0,,6903.0,3273.0,862.0,0.0,,3743.0,1409.0,11783.0,2026.0,0.0,0.0,0.0,2915.0,574.0,93.0,8850.0,2656.0,925.0,13183.0,0.0,49615.0,,10842.0,0.0,2048.0,68.0,2088.0,6252.0,0.0,,0.0,0.0,0.0,6835.0,6380.0,,0.0,0.0,133549.0,4023.0,24.0,11.0,8791.0,1938.0,146.0,2537.0,0.0,,,0.0,2355.0,12987.0,,3513.0,0.0,4538.0,4068.0,0.0,201.0,6299.0,33375.0,6374.0,4.0,24.0,0.0,0.0,63.0,481.0,0.0,,30301.0,0.0,0.0,11295.0,3121.0,2457.0,2471.0,4122.0,334.0,119.0,1050.0,4512.0,3789.0,0.0,1679.0,39.0,2879.0,,8697.0,6381.0,19.0,86.0,0.0,4150.0,3039.0,0.0,0.0,0.0,,1357.0,1055.0,0.0,6916.0,,5472.0,4291.0,3663.0,8848.0,591.0,56.0,0.0,9.0,,2972.0,,473.0,4336.0,406.0,2513.0,0.0,0.0,,247.0,0.0,0.0,227.0,1454.0,3141.0,391.0,1735.0,4164.0,1279.0,0.0,7232.0,263.0,10947.0,2775.0,8909.0,0.0,278.0,8103.0,0.0,0.0,41.0,15.0,23.0,0.0,662.0,5620.0,10804.0,10078.0,722.0,23.0,1235.0,2252.0,19076.0,2500.0,0.0,96.0,0.0,0.0,8129.0,3334.0,1009.0,623.0,1664.0,9.0,550.0,1039.0,296.0,197.0,0.0,23154.0,1584.0,133.0,722.0,423.0,544.0,11817.0,2122.0,240.0,893.0,3948.0,,0.0,0.0,1853.0,10289.0,121.0,6062.0,5941.0,2873.0,7054.0,0.0,19991.0,33.0,1496.0,2672.0,1273.0,3907.0,0.0,0.0,37.0,0.0,,742.0,113.0,0.0,12809.0,182.0,2291.0,4009.0,815.0,461.0,50503.0,0.0,0.0,159.0,0.0,1464.0,1339.0,12309.0,1306.0,608.0,3531.0,0.0,0.0,0.0,0.0,0.0,2279.0,0.0,725.0,3022.0,0.0,382.0,19.0,3005.0,0.0,7634.0,4274.0,0.0,56188.0,0.0,628.0,42.0,0.0,9739.0,376.0,3895.0,578.0,0.0,0.0,21823.0,507.0,2254.0,68.0,0.0,0.0,32.0,193.0,0.0,795.0,46120.0,1557.0,5.0,0.0,0.0,0.0,0.0,0.0
2010-51,1227.0,0.0,0.0,134.0,6056.0,,4933.0,2453.0,507.0,0.0,5857.0,2925.0,1105.0,8377.0,937.0,0.0,0.0,0.0,1973.0,474.0,59.0,6239.0,2270.0,471.0,6060.0,0.0,36717.0,,6508.0,0.0,1364.0,54.0,1540.0,5325.0,0.0,,0.0,0.0,0.0,4351.0,4136.0,,0.0,0.0,94458.0,2549.0,34.0,10.0,7341.0,1083.0,92.0,1118.0,0.0,,,0.0,1852.0,5454.0,,1774.0,0.0,2541.0,3600.0,0.0,111.0,3309.0,21782.0,2825.0,2.0,18.0,0.0,0.0,31.0,257.0,0.0,,19931.0,0.0,0.0,6919.0,2047.0,1334.0,1833.0,2301.0,386.0,97.0,571.0,2974.0,2864.0,0.0,1045.0,17.0,1921.0,,6263.0,4253.0,18.0,76.0,0.0,3924.0,1861.0,0.0,0.0,1.0,,497.0,392.0,0.0,3668.0,,3349.0,2870.0,2019.0,7790.0,550.0,50.0,0.0,7.0,687.0,1883.0,,289.0,3074.0,262.0,2061.0,0.0,0.0,,221.0,0.0,0.0,157.0,1070.0,2446.0,272.0,1177.0,2906.0,674.0,0.0,5574.0,174.0,7489.0,1586.0,5531.0,0.0,229.0,4436.0,0.0,0.0,42.0,18.0,16.0,0.0,547.0,4184.0,9388.0,6030.0,616.0,11.0,746.0,1168.0,12392.0,1394.0,0.0,66.0,0.0,0.0,3645.0,2804.0,767.0,468.0,1909.0,9.0,543.0,737.0,168.0,127.0,0.0,16778.0,763.0,62.0,567.0,334.0,419.0,3938.0,1282.0,238.0,876.0,2236.0,,0.0,0.0,1108.0,7344.0,118.0,3696.0,3763.0,1864.0,2830.0,0.0,9277.0,18.0,875.0,2808.0,959.0,3087.0,0.0,0.0,42.0,0.0,,514.0,89.0,0.0,6459.0,136.0,1704.0,2761.0,642.0,502.0,37723.0,0.0,0.0,129.0,0.0,1477.0,1263.0,8139.0,805.0,559.0,2436.0,0.0,0.0,0.0,0.0,0.0,1137.0,0.0,535.0,2178.0,0.0,315.0,8.0,2056.0,0.0,5290.0,1777.0,0.0,43726.0,0.0,545.0,26.0,0.0,5320.0,247.0,2723.0,381.0,0.0,0.0,12898.0,362.0,1236.0,37.0,0.0,0.0,26.0,111.0,0.0,373.0,30963.0,792.0,1.0,0.0,0.0,0.0,0.0,0.0
2010-52,870.0,0.0,0.0,119.0,5483.0,,3767.0,1691.0,393.0,0.0,4617.0,4117.0,906.0,6955.0,697.0,0.0,0.0,0.0,1539.0,374.0,54.0,4918.0,1926.0,365.0,4022.0,0.0,28039.0,,4307.0,0.0,884.0,46.0,1346.0,4742.0,0.0,,0.0,0.0,0.0,3314.0,3781.0,,0.0,0.0,69697.0,1897.0,19.0,5.0,5861.0,734.0,84.0,628.0,0.0,,,0.0,1491.0,3411.0,,1635.0,0.0,2182.0,2690.0,0.0,62.0,2361.0,17535.0,2063.0,0.0,18.0,0.0,0.0,24.0,149.0,0.0,,16732.0,0.0,0.0,5189.0,1630.0,946.0,1484.0,1556.0,363.0,100.0,436.0,1811.0,1982.0,0.0,839.0,39.0,1543.0,,4450.0,3190.0,17.0,65.0,0.0,3348.0,1325.0,0.0,0.0,0.0,,422.0,232.0,0.0,2805.0,669.0,2416.0,2115.0,1416.0,7205.0,449.0,40.0,0.0,4.0,517.0,1439.0,171.0,244.0,2447.0,182.0,1431.0,0.0,0.0,,134.0,0.0,0.0,101.0,823.0,1882.0,217.0,925.0,2067.0,524.0,0.0,3815.0,120.0,5951.0,1235.0,3820.0,0.0,142.0,3171.0,0.0,0.0,20.0,10.0,13.0,0.0,403.0,3292.0,7747.0,3757.0,461.0,14.0,547.0,825.0,9390.0,911.0,0.0,30.0,0.0,0.0,2456.0,2176.0,645.0,375.0,1133.0,9.0,317.0,666.0,100.0,124.0,0.0,12633.0,632.0,62.0,397.0,294.0,348.0,2881.0,1301.0,173.0,895.0,1818.0,,0.0,0.0,735.0,8149.0,111.0,2505.0,2681.0,1481.0,1753.0,0.0,6560.0,19.0,674.0,2785.0,766.0,2546.0,0.0,0.0,26.0,0.0,,357.0,68.0,0.0,4149.0,78.0,1415.0,2197.0,492.0,439.0,28117.0,0.0,0.0,96.0,0.0,945.0,749.0,6327.0,707.0,457.0,1813.0,0.0,0.0,0.0,0.0,0.0,924.0,0.0,383.0,1534.0,0.0,259.0,12.0,1197.0,0.0,4058.0,1260.0,0.0,34046.0,0.0,404.0,29.0,0.0,3728.0,196.0,2115.0,301.0,0.0,0.0,8537.0,226.0,962.0,12.0,0.0,0.0,7.0,107.0,0.0,253.0,24280.0,751.0,0.0,0.0,0.0,0.0,0.0,0.0
2010-53,783.0,0.0,0.0,70.0,1371.0,,1831.0,798.0,228.0,0.0,2566.0,1171.0,500.0,2198.0,440.0,0.0,0.0,0.0,472.0,162.0,47.0,1910.0,1463.0,167.0,2322.0,0.0,18466.0,,2570.0,0.0,219.0,36.0,435.0,1401.0,0.0,,0.0,0.0,0.0,693.0,988.0,,0.0,0.0,37152.0,736.0,8.0,2.0,2928.0,821.0,25.0,500.0,0.0,,,0.0,599.0,1892.0,,698.0,0.0,984.0,1461.0,0.0,38.0,632.0,6546.0,1123.0,1.0,8.0,0.0,0.0,7.0,112.0,0.0,,10710.0,0.0,0.0,2904.0,594.0,1096.0,557.0,922.0,86.0,43.0,52.0,1291.0,1118.0,0.0,202.0,12.0,964.0,,1836.0,1146.0,7.0,48.0,0.0,1123.0,667.0,0.0,0.0,0.0,,256.0,125.0,0.0,1344.0,247.0,1067.0,948.0,766.0,1942.0,463.0,15.0,0.0,1.0,472.0,585.0,124.0,101.0,1114.0,100.0,712.0,0.0,0.0,,171.0,0.0,0.0,61.0,325.0,983.0,208.0,384.0,1165.0,265.0,0.0,2303.0,67.0,2980.0,739.0,1207.0,0.0,49.0,1283.0,0.0,0.0,9.0,1.0,3.0,0.0,396.0,1487.0,2365.0,1693.0,206.0,10.0,267.0,404.0,5117.0,1212.0,0.0,23.0,0.0,0.0,1404.0,945.0,205.0,172.0,468.0,0.0,136.0,243.0,120.0,52.0,0.0,7061.0,401.0,46.0,302.0,122.0,115.0,2648.0,870.0,1813.0,0.0,806.0,,0.0,0.0,296.0,2956.0,32.0,1345.0,1872.0,561.0,1085.0,0.0,3477.0,14.0,284.0,130.0,455.0,1030.0,0.0,0.0,14.0,0.0,,160.0,58.0,0.0,2402.0,14.0,759.0,1023.0,206.0,1204.0,15661.0,0.0,0.0,67.0,0.0,828.0,382.0,2182.0,361.0,198.0,812.0,0.0,0.0,0.0,0.0,0.0,475.0,0.0,290.0,682.0,0.0,129.0,0.0,775.0,0.0,1525.0,694.0,0.0,18122.0,0.0,212.0,13.0,0.0,2167.0,116.0,712.0,228.0,0.0,0.0,4432.0,86.0,657.0,7.0,0.0,0.0,6.0,30.0,0.0,132.0,14638.0,309.0,0.0,0.0,0.0,0.0,0.0,0.0
